BALANCE,BALANCE_FREQUENCY,PURCHASES,ONEOFF_PURCHASES,INSTALLMENTS_PURCHASES,CASH_ADVANCE,PURCHASES_FREQUENCY,ONEOFF_PURCHASES_FREQUENCY,PURCHASES_INSTALLMENTS_FREQUENCY,CASH_ADVANCE_FREQUENCY,CASH_ADVANCE_TRX,PURCHASES_TRX,CREDIT_LIMIT,PAYMENTS,PRC_FULL_PAYMENT,TENURE
40.900749,0.818182,95.4,0.0,95.4,0.0,0.166667,0.0,0.083333,0.0,0,2,1000.0,201.802084,0.0,12
3202.467416,0.909091,0.0,0.0,0.0,6442.945483,0.0,0.0,0.0,0.25,4,0,7000.0,4103.032597,0.222222,12
2495.148862,1.0,773.17,773.17,0.0,0.0,1.0,1.0,0.0,0.0,0,12,7500.0,622.066742,0.0,12
1666.670542,0.636364,1499.0,1499.0,0.0,205.788017,0.083333,0.083333,0.0,0.083333,1,1,7500.0,0.0,0.0,12
817.714335,1.0,16.0,16.0,0.0,0.0,0.083333,0.083333,0.0,0.0,0,1,1200.0,678.334763,0.0,12
1809.828751,1.0,1333.28,0.0,1333.28,0.0,0.666667,0.0,0.583333,0.0,0,8,1800.0,1400.05777,0.0,12
627.260806,1.0,7091.01,6402.63,688.38,0.0,1.0,1.0,1.0,0.0,0,64,13500.0,6354.314328,1.0,12
1823.652743,1.0,436.2,0.0,436.2,0.0,1.0,0.0,1.0,0.0,0,12,2300.0,679.065082,0.0,12
1014.926473,1.0,861.49,661.49,200.0,0.0,0.333333,0.083333,0.25,0.0,0,5,7000.0,688.278568,0.0,12
152.225975,0.545455,1281.6,1281.6,0.0,0.0,0.166667,0.166667,0.0,0.0,0,3,11000.0,1164.770591,0.0,12
1293.124939,1.0,920.12,0.0,920.12,0.0,1.0,0.0,1.0,0.0,0,12,1200.0,1083.301007,0.0,12
630.794744,0.818182,1492.18,1492.18,0.0,0.0,0.25,0.25,0.0,0.0,0,6,2000.0,705.618627,0.0,12
1516.92862,1.0,3217.99,2500.23,717.76,0.0,1.0,0.25,0.916667,0.0,0,26,3000.0,608.263689,0.25,12
921.693369,1.0,2137.93,419.96,1717.97,0.0,0.75,0.166667,0.75,0.0,0,26,7500.0,1655.891435,0.083333,12
2772.772734,1.0,0.0,0.0,0.0,346.81139,0.0,0.0,0.0,0.083333,1,0,3000.0,805.647974,0.0,12
6886.213231,1.0,1611.7,0.0,1611.7,2301.491267,0.5,0.0,0.5,0.166667,4,11,8000.0,1993.439277,0.0,12
2072.074354,0.875,0.0,0.0,0.0,2784.274703,0.0,0.0,0.0,0.25,3,0,3000.0,391.974562,0.0,8
41.089489,0.454545,519.0,0.0,519.0,0.0,0.416667,0.0,0.333333,0.0,0,8,2500.0,254.590662,0.25,12
1989.072228,1.0,504.35,166.0,338.35,0.0,0.666667,0.083333,0.583333,0.0,0,9,13000.0,1720.837373,0.0,12
3577.970933,1.0,398.64,0.0,398.64,0.0,1.0,0.0,1.0,0.0,0,12,4000.0,1053.980464,0.0,12
2016.684686,1.0,176.68,0.0,176.68,0.0,0.666667,0.0,0.666667,0.0,0,8,2000.0,223.0686,0.0,12
6369.531318,1.0,6359.95,5910.04,449.91,229.028245,1.0,0.916667,1.0,0.333333,6,92,11250.0,2077.959051,0.0,12
132.34224,0.636364,815.9,0.0,815.9,0.0,1.0,0.0,1.0,0.0,0,17,1800.0,2359.629958,0.0,12
3800.151377,0.818182,4248.35,3454.56,793.79,7974.415626,1.0,0.083333,0.916667,0.333333,13,13,9000.0,9479.043842,0.0,12
5368.571219,1.0,0.0,0.0,0.0,798.949863,0.0,0.0,0.0,0.363636,4,0,6000.0,1422.726707,0.0,11
169.781679,1.0,399.6,0.0,399.6,0.0,1.0,0.0,1.0,0.0,0,12,3000.0,215.306142,0.0,12
1615.96724,1.0,102.0,102.0,0.0,244.840485,0.166667,0.166667,0.0,0.25,5,2,1700.0,890.178845,0.0,12
125.694817,1.0,233.28,0.0,233.28,0.0,1.0,0.0,1.0,0.0,0,12,1000.0,207.773715,0.0,12
7152.864372,1.0,387.05,204.55,182.5,2236.145259,0.666667,0.166667,0.416667,0.833333,16,8,10500.0,1601.448347,0.0,12
22.06349,1.0,100.0,0.0,100.0,0.0,0.416667,0.0,0.416667,0.0,0,5,6900.0,160.767773,0.0,12
12136.21996,1.0,3038.01,1013.2,2024.81,3183.583301,1.0,0.166667,1.0,0.5,10,64,13000.0,4230.323491,0.0,12
1162.273324,1.0,1347.71,400.0,947.71,175.815755,1.0,0.083333,1.0,0.166667,2,45,6000.0,645.998299,0.0,12
6732.823064,1.0,324.95,324.95,0.0,1189.533753,0.083333,0.083333,0.0,0.166667,3,3,10500.0,1720.118876,0.0,12
125.660453,1.0,636.79,636.79,0.0,0.0,0.916667,0.916667,0.0,0.0,0,11,1200.0,423.449696,0.3,12
3517.101616,0.727273,547.28,0.0,547.28,0.0,1.0,0.0,1.0,0.0,0,14,11000.0,8735.607835,0.0,12
1656.350781,1.0,0.0,0.0,0.0,99.264367,0.0,0.0,0.0,0.083333,1,0,1800.0,351.500199,0.0,12
7427.076941,1.0,0.0,0.0,0.0,8873.375046,0.0,0.0,0.0,0.727273,11,0,9000.0,1636.361601,0.0,11
4047.480828,1.0,2380.55,1642.17,738.38,1697.660901,0.75,0.5,0.75,0.333333,7,41,5000.0,1617.894416,0.0,12
6269.418144,1.0,204.0,204.0,0.0,2925.699862,0.083333,0.083333,0.0,0.333333,12,2,9000.0,1237.111661,0.0,12
1411.60223,0.454545,963.24,963.24,0.0,6173.682877,0.083333,0.083333,0.0,0.333333,6,6,7500.0,20071.07544,0.333333,12
663.44781,0.727273,0.0,0.0,0.0,3133.063934,0.0,0.0,0.0,0.25,3,0,1800.0,3067.05783,0.166667,12
784.889762,0.909091,1526.59,786.3,740.29,2188.419607,0.583333,0.416667,0.333333,0.25,11,27,3000.0,1262.309666,0.111111,12
4104.710798,1.0,203.82,203.82,0.0,0.0,0.083333,0.083333,0.0,0.0,0,1,4500.0,868.275275,0.0,12
1360.742377,1.0,0.0,0.0,0.0,1481.587093,0.0,0.0,0.0,0.083333,1,0,1500.0,378.294227,0.0,12
5315.945594,1.0,1525.44,469.8,1055.64,0.0,1.0,0.333333,1.0,0.0,0,20,8500.0,1430.341501,0.0,12
2242.311686,1.0,437.0,97.0,340.0,184.648692,0.333333,0.083333,0.333333,0.166667,2,5,2400.0,0.0,0.0,12
474.447149,0.5,109.74,0.0,109.74,1013.659552,0.375,0.0,0.25,0.125,1,3,1700.0,176.013005,0.0,8
3910.111237,1.0,0.0,0.0,0.0,1980.873201,0.0,0.0,0.0,0.5,7,0,4200.0,0.0,0.0,12
229.867179,1.0,2390.6,1402.93,987.67,0.0,1.0,0.666667,1.0,0.0,0,87,3300.0,2543.953559,0.916667,12
863.809833,1.0,507.5,507.5,0.0,695.097159,0.166667,0.166667,0.0,0.083333,2,3,4000.0,587.866451,0.083333,12
4931.331857,1.0,901.42,646.07,255.35,8530.648614,0.625,0.375,0.25,0.875,37,9,12000.0,8113.297346,0.0,8
1078.888565,1.0,3107.85,2221.74,886.11,0.0,0.666667,0.583333,0.5,0.0,0,18,2500.0,1399.82834,0.0,12
1565.681099,1.0,0.0,0.0,0.0,321.359135,0.0,0.0,0.0,0.25,3,0,3500.0,691.825279,0.0,12
464.674156,0.888889,1979.22,1979.22,0.0,1981.265503,0.666667,0.666667,0.0,0.111111,1,11,3000.0,3110.052742,0.2,9
6.660517,0.636364,310.0,0.0,310.0,0.0,0.666667,0.0,0.666667,0.0,0,8,1000.0,417.016763,0.0,12
1311.995984,1.0,1283.9,1283.9,0.0,0.0,0.25,0.25,0.0,0.0,0,6,6000.0,0.0,0.0,12
3625.218146,1.0,313.27,313.27,0.0,668.468743,0.25,0.25,0.0,0.416667,5,4,4000.0,0.0,0.0,12
2386.330629,1.0,5217.62,4789.09,428.53,0.0,0.916667,0.916667,0.5,0.0,0,42,7500.0,5678.729613,0.083333,12
3971.138765,1.0,0.0,0.0,0.0,224.575517,0.0,0.0,0.0,0.181818,3,0,4000.0,764.938728,0.0,11
5493.90406,1.0,229.0,0.0,229.0,970.591332,0.416667,0.0,0.333333,0.333333,4,6,6000.0,2110.557023,0.0,12
1879.114033,0.727273,113.0,113.0,0.0,0.0,0.166667,0.166667,0.0,0.0,0,2,6500.0,3509.686561,0.0,12
1555.793701,1.0,66.2,66.2,0.0,0.0,0.083333,0.083333,0.0,0.0,0,1,1600.0,338.083661,0.0,12
809.582978,0.909091,0.0,0.0,0.0,3819.672466,0.0,0.0,0.0,0.545455,7,0,4150.0,4372.148648,0.090909,11
7.152356,0.090909,840.0,840.0,0.0,0.0,0.083333,0.083333,0.0,0.0,0,1,1600.0,0.0,0.0,12
1923.886805,1.0,1887.64,0.0,1887.64,1605.949371,1.0,0.0,1.0,0.083333,4,61,1850.0,3688.045998,0.083333,12
1758.059987,1.0,412.33,325.21,87.12,0.0,0.583333,0.333333,0.166667,0.0,0,11,1800.0,777.451648,0.0,12
809.847455,0.875,0.0,0.0,0.0,908.423608,0.0,0.0,0.0,0.125,1,0,1500.0,146.074769,0.0,8
1576.305029,1.0,0.0,0.0,0.0,382.908547,0.0,0.0,0.0,0.416667,6,0,2500.0,540.022225,0.0,12
3990.523579,1.0,263.5,190.6,72.9,0.0,0.666667,0.083333,0.583333,0.0,0,8,6000.0,6876.836205,0.083333,12
1699.435486,1.0,1363.69,1363.69,0.0,0.0,0.333333,0.333333,0.0,0.0,0,4,1700.0,1623.816348,0.0,12
5487.683724,1.0,419.1,0.0,419.1,625.399386,0.916667,0.0,0.833333,0.333333,4,11,6250.0,1288.214909,0.0,12
2990.422186,0.909091,4523.27,1664.09,2859.18,27296.48576,0.666667,0.5,0.583333,0.833333,27,33,7000.0,28232.69446,0.454545,12
656.01301,1.0,0.0,0.0,0.0,1474.349901,0.0,0.0,0.0,0.125,3,0,7000.0,910.457985,0.25,8
1808.972419,1.0,713.9,503.08,210.82,0.0,0.5,0.1,0.4,0.0,0,8,2250.0,889.017418,0.0,10
532.334517,0.909091,791.94,516.64,275.3,0.0,0.272727,0.090909,0.181818,0.0,0,7,6000.0,1305.177304,0.0,11
5860.433624,1.0,561.87,249.5,312.37,0.0,0.833333,0.166667,0.75,0.0,0,14,6000.0,1990.044998,0.0,12
1727.638449,1.0,606.11,606.11,0.0,0.0,1.0,1.0,0.0,0.0,0,17,11000.0,2959.920544,0.0,12
578.809679,1.0,320.0,0.0,320.0,0.0,0.75,0.0,0.666667,0.0,0,8,1500.0,1438.910569,0.0,12
1205.716678,1.0,0.0,0.0,0.0,38.325801,0.0,0.0,0.0,0.083333,1,0,1200.0,29.278671,0.0,12
6593.820644,1.0,388.66,388.66,0.0,4621.93458,0.583333,0.583333,0.0,0.416667,7,7,7000.0,1624.583114,0.0,12
17.357563,0.909091,244.85,40.21,204.64,0.0,0.666667,0.166667,0.583333,0.0,0,13,5000.0,357.802082,0.181818,12
81.584711,0.272727,0.0,0.0,0.0,2985.300006,0.0,0.0,0.0,0.166667,5,0,9500.0,116.569033,0.0,12
3.78631,0.636364,133.05,28.2,104.85,0.0,0.416667,0.166667,0.25,0.0,0,5,12000.0,210.053432,0.444444,12
42.46443,0.545455,396.0,0.0,396.0,0.0,0.5,0.0,0.416667,0.0,0,12,1200.0,725.606194,1.0,12
1935.362486,1.0,4915.6,4515.34,400.26,293.844792,1.0,1.0,0.333333,0.083333,1,50,9000.0,4921.066897,0.0,12
134.917202,1.0,1247.8,1247.8,0.0,0.0,1.0,1.0,0.0,0.0,0,22,16500.0,1275.229436,1.0,12
7069.950386,1.0,1603.78,1445.14,158.64,5626.004046,1.0,0.833333,1.0,0.75,23,23,11000.0,4589.873897,0.0,12
8181.251131,1.0,2258.01,1318.78,939.23,5251.228934,1.0,0.75,1.0,0.75,21,60,13500.0,3021.575846,0.0,12
4037.305658,1.0,45.0,45.0,0.0,104.238064,0.083333,0.083333,0.0,0.083333,1,1,4500.0,1073.844885,0.0,12
6110.265264,1.0,0.0,0.0,0.0,2717.253917,0.0,0.0,0.0,0.416667,14,0,6500.0,1502.205631,0.0,12
9381.255094,1.0,5100.07,1147.83,3952.24,370.737197,1.0,0.25,0.916667,0.083333,1,46,9000.0,6409.496345,0.0,12
1977.00709,1.0,1032.04,226.9,805.14,4335.919227,0.909091,0.090909,0.818182,0.545455,21,17,4000.0,3056.424974,0.090909,11
1321.47608,1.0,45.65,45.65,0.0,495.657934,0.083333,0.083333,0.0,0.083333,1,1,1800.0,440.840439,0.0,12
1307.717841,1.0,405.6,405.6,0.0,0.0,0.166667,0.166667,0.0,0.0,0,2,2400.0,0.0,0.0,12
2329.485768,1.0,213.34,213.34,0.0,0.0,0.25,0.25,0.0,0.0,0,3,2400.0,0.0,0.0,12
1139.782882,1.0,0.0,0.0,0.0,120.612912,0.0,0.0,0.0,0.083333,1,0,1200.0,151.823651,0.0,12
1619.955708,1.0,739.44,739.44,0.0,0.0,0.666667,0.666667,0.0,0.0,0,11,6000.0,417.128532,0.0,12
3505.671311,1.0,0.0,0.0,0.0,1713.984305,0.0,0.0,0.0,0.5,6,0,4000.0,0.0,0.0,12
4.708041,0.363636,79.0,0.0,79.0,0.0,0.25,0.0,0.166667,0.0,0,3,7000.0,217.820198,1.0,12
0.0,0.0,0.0,0.0,0.0,89.849004,0.0,0.0,0.0,0.142857,1,0,3000.0,138.021428,0.0,7
4.875885,0.666667,20.0,20.0,0.0,0.0,0.111111,0.111111,0.0,0.0,0,1,1500.0,26.487919,0.0,9
23.394411,0.272727,1346.28,0.0,1346.28,0.0,1.0,0.0,1.0,0.0,0,12,2000.0,712.149153,0.0,12
3539.801912,1.0,2823.8,1540.41,1283.39,0.0,0.916667,0.916667,0.833333,0.0,0,75,5700.0,9172.788366,0.083333,12
0.62424,0.090909,389.96,0.0,389.96,0.0,1.0,0.0,1.0,0.0,0,31,4500.0,0.0,0.0,12
862.07238,1.0,0.0,0.0,0.0,920.309805,0.0,0.0,0.0,0.083333,1,0,4000.0,2236.890255,0.083333,12
2441.542991,1.0,808.0,808.0,0.0,959.857263,0.25,0.25,0.0,0.333333,6,4,4000.0,532.741699,0.0,12
408.656365,1.0,941.64,0.0,941.64,0.0,1.0,0.0,1.0,0.0,0,12,2500.0,1097.78942,0.083333,12
4986.400804,1.0,0.0,0.0,0.0,5439.467563,0.0,0.0,0.0,0.583333,40,0,8000.0,1241.538024,0.0,12
1246.624558,1.0,423.7,177.64,246.06,412.399058,0.666667,0.166667,0.5,0.083333,2,10,2000.0,577.050373,0.0,12
6644.201651,1.0,4478.75,2721.59,1757.16,7205.520805,1.0,0.916667,1.0,0.583333,21,64,9000.0,10857.94321,0.083333,12
156.216753,0.818182,1354.86,585.63,769.23,0.0,0.916667,0.333333,0.833333,0.0,0,34,5500.0,858.976682,0.0,12
3393.351236,1.0,0.0,0.0,0.0,1008.348672,0.0,0.0,0.0,0.083333,2,0,4200.0,0.0,0.0,12
5322.994094,1.0,2812.2,857.12,1955.08,2510.352951,1.0,0.25,1.0,0.333333,8,81,8500.0,1509.423237,0.0,12
6458.56209,1.0,0.0,0.0,0.0,3360.228794,0.0,0.0,0.0,0.25,11,0,7000.0,1277.76778,0.0,12
175.341651,0.818182,1508.9,1252.36,256.54,0.0,0.666667,0.416667,0.333333,0.0,0,14,5000.0,1884.227778,1.0,12
680.195157,1.0,1045.57,667.95,377.62,0.0,1.0,0.583333,1.0,0.0,0,25,3000.0,552.432305,0.0,12
223.763616,0.636364,2309.78,0.0,2309.78,0.0,0.583333,0.0,0.5,0.0,0,12,6500.0,1206.81188,0.333333,12
1785.626943,1.0,0.0,0.0,0.0,576.206382,0.0,0.0,0.0,0.25,10,0,1800.0,687.691735,0.0,12
54.933231,0.272727,495.0,0.0,495.0,0.0,0.166667,0.0,0.166667,0.0,0,2,7000.0,1969.845566,1.0,12
2662.629852,1.0,0.0,0.0,0.0,509.023801,0.0,0.0,0.0,0.333333,4,0,3000.0,932.418855,0.0,12
8504.876253,1.0,6724.26,4100.08,2624.18,1686.599777,1.0,0.916667,1.0,0.5,10,85,17000.0,1888.756861,0.0,12
1464.324632,1.0,1174.39,1174.39,0.0,0.0,0.25,0.25,0.0,0.0,0,8,9000.0,0.0,0.0,12
2114.158683,1.0,5580.85,0.0,5580.85,0.0,1.0,0.0,1.0,0.0,0,75,8500.0,3564.977774,0.0,12
2876.396444,1.0,0.0,0.0,0.0,998.84867,0.0,0.0,0.0,0.166667,2,0,3200.0,1065.426905,0.0,12
14224.11541,1.0,0.0,0.0,0.0,4614.427403,0.0,0.0,0.0,0.333333,9,0,19000.0,3066.614272,0.0,12
2392.917738,1.0,12462.44,12462.44,0.0,0.0,0.916667,0.916667,0.0,0.0,0,217,2800.0,11628.71557,0.0,12
57.453201,0.75,0.0,0.0,0.0,272.713302,0.0,0.0,0.0,0.125,1,0,1200.0,385.853874,0.166667,8
4245.855092,1.0,1957.3,1077.3,880.0,0.0,0.833333,0.166667,0.583333,0.0,0,19,5000.0,1004.35474,0.0,12
11167.23403,1.0,150.64,150.64,0.0,8362.154254,0.083333,0.083333,0.0,0.5,14,1,17000.0,2606.059389,0.0,12
69.405545,0.090909,0.0,0.0,0.0,2799.714934,0.0,0.0,0.0,0.083333,3,0,13000.0,0.0,0.0,12
116.654149,0.272727,907.0,907.0,0.0,273.558033,0.25,0.25,0.0,0.083333,1,8,5000.0,0.0,0.0,12
4637.848144,1.0,1271.12,351.54,919.58,0.0,0.833333,0.25,0.833333,0.0,0,33,5000.0,1906.032044,0.0,12
24.28497,0.636364,250.6,0.0,250.6,0.0,0.583333,0.0,0.5,0.0,0,7,3000.0,319.762903,0.0,12
9354.06045,1.0,796.33,796.33,0.0,13748.47131,0.083333,0.083333,0.0,0.666667,16,1,13000.0,10664.65866,0.083333,12
231.108995,1.0,440.0,0.0,440.0,0.0,0.916667,0.0,0.916667,0.0,0,22,4000.0,554.116542,0.0,12
1562.633343,1.0,1330.62,1169.63,160.99,0.0,0.5,0.166667,0.25,0.0,0,8,2000.0,1020.783647,0.0,12
2494.868559,1.0,5491.79,1390.5,4101.29,0.0,1.0,0.5,1.0,0.0,0,52,17000.0,1015.311953,0.0,12
706.132889,1.0,897.86,714.52,183.34,586.268966,0.916667,0.333333,0.916667,0.25,3,18,1200.0,972.358048,0.0,12
19043.13856,1.0,22009.92,9449.07,12560.85,0.0,1.0,0.75,1.0,0.0,0,216,18000.0,23018.57583,0.0,12
2235.103331,1.0,720.6,720.6,0.0,723.308724,1.0,1.0,0.0,0.083333,1,12,2500.0,1061.292471,0.0,12
947.13081,1.0,197.06,148.66,48.4,0.0,0.333333,0.25,0.166667,0.0,0,5,1000.0,492.200419,0.0,12
764.042156,0.818182,0.0,0.0,0.0,1307.102516,0.0,0.0,0.0,0.166667,3,0,7500.0,1566.806897,0.0,12
5347.814547,1.0,0.0,0.0,0.0,4002.353384,0.0,0.0,0.0,0.5,9,0,7000.0,0.0,0.0,12
10598.46777,1.0,2084.48,1300.48,784.0,0.0,0.666667,0.416667,0.583333,0.0,0,13,21500.0,3219.621433,0.0,12
2163.678757,1.0,5779.36,3436.53,2342.83,0.0,1.0,1.0,1.0,0.0,0,97,6500.0,4416.41268,0.0,12
3057.400553,1.0,1025.0,1025.0,0.0,0.0,0.083333,0.083333,0.0,0.0,0,2,7500.0,698.854095,0.0,12
19.354559,0.909091,689.7,0.0,689.7,0.0,0.833333,0.0,0.833333,0.0,0,10,10000.0,746.691026,0.0,12
264.811595,1.0,28.65,28.65,0.0,384.26178,0.083333,0.083333,0.0,0.083333,1,1,9000.0,1235.630069,0.083333,12
1108.22253,0.909091,944.96,164.96,780.0,0.0,0.5,0.25,0.416667,0.0,0,9,1500.0,1955.198953,0.0,12
906.573724,1.0,1039.2,80.0,959.2,103.102091,0.833333,0.083333,0.833333,0.083333,1,11,13500.0,1855.235407,0.083333,12
7679.62904,1.0,4059.93,0.0,4059.93,555.469352,0.583333,0.0,0.5,0.166667,7,14,7000.0,3685.61062,0.0,12
1523.911458,1.0,4075.37,3322.28,753.09,0.0,1.0,1.0,1.0,0.0,0,31,6500.0,2254.26002,0.0,12
49.206256,1.0,870.24,0.0,870.24,0.0,1.0,0.0,1.0,0.0,0,24,8000.0,835.839952,1.0,12
13673.07961,1.0,9792.23,3959.81,5832.42,2444.445738,1.0,0.75,1.0,0.75,26,216,20000.0,11717.30794,0.0,12
106.455975,0.636364,2463.12,789.53,1673.59,0.0,1.0,0.5,1.0,0.0,0,46,4000.0,2573.722764,0.636364,12
119.760904,0.363636,1859.34,0.0,1859.34,0.0,0.333333,0.0,0.25,0.0,0,4,20000.0,3104.275623,0.25,12
5837.105453,1.0,3488.49,3262.25,226.24,3303.1523,1.0,1.0,0.5,0.75,15,46,7900.0,0.0,0.0,12
1734.510004,1.0,0.0,0.0,0.0,66.275851,0.0,0.0,0.0,0.166667,2,0,1800.0,363.474455,0.0,12
2765.748281,1.0,7283.31,5087.31,2196.0,0.0,1.0,1.0,0.666667,0.0,0,77,11000.0,14373.3929,0.25,12
1046.37041,1.0,295.0,295.0,0.0,93.579809,0.083333,0.083333,0.0,0.083333,1,2,1200.0,439.407082,0.0,12
2737.367678,1.0,0.0,0.0,0.0,429.691164,0.0,0.0,0.0,0.416667,5,0,3000.0,778.827993,0.0,12
4014.818167,1.0,0.0,0.0,0.0,988.356213,0.0,0.0,0.0,0.083333,1,0,8500.0,1009.185035,0.0,12
871.568977,1.0,648.22,115.0,533.22,0.0,1.0,0.083333,1.0,0.0,0,27,1200.0,1110.886425,0.0,12
1610.040203,1.0,557.19,525.64,31.55,0.0,0.25,0.083333,0.166667,0.0,0,5,4000.0,422.711848,0.0,12
114.593817,1.0,469.98,0.0,469.98,0.0,1.0,0.0,0.833333,0.0,0,6,1000.0,367.109312,0.5,6
5800.587339,1.0,0.0,0.0,0.0,369.950794,0.0,0.0,0.0,0.083333,1,0,6500.0,1346.365584,0.0,12
823.103926,0.363636,131.64,0.0,131.64,0.0,1.0,0.0,1.0,0.0,0,12,8000.0,2916.071564,0.0,12
595.677343,1.0,5078.14,4330.53,747.61,1424.442602,0.916667,0.666667,0.75,0.083333,1,42,15000.0,4756.654374,0.916667,12
1128.124563,1.0,924.6,0.0,924.6,0.0,1.0,0.0,1.0,0.0,0,12,1000.0,1202.711782,0.0,12
349.441102,1.0,1975.4,1393.5,581.9,0.0,0.666667,0.416667,0.333333,0.0,0,17,4000.0,1795.012223,0.0,12
840.804076,0.666667,0.0,0.0,0.0,3671.777443,0.0,0.0,0.0,0.222222,5,0,4000.0,3621.266477,0.0,9
975.942008,1.0,10221.35,7141.38,3079.97,1620.685551,1.0,1.0,0.833333,0.583333,18,130,10500.0,10693.49585,0.75,12
23.111088,0.363636,300.0,0.0,300.0,0.0,0.25,0.0,0.166667,0.0,0,3,12500.0,291.948834,0.181818,12
2187.732265,0.857143,0.0,0.0,0.0,3905.326256,0.0,0.0,0.0,0.285714,9,0,3000.0,1423.788603,0.2,7
11972.01104,1.0,5715.0,4685.54,1029.46,1626.351366,1.0,1.0,1.0,0.166667,3,90,14000.0,4639.513745,0.0,12
1608.451822,1.0,0.0,0.0,0.0,205.737165,0.0,0.0,0.0,0.166667,2,0,1800.0,470.565984,0.0,12
1872.926275,1.0,766.61,766.61,0.0,1017.120578,0.833333,0.833333,0.0,0.25,5,12,2300.0,0.0,0.0,12
2933.240476,1.0,0.0,0.0,0.0,2040.433925,0.0,0.0,0.0,0.583333,13,0,3000.0,2431.578544,0.0,12
336.799916,1.0,3535.8,1614.7,1921.1,0.0,1.0,0.416667,0.916667,0.0,0,44,20000.0,2814.231227,1.0,12
36.236312,0.454545,256.11,0.0,256.11,0.0,0.416667,0.0,0.416667,0.0,0,5,5300.0,831.375322,0.166667,12
903.29781,1.0,2697.48,150.5,2546.98,0.0,1.0,0.333333,1.0,0.0,0,39,2500.0,1686.196344,0.0,12
0.0,0.0,23.0,0.0,23.0,0.0,0.083333,0.0,0.083333,0.0,0,1,5000.0,0.0,0.0,12
2881.253586,1.0,117.0,0.0,117.0,17661.49486,0.25,0.0,0.166667,0.75,28,3,4500.0,17301.83238,0.166667,12
5.465999,0.090909,196.81,173.0,23.81,0.0,0.083333,0.083333,0.083333,0.0,0,3,12000.0,0.0,0.0,12
117.442684,1.0,653.73,493.0,160.73,0.0,0.666667,0.416667,0.416667,0.0,0,15,10000.0,441.588141,0.0,12
168.522709,0.818182,2009.05,0.0,2009.05,0.0,0.833333,0.0,0.75,0.0,0,22,1200.0,2612.760497,0.142857,12
1706.014379,1.0,147.78,0.0,147.78,1657.090283,0.166667,0.0,0.166667,0.25,4,2,6000.0,1186.062765,0.0,12
874.583247,1.0,516.54,159.07,357.47,0.0,1.0,0.333333,0.916667,0.0,0,30,900.0,579.749308,0.0,12
861.001207,1.0,969.56,969.56,0.0,446.233197,0.416667,0.416667,0.0,0.083333,1,6,2400.0,0.0,0.0,12
966.251742,1.0,311.45,311.45,0.0,955.959749,0.333333,0.333333,0.0,0.083333,1,15,1500.0,277.522439,0.0,12
38.615644,0.727273,280.4,280.4,0.0,0.0,0.25,0.25,0.0,0.0,0,3,6150.0,254.392984,0.090909,12
189.687964,1.0,66.14,66.14,0.0,0.0,0.083333,0.083333,0.0,0.0,0,2,6000.0,0.0,0.0,12
40.417255,0.363636,79.2,79.2,0.0,1631.576375,0.083333,0.083333,0.0,0.083333,1,1,4000.0,1647.880773,0.083333,12
5462.897068,1.0,1453.32,0.0,1453.32,0.0,0.5,0.0,0.5,0.0,0,18,16500.0,1382.269127,0.0,12
3983.923705,1.0,756.54,756.54,0.0,0.0,0.5,0.5,0.0,0.0,0,15,4000.0,1110.870941,0.0,12
5588.846272,1.0,3507.35,603.75,2903.6,0.0,0.916667,0.166667,0.833333,0.0,0,34,11500.0,1412.597253,0.0,12
281.170378,0.818182,3163.69,56.8,3106.89,0.0,0.75,0.083333,0.666667,0.0,0,36,8000.0,2422.911622,0.888889,12
130.251538,0.909091,1343.19,1082.79,260.4,0.0,1.0,1.0,0.583333,0.0,0,33,15000.0,1043.55929,0.545455,12
1973.814964,1.0,873.0,873.0,0.0,0.0,0.166667,0.166667,0.0,0.0,0,5,8000.0,541.722532,0.0,12
5698.539876,1.0,47.55,0.0,47.55,2039.52804,0.166667,0.0,0.166667,0.75,14,2,6000.0,2976.579866,0.0,12
43.103899,0.454545,370.0,370.0,0.0,0.0,0.166667,0.166667,0.0,0.0,0,2,23000.0,1212.054219,0.0,12
566.546048,0.909091,405.75,313.75,92.0,1044.651618,0.5,0.166667,0.416667,0.333333,6,12,2000.0,1249.835142,0.0,12
24.527253,0.909091,261.64,0.0,261.64,0.0,0.833333,0.0,0.833333,0.0,0,10,4000.0,376.758504,0.818182,12
8350.145568,1.0,1989.28,842.8,1146.48,893.757903,0.333333,0.166667,0.166667,0.083333,2,8,14000.0,4720.900413,0.0,12
4559.779234,1.0,10848.5,8208.0,2640.5,0.0,1.0,0.666667,1.0,0.0,0,123,7500.0,9423.715495,0.0,12
2.67713,0.090909,43.39,0.0,43.39,0.0,0.083333,0.0,0.083333,0.0,0,1,4000.0,130.107234,0.090909,12
1570.682346,1.0,645.32,645.32,0.0,1665.331678,0.166667,0.166667,0.0,0.416667,9,2,1800.0,2591.391006,0.0,12
7201.736985,1.0,987.1,862.1,125.0,5468.620604,0.333333,0.333333,0.083333,0.25,16,9,10500.0,1941.541158,0.0,12
6467.885013,1.0,1464.14,978.71,485.43,3947.86784,0.833333,0.583333,0.666667,0.416667,10,23,11500.0,1658.563509,0.0,12
64.080909,0.454545,927.0,600.0,327.0,0.0,0.25,0.083333,0.166667,0.0,0,4,5000.0,1260.16384,0.222222,12
5635.860679,1.0,393.62,153.72,239.9,5933.467329,0.916667,0.916667,0.166667,0.75,24,15,10000.0,1919.630466,0.0,12
3670.50596,1.0,965.5,876.13,89.37,0.0,0.5,0.5,0.083333,0.0,0,9,7500.0,1034.932404,0.0,12
2458.376257,0.818182,0.0,0.0,0.0,102.275984,0.0,0.0,0.0,0.083333,1,0,7500.0,4543.63481,0.0,12
768.004936,1.0,336.41,336.41,0.0,0.0,0.75,0.75,0.0,0.0,0,9,6000.0,947.696134,0.0,12
75.647479,0.727273,540.0,0.0,540.0,0.0,0.25,0.0,0.166667,0.0,0,3,4000.0,548.967281,0.0,12
2.433254,0.181818,36.0,0.0,36.0,0.0,0.166667,0.0,0.083333,0.0,0,2,7500.0,0.0,0.0,12
1121.730896,1.0,878.52,103.1,775.42,197.648111,1.0,0.166667,0.916667,0.083333,1,39,1500.0,542.836917,0.0,12
7.56809,0.545455,144.26,67.08,77.18,0.0,0.333333,0.083333,0.166667,0.0,0,7,11500.0,134.710832,0.111111,12
2053.441598,1.0,493.85,441.35,52.5,1738.33378,0.5,0.333333,0.25,0.833333,16,10,2000.0,2795.059574,0.0,12
2422.311938,1.0,4490.69,3456.25,1034.44,188.783221,1.0,0.916667,1.0,0.083333,1,52,8500.0,5763.666926,0.0,12
9047.621884,1.0,11188.62,6099.16,5089.46,0.0,1.0,0.75,1.0,0.0,0,151,10000.0,11994.41815,0.0,12
3061.213971,1.0,1829.2,1792.7,36.5,0.0,1.0,1.0,0.083333,0.0,0,17,7000.0,971.234118,0.0,12
41.642389,0.857143,75.99,75.99,0.0,0.0,0.142857,0.142857,0.0,0.0,0,1,2700.0,69.163384,0.0,7
5431.622968,1.0,1824.16,1598.56,225.6,0.0,1.0,0.916667,0.75,0.0,0,23,14500.0,1508.016452,0.0,12
6571.484039,1.0,9325.22,9325.22,0.0,0.0,0.333333,0.333333,0.0,0.0,0,5,8500.0,11036.72668,0.0,12
28.461629,1.0,100.0,100.0,0.0,0.0,0.083333,0.083333,0.0,0.0,0,1,4000.0,125.769169,0.0,12
4178.625215,1.0,1431.89,430.69,1001.2,0.0,1.0,0.416667,0.833333,0.0,0,39,4000.0,2384.542045,0.0,12
3019.019487,1.0,2260.41,1356.33,904.08,0.0,0.833333,0.416667,0.75,0.0,0,25,8500.0,2187.930651,0.0,12
1.045584,0.333333,0.0,0.0,0.0,466.643895,0.0,0.0,0.0,0.111111,1,0,1200.0,1068.581252,0.5,9
2723.369217,0.909091,10410.49,1158.84,9251.65,0.0,0.75,0.666667,0.583333,0.0,0,41,19500.0,9695.650901,0.363636,12
1070.999446,1.0,990.7,482.0,508.7,0.0,0.75,0.25,0.583333,0.0,0,13,1400.0,505.317328,0.0,12
279.608696,1.0,3034.92,0.0,3034.92,0.0,1.0,0.0,1.0,0.0,0,12,2900.0,2928.909865,0.083333,12
1255.901821,1.0,1038.81,1038.81,0.0,1092.634704,0.916667,0.916667,0.0,0.083333,1,21,5700.0,1215.454299,0.0,12
2229.857287,1.0,45.65,45.65,0.0,0.0,0.083333,0.083333,0.0,0.0,0,1,2500.0,542.7463,0.0,12
2363.489077,1.0,2641.98,1386.3,1255.68,263.884743,0.833333,0.666667,0.75,0.083333,1,41,3000.0,1839.928884,0.0,12
4014.388265,1.0,1189.52,1189.52,0.0,0.0,1.0,1.0,0.0,0.0,0,12,8000.0,0.0,0.0,12
7623.224897,1.0,300.0,0.0,300.0,2800.728343,0.5,0.0,0.416667,0.25,3,6,12000.0,1975.974183,0.0,12
3421.571922,1.0,126.69,42.88,83.81,154.341344,0.333333,0.083333,0.25,0.083333,1,5,10500.0,2515.435738,0.0,12
48.898611,0.545455,247.09,0.0,247.09,182.357669,0.5,0.0,0.416667,0.166667,3,7,5500.0,409.594792,0.0,12
1874.716289,1.0,301.1,83.0,218.1,0.0,0.583333,0.166667,0.333333,0.0,0,10,1950.0,586.974046,0.0,12
3215.511032,0.818182,1112.2,1112.2,0.0,7616.064965,0.25,0.25,0.0,0.25,4,4,7200.0,0.0,0.0,12
237.235398,0.636364,2410.07,1670.5,739.57,0.0,0.5,0.083333,0.333333,0.0,0,15,4000.0,3773.727455,1.0,12
1272.927288,1.0,5350.19,4783.34,566.85,0.0,1.0,1.0,0.916667,0.0,0,101,8000.0,5825.602115,0.166667,12
558.476701,1.0,630.03,630.03,0.0,0.0,0.090909,0.090909,0.0,0.0,0,1,5500.0,426.092563,0.0,11
2814.207626,1.0,3197.24,2080.02,1117.22,0.0,1.0,0.666667,1.0,0.0,0,49,3000.0,3574.480603,0.0,12
8.061012,0.363636,133.0,0.0,133.0,0.0,0.25,0.0,0.166667,0.0,0,3,3000.0,130.61272,0.181818,12
435.862142,1.0,1646.16,1023.42,622.74,0.0,1.0,0.583333,0.75,0.0,0,33,12000.0,1055.835407,0.0,12
6.390383,1.0,79.66,0.0,79.66,0.0,1.0,0.0,1.0,0.0,0,12,1500.0,75.896288,0.0,12
9612.21512,1.0,319.92,0.0,319.92,13439.5704,1.0,0.0,1.0,0.416667,12,12,12000.0,10993.89211,0.0,12
7938.559134,1.0,3677.52,3543.73,133.79,0.0,1.0,1.0,0.5,0.0,0,98,12500.0,2657.856602,0.0,12
2344.478291,1.0,1041.63,1041.63,0.0,4003.968939,0.25,0.25,0.0,0.333333,6,14,4000.0,3033.665478,0.0,12
996.48222,1.0,675.96,0.0,675.96,0.0,1.0,0.0,1.0,0.0,0,12,1000.0,1851.602411,0.083333,12
19.508047,1.0,193.14,0.0,193.14,0.0,0.416667,0.0,0.416667,0.0,0,5,2000.0,220.46377,0.25,12
185.640313,1.0,1703.23,1703.23,0.0,0.0,1.0,1.0,0.0,0.0,0,13,11500.0,1449.039414,1.0,12
5335.302925,1.0,0.0,0.0,0.0,468.958688,0.0,0.0,0.0,0.166667,2,0,6000.0,1350.318606,0.0,12
22.189283,0.363636,234.16,0.0,234.16,0.0,0.363636,0.0,0.272727,0.0,0,4,1500.0,479.910499,0.5,11
5.871769,0.818182,29.68,29.68,0.0,0.0,0.083333,0.083333,0.0,0.0,0,1,10000.0,76.943584,0.0,12
1049.496471,1.0,1322.67,1096.71,225.96,774.260436,0.833333,0.75,0.416667,0.25,6,28,11000.0,802.38543,0.0,12
5570.190127,1.0,1607.88,0.0,1607.88,0.0,1.0,0.0,1.0,0.0,0,84,13500.0,1583.411686,0.0,12
1668.591831,1.0,0.0,0.0,0.0,1716.941235,0.0,0.0,0.0,0.166667,5,0,1800.0,2166.981163,0.083333,12
2224.590946,0.818182,3183.0,3183.0,0.0,0.0,0.166667,0.166667,0.0,0.0,0,2,9000.0,3823.346244,0.0,12
2903.781184,1.0,3014.23,1340.34,1673.89,103.610197,1.0,0.833333,1.0,0.083333,1,93,4500.0,1350.370286,0.0,12
2041.480046,1.0,7323.38,4944.88,2378.5,191.331735,1.0,0.833333,0.75,0.083333,1,81,3000.0,3792.095079,0.083333,12
7755.698607,1.0,8533.54,4072.76,4460.78,7540.30735,1.0,0.5,0.833333,0.5,12,72,10000.0,4758.209146,0.0,6
614.263149,0.727273,408.93,74.8,334.13,0.0,0.5,0.083333,0.5,0.0,0,10,9000.0,2161.153147,0.0,12
8097.334733,1.0,3999.92,200.0,3799.92,0.0,1.0,0.083333,1.0,0.0,0,14,7500.0,5624.074339,0.0,12
1082.33027,1.0,2980.46,657.78,2322.68,0.0,1.0,0.5,1.0,0.0,0,50,6000.0,1116.967993,0.0,12
2734.66412,1.0,560.73,560.73,0.0,0.0,0.916667,0.916667,0.0,0.0,0,11,7500.0,717.798364,0.0,12
80.708806,1.0,569.9,569.9,0.0,0.0,0.166667,0.166667,0.0,0.0,0,3,9500.0,634.000055,0.083333,12
2554.525229,1.0,6186.77,6099.08,87.69,1898.690655,0.916667,0.75,0.25,0.083333,1,38,10950.0,11198.92613,0.083333,12
535.947221,1.0,4550.81,3016.98,1533.83,438.469118,1.0,0.916667,1.0,0.083333,1,99,8500.0,4317.191232,0.916667,12
3905.365959,1.0,150.8,150.8,0.0,1659.19931,0.166667,0.166667,0.0,0.416667,5,2,7500.0,990.524408,0.0,12
156.278339,1.0,1385.1,1005.1,380.0,0.0,1.0,0.5,0.75,0.0,0,21,14000.0,1280.473571,0.833333,12
5131.319584,1.0,32539.78,26547.43,5992.35,0.0,1.0,1.0,1.0,0.0,0,98,11500.0,26652.34432,0.083333,12
5265.763713,1.0,410.24,44.71,365.53,15452.97758,0.916667,0.083333,0.916667,0.333333,13,21,16500.0,12005.3074,0.083333,12
2.564117,0.181818,47.95,47.95,0.0,0.0,0.083333,0.083333,0.0,0.0,0,1,1500.0,294.507498,0.0,12
1873.084577,1.0,126.57,126.57,0.0,181.139378,0.25,0.25,0.0,0.083333,1,4,2100.0,483.557464,0.0,12
32.124999,0.272727,380.89,380.89,0.0,0.0,0.083333,0.083333,0.0,0.0,0,1,5700.0,0.0,0.0,12
1473.495809,1.0,414.0,0.0,414.0,0.0,0.75,0.0,0.666667,0.0,0,9,10500.0,5863.94034,0.5,12
1504.82705,1.0,2010.0,630.0,1380.0,1189.292764,1.0,0.166667,1.0,0.083333,1,14,8500.0,859.829946,0.0,12
7645.108427,1.0,4693.15,4332.65,360.5,0.0,0.5,0.416667,0.333333,0.0,0,12,13500.0,4786.64868,0.0,12
1129.33758,1.0,498.96,0.0,498.96,72.259355,1.0,0.0,1.0,0.083333,1,12,1000.0,829.505486,0.0,12
668.956687,1.0,224.2,148.12,76.08,0.0,0.583333,0.083333,0.416667,0.0,0,9,9500.0,568.336995,0.0,12
2302.184366,1.0,2856.57,922.84,1933.73,0.0,1.0,0.25,1.0,0.0,0,62,2500.0,2914.419813,0.0,12
272.711518,0.818182,0.0,0.0,0.0,682.156051,0.0,0.0,0.0,0.083333,2,0,3000.0,2755.877257,0.181818,12
4246.430225,1.0,0.0,0.0,0.0,9270.408108,0.0,0.0,0.0,0.666667,16,0,7000.0,6010.525656,0.083333,12
2420.761135,1.0,0.0,0.0,0.0,567.233798,0.0,0.0,0.0,0.083333,2,0,3000.0,871.713321,0.0,12
2935.324966,1.0,409.63,351.87,57.76,1876.241162,0.583333,0.583333,0.083333,0.25,4,12,5000.0,580.13865,0.0,12
83.148283,0.636364,843.34,843.34,0.0,0.0,0.5,0.5,0.0,0.0,0,17,6500.0,1024.267592,0.5,12
5469.851311,1.0,0.0,0.0,0.0,512.792701,0.0,0.0,0.0,0.166667,3,0,6000.0,1362.966798,0.0,12
280.142117,1.0,2236.49,758.52,1477.97,0.0,1.0,1.0,0.666667,0.0,0,34,10000.0,1986.838064,1.0,12
5790.930626,1.0,464.51,399.41,65.1,2516.727082,0.416667,0.25,0.166667,0.166667,6,10,6000.0,1515.594331,0.0,12
3605.714046,1.0,1779.0,1779.0,0.0,0.0,0.166667,0.166667,0.0,0.0,0,2,5000.0,856.05828,0.0,12
3992.261885,1.0,0.0,0.0,0.0,348.834361,0.0,0.0,0.0,0.583333,9,0,4000.0,1057.678259,0.0,12
41.833264,1.0,456.36,0.0,456.36,0.0,1.0,0.0,0.916667,0.0,0,14,6000.0,370.996177,0.333333,12
635.090434,0.818182,5758.71,2252.37,3506.34,0.0,0.75,0.25,0.75,0.0,0,48,2900.0,7943.57021,1.0,12
1521.1681,1.0,245.98,245.98,0.0,2792.67597,0.166667,0.166667,0.0,0.25,3,2,6000.0,2261.523522,0.0,12
5547.092593,1.0,0.0,0.0,0.0,3298.958165,0.0,0.0,0.0,0.083333,2,0,12000.0,1786.142816,0.0,12
2503.107213,1.0,733.9,733.9,0.0,0.0,1.0,1.0,0.0,0.0,0,13,3000.0,1620.193277,0.0,12
191.450711,1.0,1641.07,1641.07,0.0,380.972341,0.666667,0.666667,0.0,0.083333,1,15,500.0,1583.918811,0.636364,12
3621.70204,1.0,674.73,674.73,0.0,1684.957411,0.25,0.25,0.0,0.166667,8,12,4000.0,1139.058595,0.0,12
2762.479434,1.0,2702.47,1526.31,1176.16,0.0,1.0,0.25,1.0,0.0,0,27,11000.0,7596.768364,0.083333,12
4338.606862,1.0,0.0,0.0,0.0,1817.569093,0.0,0.0,0.0,0.083333,4,0,8000.0,8019.800702,0.0,12
388.873921,0.727273,1579.15,1462.35,116.8,0.0,0.583333,0.5,0.25,0.0,0,15,2700.0,451.600059,0.0,12
9261.310686,1.0,0.0,0.0,0.0,8603.045938,0.0,0.0,0.0,0.416667,10,0,11000.0,1933.413908,0.0,12
208.131845,1.0,2161.38,451.5,1709.88,0.0,1.0,0.166667,1.0,0.0,0,41,4500.0,2059.879468,1.0,12
169.088238,1.0,1482.19,446.07,1036.12,0.0,1.0,0.583333,0.666667,0.0,0,26,6000.0,1289.570234,0.666667,12
133.911556,1.0,1446.05,544.45,901.6,0.0,1.0,0.083333,1.0,0.0,0,16,3500.0,1364.121036,0.833333,12
1613.34907,0.909091,0.0,0.0,0.0,1606.322681,0.0,0.0,0.0,0.181818,3,0,4500.0,312.433361,0.0,11
566.908563,1.0,397.06,303.7,93.36,0.0,0.666667,0.166667,0.583333,0.0,0,12,2100.0,0.0,0.0,12
53.208422,1.0,498.17,459.02,39.15,0.0,0.916667,0.916667,0.083333,0.0,0,14,15000.0,611.606459,0.909091,12
1329.967543,1.0,2009.12,1296.68,712.44,1763.794583,1.0,1.0,1.0,0.25,10,36,2500.0,2715.972095,0.0,12
515.904786,1.0,5359.02,2399.78,2959.24,0.0,1.0,1.0,1.0,0.0,0,60,6000.0,0.0,0.0,12
927.041961,1.0,0.0,0.0,0.0,402.974164,0.0,0.0,0.0,0.333333,5,0,1000.0,719.974244,0.0,12
1872.767651,1.0,0.0,0.0,0.0,3394.509419,0.0,0.0,0.0,0.166667,3,0,5500.0,1151.721386,0.0,12
185.396312,1.0,0.0,0.0,0.0,842.456926,0.0,0.0,0.0,0.363636,7,0,1000.0,117.542764,0.0,11
4823.822993,0.857143,0.0,0.0,0.0,6481.300951,0.0,0.0,0.0,0.142857,4,0,7000.0,863.62306,0.0,7
994.105777,1.0,126.2,126.2,0.0,0.0,0.833333,0.833333,0.0,0.0,0,10,1950.0,314.302968,0.0,12
40.089221,1.0,225.0,0.0,225.0,0.0,1.0,0.0,1.0,0.0,0,12,1500.0,325.578502,0.166667,12
0.478714,0.090909,734.97,159.0,575.97,0.0,0.833333,0.083333,0.75,0.0,0,16,6000.0,1159.135064,0.0,12
4732.37354,1.0,14.95,0.0,14.95,2173.356068,0.083333,0.0,0.083333,0.416667,11,1,5700.0,1289.284068,0.0,12
9206.811696,1.0,874.98,350.0,524.98,4653.693195,0.75,0.083333,0.666667,0.333333,9,16,12500.0,2055.100879,0.0,12
6719.376505,1.0,0.0,0.0,0.0,2443.262416,0.0,0.0,0.0,0.333333,7,0,7500.0,1493.089193,0.0,12
2233.074041,1.0,445.2,445.2,0.0,0.0,0.166667,0.166667,0.0,0.0,0,4,8000.0,1042.991769,0.0,12
1867.649838,1.0,0.0,0.0,0.0,3264.573342,0.0,0.0,0.0,0.666667,9,0,4500.0,476.162309,0.0,12
57.842746,1.0,689.34,0.0,689.34,0.0,1.0,0.0,1.0,0.0,0,24,1500.0,453.842413,0.333333,12
4194.033835,0.727273,2006.87,420.6,1586.27,0.0,0.666667,0.083333,0.666667,0.0,0,26,21000.0,19714.09728,0.1,12
2459.862339,1.0,678.0,678.0,0.0,927.25167,1.0,1.0,0.0,0.25,4,12,2500.0,1926.31853,0.0,12
850.630114,1.0,0.05,0.05,0.0,1700.634586,0.083333,0.083333,0.0,0.333333,7,1,1000.0,1084.281127,0.0,12
353.198215,1.0,3085.69,3032.97,52.72,0.0,1.0,1.0,0.083333,0.0,0,21,8500.0,2690.525687,1.0,12
2669.160638,1.0,0.0,0.0,0.0,142.141325,0.0,0.0,0.0,0.166667,2,0,3000.0,642.777061,0.0,12
92.440743,0.909091,1080.0,1080.0,0.0,0.0,0.75,0.75,0.0,0.0,0,12,6000.0,1077.058667,1.0,12
706.675991,1.0,2721.16,2417.41,303.75,0.0,1.0,0.5,1.0,0.0,0,32,6500.0,4952.900653,0.083333,12
361.319366,1.0,3095.96,1383.56,1712.4,0.0,1.0,0.916667,0.833333,0.0,0,32,14000.0,4003.782858,0.583333,12
2324.086254,0.909091,0.0,0.0,0.0,1600.758078,0.0,0.0,0.0,0.909091,13,0,2300.0,2147.890523,0.0,11
2922.487907,1.0,71.07,0.0,71.07,3595.158425,0.25,0.0,0.166667,0.166667,9,3,9500.0,9226.751112,0.0,12
98.364739,0.181818,65.0,0.0,65.0,0.0,0.166667,0.0,0.166667,0.0,0,2,1200.0,718.794328,0.0,12
498.208616,1.0,4786.61,4397.64,388.97,0.0,0.916667,0.833333,0.5,0.0,0,61,9000.0,3805.669705,1.0,12
16.93339,0.454545,174.42,0.0,174.42,0.0,0.333333,0.0,0.25,0.0,0,5,2500.0,347.08638,0.75,12
3355.631092,1.0,242.88,0.0,242.88,0.0,1.0,0.0,1.0,0.0,0,12,13500.0,6084.115091,0.090909,12
907.982017,1.0,216.94,216.94,0.0,1011.997944,0.166667,0.166667,0.0,0.166667,5,3,3200.0,222.02316,0.0,12
1132.386178,0.454545,2246.3,2246.3,0.0,14048.07181,0.333333,0.333333,0.0,0.416667,20,8,6000.0,32048.6122,0.8,12
1254.6691,1.0,361.73,361.73,0.0,198.686744,0.166667,0.166667,0.0,0.083333,1,2,1500.0,535.606816,0.0,12
80.336636,0.6,330.0,330.0,0.0,0.0,0.1,0.1,0.0,0.0,0,1,1800.0,345.330572,0.0,10
260.838885,1.0,2854.11,1797.96,1056.15,0.0,1.0,0.833333,0.916667,0.0,0,51,9500.0,2437.332725,1.0,12
17.356961,0.454545,390.0,90.0,300.0,0.0,0.5,0.083333,0.5,0.0,0,7,2000.0,302.454171,0.0,12
1897.672025,1.0,422.18,422.18,0.0,0.0,1.0,1.0,0.0,0.0,0,12,5500.0,2961.632199,0.0,12
1032.241153,1.0,1005.52,464.5,541.02,0.0,1.0,0.5,0.833333,0.0,0,33,3000.0,1866.265366,0.0,12
3536.601227,1.0,2132.93,959.1,1173.83,5340.016172,1.0,0.333333,1.0,0.75,20,74,11000.0,8251.146946,0.0,12
21.580264,0.909091,284.72,0.0,284.72,0.0,0.666667,0.0,0.666667,0.0,0,16,5000.0,344.161416,0.8,12
4211.539631,1.0,0.0,0.0,0.0,455.581546,0.0,0.0,0.0,0.083333,1,0,10500.0,1288.287239,0.0,12
1732.715258,1.0,3244.16,2480.85,763.31,0.0,1.0,0.666667,0.5,0.0,0,29,11500.0,5674.185857,0.0,12
8939.461145,1.0,2490.17,905.17,1585.0,5309.949725,0.5,0.166667,0.416667,0.5,11,8,9500.0,3957.017497,0.0,12
36.567901,0.090909,1098.31,1098.31,0.0,0.0,0.083333,0.083333,0.0,0.0,0,1,4800.0,0.0,0.0,12
41.754778,0.181818,636.15,636.15,0.0,0.0,0.166667,0.166667,0.0,0.0,0,5,8500.0,918.414211,0.181818,12
1937.246177,1.0,3018.93,1702.62,1316.31,0.0,1.0,1.0,1.0,0.0,0,99,5000.0,3909.837604,0.166667,12
99.955082,1.0,1222.97,202.97,1020.0,0.0,1.0,0.25,1.0,0.0,0,16,19500.0,1142.077891,1.0,12
5135.604593,1.0,110.18,0.0,110.18,6551.99521,0.333333,0.0,0.333333,0.333333,17,4,6000.0,1716.998424,0.0,12
214.896542,0.636364,0.0,0.0,0.0,1192.015721,0.0,0.0,0.0,0.083333,1,0,3000.0,2298.902197,0.2,12
1543.287931,1.0,0.0,0.0,0.0,36.481832,0.0,0.0,0.0,0.083333,1,0,1800.0,548.589391,0.0,12
601.92037,1.0,983.77,603.77,380.0,0.0,0.666667,0.416667,0.25,0.0,0,15,2400.0,389.411161,0.0,12
1261.05733,1.0,0.0,0.0,0.0,474.429843,0.0,0.0,0.0,0.25,3,0,1500.0,866.865018,0.0,12
85.285023,0.75,423.24,287.0,136.24,0.0,0.625,0.375,0.375,0.0,0,9,11000.0,296.01675,0.0,8
1903.688611,1.0,6079.5,4719.5,1360.0,10227.22894,0.916667,0.25,0.666667,0.25,22,31,7300.0,18552.39489,0.416667,12
813.068705,1.0,439.38,439.38,0.0,727.658311,0.083333,0.083333,0.0,0.25,8,2,1200.0,237.996469,0.0,12
1279.325142,1.0,1207.25,0.0,1207.25,0.0,1.0,0.0,1.0,0.0,0,59,1200.0,1282.705869,0.0,12
237.669312,1.0,259.13,259.13,0.0,0.0,0.083333,0.083333,0.0,0.0,0,1,2300.0,2680.635587,0.25,12
5747.761139,1.0,1627.69,0.0,1627.69,0.0,1.0,0.0,1.0,0.0,0,49,5500.0,2507.704747,0.0,12
7760.940543,1.0,0.0,0.0,0.0,3423.085934,0.0,0.0,0.0,0.5,10,0,8000.0,2845.010795,0.0,12
6388.108487,1.0,0.0,0.0,0.0,3768.696678,0.0,0.0,0.0,0.25,3,0,8000.0,10973.14532,0.083333,12
426.372628,1.0,5749.96,5439.96,310.0,0.0,1.0,1.0,0.25,0.0,0,50,12000.0,5711.540654,0.833333,12
8806.866629,1.0,1490.94,0.02,1490.92,2813.063846,1.0,0.166667,1.0,0.166667,4,25,9000.0,2116.662516,0.0,12
282.934373,0.181818,0.0,0.0,0.0,2333.150712,0.0,0.0,0.0,0.083333,1,0,3000.0,0.0,0.0,12
1128.229387,1.0,5068.88,3529.88,1539.0,0.0,1.0,1.0,1.0,0.0,0,76,4500.0,3904.568067,0.083333,12
2045.541408,1.0,1067.28,0.0,1067.28,0.0,1.0,0.0,1.0,0.0,0,30,2000.0,2021.775795,0.0,12
8.520292,0.545455,64.12,64.12,0.0,0.0,0.166667,0.166667,0.0,0.0,0,2,7000.0,176.600545,0.0,12
11278.95243,1.0,6855.59,2762.92,4092.67,0.0,0.916667,0.75,0.833333,0.0,0,39,18500.0,4868.088671,0.0,12
143.443832,0.636364,1631.0,0.0,1631.0,0.0,0.583333,0.0,0.583333,0.0,0,7,2500.0,2550.799492,1.0,12
241.223955,0.909091,180.91,180.91,0.0,0.0,0.166667,0.166667,0.0,0.0,0,6,1400.0,802.858576,0.0,12
1528.571561,1.0,0.0,0.0,0.0,172.931118,0.0,0.0,0.0,0.166667,2,0,1600.0,353.582373,0.0,12
12474.72954,1.0,136.88,0.0,136.88,515.147607,0.166667,0.0,0.166667,0.166667,2,2,14000.0,3519.008859,0.0,12
566.147105,1.0,0.0,0.0,0.0,187.572355,0.0,0.0,0.0,0.083333,1,0,2000.0,1177.661577,0.0,12
1077.606225,0.727273,343.21,343.21,0.0,1609.900552,0.25,0.25,0.0,0.333333,8,4,1500.0,930.328071,0.0,12
1.838084,0.272727,16.5,16.5,0.0,0.0,0.083333,0.083333,0.0,0.0,0,1,6000.0,57.595083,0.0,12
507.144348,1.0,5708.18,4584.78,1123.4,0.0,1.0,0.75,0.75,0.0,0,47,4000.0,5589.952268,1.0,12
816.82453,0.3,42.3,42.3,0.0,3967.709973,0.1,0.1,0.0,0.2,5,1,6000.0,361.853722,0.0,10
1526.506915,1.0,46.67,46.67,0.0,0.0,0.083333,0.083333,0.0,0.0,0,1,1800.0,338.413344,0.0,12
7957.017218,1.0,0.0,0.0,0.0,4909.937494,0.0,0.0,0.0,0.25,4,0,9000.0,677.144841,0.0,12
79.189929,1.0,699.12,0.0,699.12,0.0,1.0,0.0,1.0,0.0,0,24,2500.0,697.977603,0.583333,12
497.908027,1.0,245.39,0.0,245.39,0.0,0.583333,0.0,0.5,0.0,0,7,4000.0,328.796655,0.0,12
681.95925,1.0,98.0,98.0,0.0,0.0,0.166667,0.166667,0.0,0.0,0,2,4000.0,192.369983,0.0,12
1535.248256,1.0,857.36,857.36,0.0,0.0,1.0,1.0,0.0,0.0,0,13,6550.0,3239.629759,0.083333,12
1508.513765,0.818182,2747.12,1247.12,1500.0,246.046033,0.25,0.083333,0.166667,0.083333,1,4,5000.0,4730.374245,0.1,12
11209.37076,1.0,11147.33,1137.4,10009.93,2728.576925,1.0,0.25,1.0,0.166667,8,126,11000.0,7932.77402,0.0,12
201.3504,1.0,600.0,0.0,600.0,0.0,0.5,0.0,0.416667,0.0,0,6,1000.0,249.066308,0.0,12
2502.264409,1.0,0.0,0.0,0.0,2368.872642,0.0,0.0,0.0,0.083333,2,0,10000.0,541.308981,0.0,12
4543.789386,1.0,255.12,5.0,250.12,0.0,0.666667,0.25,0.5,0.0,0,11,8500.0,1703.332126,0.0,12
918.342234,1.0,1221.53,1180.0,41.53,1078.788118,0.333333,0.166667,0.166667,0.166667,7,2,1200.0,1421.035206,0.25,6
5066.744231,1.0,0.0,0.0,0.0,1974.503664,0.0,0.0,0.0,0.25,6,0,13000.0,1336.016317,0.0,12
2259.431829,1.0,780.64,199.65,580.99,1227.555485,1.0,0.166667,0.833333,0.333333,6,22,3500.0,663.553502,0.0,12
437.789873,1.0,1532.1,223.0,1309.1,0.0,0.75,0.166667,0.666667,0.0,0,14,5000.0,1834.368953,0.0,12
2025.162877,1.0,778.33,0.0,778.33,0.0,0.916667,0.0,0.916667,0.0,0,28,2000.0,1411.329676,0.0,12
3770.560441,0.875,964.06,260.0,704.06,5140.287889,0.875,0.125,0.75,0.625,24,8,6000.0,565.71913,0.0,8
140.730723,1.0,1667.13,1063.14,603.99,0.0,1.0,0.916667,0.833333,0.0,0,38,13000.0,1669.260634,0.25,12
5523.999416,1.0,0.0,0.0,0.0,4087.167822,0.0,0.0,0.0,0.25,4,0,8000.0,0.0,0.0,12
3298.692478,1.0,1088.83,518.39,570.44,0.0,0.416667,0.083333,0.333333,0.0,0,6,9000.0,6862.520735,0.0,12
150.699542,0.363636,648.64,330.0,318.64,0.0,0.333333,0.083333,0.25,0.0,0,5,2500.0,0.0,0.0,12
1874.843394,1.0,0.0,0.0,0.0,120.178123,0.0,0.0,0.0,0.083333,1,0,2100.0,444.783009,0.0,12
3024.629054,1.0,0.0,0.0,0.0,2171.139178,0.0,0.0,0.0,0.333333,10,0,4500.0,4226.578611,0.0,12
154.641707,0.363636,1897.92,97.92,1800.0,0.0,0.25,0.166667,0.166667,0.0,0,5,13500.0,5563.437084,1.0,12
1322.057239,1.0,0.0,0.0,0.0,76.260896,0.0,0.0,0.0,0.090909,1,0,6200.0,802.038512,0.0,11
62.287137,1.0,1263.29,279.99,983.3,0.0,1.0,1.0,0.583333,0.0,0,25,9500.0,1356.425369,0.4,12
16.581535,0.125,200.0,0.0,200.0,0.0,0.125,0.0,0.125,0.0,0,2,1200.0,0.0,0.0,8
4664.023286,1.0,340.0,340.0,0.0,3510.115735,0.083333,0.083333,0.0,0.25,8,1,6000.0,2162.141639,0.0,12
318.03434,1.0,1277.58,0.0,1277.58,0.0,1.0,0.0,1.0,0.0,0,20,7000.0,552.734714,0.0,12
681.615445,1.0,4117.24,290.0,3827.24,0.0,1.0,0.166667,1.0,0.0,0,229,6000.0,4561.589382,0.0,12
9335.31417,1.0,226.23,226.23,0.0,0.0,0.166667,0.166667,0.0,0.0,0,5,15000.0,1885.239981,0.0,12
6404.955912,1.0,3970.8,2267.0,1703.8,0.0,1.0,0.583333,0.916667,0.0,0,64,7500.0,3879.252512,0.0,12
133.405494,0.545455,1346.9,1028.0,318.9,0.0,0.583333,0.083333,0.416667,0.0,0,14,8000.0,1369.437449,0.333333,12
1403.597712,1.0,1050.83,67.9,982.93,4083.515108,1.0,0.083333,1.0,0.25,4,24,5000.0,4673.520993,0.0,12
469.878834,1.0,1364.99,64.99,1300.0,284.754535,0.5,0.083333,0.416667,0.166667,2,7,2000.0,1849.10398,0.2,12
1452.437463,1.0,0.0,0.0,0.0,114.918715,0.0,0.0,0.0,0.25,3,0,1500.0,331.670616,0.0,12
3737.175713,1.0,0.0,0.0,0.0,3017.170336,0.0,0.0,0.0,0.166667,4,0,4500.0,0.0,0.0,12
6032.740391,1.0,7553.48,2643.53,4909.95,0.0,0.916667,0.75,1.0,0.0,0,85,13500.0,5377.338091,0.0,12
1692.755487,0.909091,570.16,0.0,570.16,2817.05225,0.833333,0.0,0.833333,0.333333,7,20,9000.0,6124.31525,0.0,12
3534.253718,1.0,566.28,431.01,135.27,3888.756412,0.5,0.333333,0.333333,0.083333,2,17,4000.0,1298.823687,0.0,12
654.574445,1.0,0.0,0.0,0.0,2819.60583,0.0,0.0,0.0,0.083333,3,0,8000.0,422.878799,0.0,12
1648.721384,1.0,0.0,0.0,0.0,39.646806,0.0,0.0,0.0,0.090909,2,0,1800.0,357.836436,0.0,11
6822.877573,1.0,137.34,137.34,0.0,4815.112874,0.083333,0.083333,0.0,0.666667,16,1,10000.0,1874.954894,0.0,12
8647.057641,1.0,0.0,0.0,0.0,5105.254316,0.0,0.0,0.0,0.416667,14,0,10000.0,2052.533488,0.0,12
5055.582822,1.0,0.0,0.0,0.0,3435.737817,0.0,0.0,0.0,0.090909,1,0,9000.0,6918.272206,0.0,11
4245.550244,1.0,332.82,0.0,332.82,6649.712062,1.0,0.0,1.0,0.666667,24,25,5000.0,5810.994681,0.0,12
541.915572,0.636364,1377.72,1377.72,0.0,0.0,0.25,0.25,0.0,0.0,0,5,2500.0,182.177646,0.0,12
4855.340797,1.0,0.0,0.0,0.0,1886.470361,0.0,0.0,0.0,0.083333,2,0,6000.0,2996.735376,0.0,12
981.643409,0.818182,0.0,0.0,0.0,1462.32354,0.0,0.0,0.0,0.083333,2,0,1500.0,2008.971745,0.125,12
7057.658848,1.0,360.7,360.7,0.0,6517.541812,0.083333,0.083333,0.0,0.333333,15,2,8000.0,5147.693822,0.0,12
4264.307261,1.0,222.64,0.0,222.64,249.298208,0.916667,0.0,0.833333,0.25,3,11,4500.0,1017.241855,0.0,12
4503.390811,1.0,1634.74,1376.0,258.74,94.837161,1.0,0.333333,1.0,0.083333,1,38,13000.0,1094.345336,0.0,12
969.294446,1.0,0.0,0.0,0.0,340.249539,0.0,0.0,0.0,0.083333,1,0,1200.0,591.853821,0.0,12
4479.115547,1.0,759.15,759.15,0.0,2493.111705,1.0,1.0,0.0,0.25,6,12,6000.0,994.500495,0.0,12
37.753941,0.363636,243.36,243.36,0.0,0.0,0.083333,0.083333,0.0,0.0,0,2,1800.0,546.417272,0.25,12
7386.704481,0.9,0.0,0.0,0.0,10713.8746,0.0,0.0,0.0,0.4,14,0,10500.0,7566.577763,0.1,10
1265.805627,0.818182,0.0,0.0,0.0,2820.528417,0.0,0.0,0.0,0.25,3,0,2500.0,1370.235544,0.0,12
598.78776,1.0,519.0,0.0,519.0,0.0,0.818182,0.0,0.636364,0.0,0,9,4500.0,621.255763,0.0,11
3143.928913,1.0,3055.87,3055.87,0.0,0.0,0.75,0.75,0.0,0.0,0,26,4500.0,2198.293667,0.0,12
5580.530306,1.0,2470.4,457.73,2012.67,1652.878895,0.5,0.083333,0.5,0.083333,1,19,9500.0,3340.041274,0.0,12
576.635957,1.0,1671.6,480.0,1191.6,0.0,1.0,0.333333,1.0,0.0,0,48,1800.0,1021.907217,0.0,12
51.818382,0.454545,903.36,903.36,0.0,0.0,0.25,0.25,0.0,0.0,0,6,15000.0,538.841222,0.0,12
1036.595935,1.0,0.0,0.0,0.0,193.738137,0.0,0.0,0.0,0.083333,1,0,1200.0,274.653536,0.0,12
21.12921,0.545455,229.5,54.0,175.5,0.0,0.5,0.083333,0.416667,0.0,0,7,3150.0,423.206638,0.714286,12
1534.969344,1.0,1476.19,1476.19,0.0,0.0,1.0,1.0,0.0,0.0,0,23,2500.0,1493.919986,0.0,12
4994.04832,1.0,2506.89,2506.89,0.0,0.0,0.75,0.75,0.0,0.0,0,30,8500.0,1230.219396,0.0,12
4700.106602,1.0,2570.0,492.46,2077.54,124.563782,0.75,0.166667,0.666667,0.166667,2,40,4500.0,3259.958288,0.0,12
9601.071318,1.0,238.34,0.0,238.34,4809.11955,0.833333,0.0,0.833333,1.0,8,5,15000.0,1194.510762,0.0,6
1207.888199,0.875,1342.36,1037.96,304.4,1738.109478,0.875,0.875,0.5,0.25,2,27,4000.0,288.883026,0.0,8
87.442862,0.818182,786.32,186.32,600.0,0.0,0.636364,0.090909,0.545455,0.0,0,7,7500.0,881.284581,0.666667,11
123.394089,0.909091,1450.68,0.0,1450.68,0.0,1.0,0.0,1.0,0.0,0,20,6000.0,1583.421932,0.454545,12
395.052994,1.0,1239.46,752.28,487.18,0.0,0.666667,0.416667,0.416667,0.0,0,14,1500.0,401.217047,0.0,12
1715.459275,1.0,96.75,34.65,62.1,19.141227,0.333333,0.083333,0.25,0.083333,1,7,1800.0,452.225512,0.0,12
1492.039988,1.0,4106.15,2688.46,1417.69,734.816479,0.333333,0.25,0.416667,0.083333,1,50,12000.0,9678.173119,0.5,12
636.669685,1.0,2022.38,1892.38,130.0,0.0,0.916667,0.916667,0.333333,0.0,0,19,6000.0,939.306791,0.0,12
223.772475,1.0,3654.08,291.41,3362.67,0.0,1.0,0.166667,1.0,0.0,0,32,2500.0,3301.334578,0.333333,12
1122.603377,1.0,883.73,457.62,426.11,0.0,0.833333,0.333333,0.75,0.0,0,26,3000.0,632.062443,0.0,12
805.131074,1.0,795.54,167.4,628.14,418.482499,1.0,0.166667,1.0,0.083333,1,20,1700.0,1804.065076,0.0,12
869.001444,1.0,0.0,0.0,0.0,278.591282,0.0,0.0,0.0,0.083333,1,0,1200.0,541.101815,0.0,12
4458.055159,1.0,0.0,0.0,0.0,2806.959645,0.0,0.0,0.0,0.583333,18,0,7500.0,1088.755323,0.0,12
2070.069187,1.0,1382.57,1077.75,304.82,0.0,1.0,0.666667,0.833333,0.0,0,33,2400.0,1580.0815,0.0,12
52.229659,1.0,565.5,0.0,565.5,101.137379,1.0,0.0,1.0,0.083333,1,14,8500.0,2768.795805,0.25,12
6426.639738,1.0,4462.86,2816.46,1646.4,4599.625146,1.0,0.833333,0.916667,0.333333,11,103,11800.0,1793.043228,0.0,12
206.596865,0.363636,1726.67,1726.67,0.0,0.0,0.166667,0.166667,0.0,0.0,0,4,6000.0,4804.383296,0.0,12
5810.748774,1.0,217.0,217.0,0.0,12377.36037,0.166667,0.166667,0.0,0.583333,16,2,9000.0,10428.37611,0.166667,12
3872.605467,1.0,0.0,0.0,0.0,1483.933054,0.0,0.0,0.0,0.416667,8,0,4000.0,1067.405461,0.0,12
2597.400267,1.0,1748.73,518.44,1230.29,0.0,1.0,0.416667,1.0,0.0,0,31,6500.0,2497.488126,0.0,12
1481.43247,1.0,0.0,0.0,0.0,149.36039,0.0,0.0,0.0,0.083333,1,0,1800.0,586.426259,0.0,12
1135.53683,1.0,50.98,0.0,50.98,0.0,0.333333,0.0,0.333333,0.0,0,4,1200.0,320.592941,0.0,12
3430.981532,1.0,378.04,0.0,378.04,0.0,0.166667,0.0,0.166667,0.0,0,4,11300.0,4315.936534,0.0,12
4102.599015,1.0,1483.12,1085.19,397.93,1992.715742,0.833333,0.25,0.583333,0.166667,3,30,5000.0,1357.36111,0.0,12
150.952465,0.727273,6407.67,3725.33,2682.34,0.0,1.0,0.666667,1.0,0.0,0,44,14500.0,3484.429075,0.3,12
3170.537693,0.909091,0.0,0.0,0.0,1161.103112,0.0,0.0,0.0,0.181818,2,0,3500.0,547.23924,0.0,11
911.281862,1.0,70.0,70.0,0.0,0.0,0.083333,0.083333,0.0,0.0,0,1,8500.0,566.292758,0.0,12
45.753138,0.545455,449.96,0.0,449.96,0.0,0.5,0.0,0.5,0.0,0,8,7000.0,1023.209164,0.6,12
456.648662,1.0,3355.33,2305.33,1050.0,0.0,0.916667,0.583333,0.833333,0.0,0,27,6500.0,2087.871747,0.363636,12
198.035504,0.545455,0.0,0.0,0.0,14371.78789,0.0,0.0,0.0,0.25,3,0,10000.0,14481.46544,0.0,12
473.840442,0.727273,0.0,0.0,0.0,818.124484,0.0,0.0,0.0,0.333333,12,0,3000.0,142.286073,0.0,12
285.813075,1.0,3220.09,2941.39,278.7,0.0,1.0,1.0,0.416667,0.0,0,24,15000.0,826.764555,1.0,12
204.329381,1.0,6558.55,6558.55,0.0,0.0,1.0,1.0,0.0,0.0,0,74,7000.0,5872.707939,0.916667,12
3690.177649,1.0,0.0,0.0,0.0,1328.643945,0.0,0.0,0.0,0.5,11,0,4000.0,1006.358943,0.0,12
327.445978,1.0,4305.05,2905.71,1399.34,0.0,1.0,0.916667,0.916667,0.0,0,38,9500.0,4030.061017,0.666667,12
6856.045926,1.0,262.1,262.1,0.0,3053.777459,0.166667,0.166667,0.0,0.333333,13,5,13000.0,1629.239381,0.0,12
155.644239,0.727273,1626.83,828.85,797.98,0.0,0.75,0.75,0.166667,0.0,0,17,13000.0,1924.101393,0.571429,12
4263.008734,1.0,3522.57,1482.0,2040.57,2485.845274,1.0,0.333333,1.0,0.25,6,25,6000.0,1165.621928,0.0,12
10249.71178,1.0,0.0,0.0,0.0,2438.356719,0.0,0.0,0.0,0.333333,9,0,18000.0,2662.365409,0.0,12
813.185305,1.0,8194.05,7280.27,913.78,0.0,1.0,1.0,1.0,0.0,0,121,6000.0,7069.804042,0.583333,12
911.893997,1.0,1604.8,1527.3,77.5,1302.014616,0.25,0.25,0.083333,0.083333,2,11,4500.0,191.366024,0.083333,12
3563.23692,1.0,709.9,609.9,100.0,779.264494,1.0,1.0,0.083333,0.166667,2,16,7000.0,826.576112,0.0,12
12478.17286,1.0,174.0,174.0,0.0,3269.418821,0.25,0.25,0.0,0.666667,21,3,14000.0,3251.190662,0.0,12
2061.27937,1.0,0.0,0.0,0.0,554.11523,0.0,0.0,0.0,0.25,3,0,4500.0,552.713988,0.0,12
1556.376158,1.0,0.0,0.0,0.0,655.037683,0.0,0.0,0.0,0.583333,16,0,1700.0,1076.722225,0.0,12
126.207012,0.636364,913.0,0.0,913.0,0.0,0.416667,0.0,0.333333,0.0,0,5,7500.0,1718.487894,1.0,12
2516.753364,1.0,606.62,598.95,7.67,0.0,0.833333,0.833333,0.083333,0.0,0,14,2750.0,1043.617154,0.0,12
1199.942209,1.0,1447.01,306.31,1140.7,49.912813,0.916667,0.166667,0.916667,0.083333,1,19,2400.0,642.723723,0.0,12
13479.28821,1.0,41050.4,40624.06,426.34,0.0,0.833333,0.666667,0.416667,0.0,0,157,17000.0,36066.75068,0.083333,12
80.062693,1.0,727.27,727.27,0.0,0.0,0.583333,0.583333,0.0,0.0,0,11,20000.0,822.928249,0.916667,12
839.897907,1.0,1869.88,815.11,1054.77,0.0,1.0,0.363636,0.909091,0.0,0,30,4000.0,999.235386,0.0,11
128.175207,0.818182,182.94,0.0,182.94,0.0,0.833333,0.0,0.833333,0.0,0,10,5000.0,1391.649702,0.3,12
47.6368,0.727273,379.28,0.0,379.28,0.0,0.583333,0.0,0.583333,0.0,0,7,2500.0,641.943628,1.0,12
1529.206464,1.0,874.94,0.0,874.94,0.0,0.833333,0.0,0.75,0.0,0,18,1500.0,716.241063,0.0,12
2643.343414,1.0,26402.39,22257.39,4145.0,0.0,1.0,1.0,0.333333,0.0,0,114,16500.0,24529.27662,1.0,12
2924.757622,1.0,0.0,0.0,0.0,281.044645,0.0,0.0,0.0,0.166667,3,0,3000.0,677.649435,0.0,12
5036.870531,1.0,1752.15,1564.16,187.99,1072.351863,1.0,0.916667,0.583333,0.25,4,53,10300.0,1489.597574,0.0,12
32.042424,0.909091,400.41,0.0,489.39,0.0,0.833333,0.0,0.75,0.0,0,11,4500.0,353.570259,0.666667,12
2549.128288,1.0,13771.63,4503.31,9268.32,0.0,1.0,0.5,1.0,0.0,0,83,14500.0,16826.42443,0.25,12
3718.606699,1.0,1172.68,1172.68,0.0,10372.8492,0.083333,0.083333,0.0,0.5,10,7,9500.0,4820.842925,0.0,12
4914.325665,1.0,1653.6,353.6,1300.0,1442.395734,0.75,0.25,0.583333,0.166667,3,14,5000.0,3410.253378,0.0,12
1191.584153,1.0,4238.79,2220.39,2018.4,0.0,1.0,0.5,1.0,0.0,0,33,10500.0,3528.728592,0.083333,12
98.420888,1.0,907.37,907.37,0.0,0.0,1.0,1.0,0.0,0.0,0,12,10000.0,908.907467,1.0,12
1534.891604,1.0,0.0,0.0,0.0,2614.626296,0.0,0.0,0.0,0.25,8,0,3000.0,304.984801,0.0,12
675.117139,0.181818,0.0,0.0,0.0,6523.780195,0.0,0.0,0.0,0.083333,1,0,12500.0,0.0,0.0,12
43.42718,1.0,569.34,0.0,569.34,0.0,1.0,0.0,1.0,0.0,0,19,16500.0,758.421856,1.0,12
1874.601636,1.0,305.78,0.0,305.78,0.0,0.583333,0.0,0.583333,0.0,0,14,1500.0,518.757481,0.0,12
15258.2259,1.0,529.3,529.3,0.0,4100.891579,0.5,0.5,0.0,1.0,23,10,19000.0,2051.14647,0.0,8
4497.213951,1.0,2001.19,210.43,1790.76,0.0,1.0,0.083333,1.0,0.0,0,30,4500.0,3058.768463,0.0,12
986.149218,0.454545,0.0,0.0,0.0,2955.030338,0.0,0.0,0.0,0.166667,6,0,3000.0,832.894753,0.0,12
257.997181,1.0,1020.47,185.0,835.47,0.0,0.916667,0.083333,0.916667,0.0,0,27,6500.0,1099.15757,0.0,12
4507.733288,1.0,4754.32,3636.53,1117.79,0.0,1.0,0.833333,0.75,0.0,0,43,9500.0,1924.73689,0.0,12
1117.635883,1.0,0.0,0.0,0.0,97.200877,0.0,0.0,0.0,0.25,3,0,1200.0,308.089987,0.0,12
5083.397311,1.0,331.95,331.95,0.0,10384.82416,0.2,0.2,0.0,0.8,31,2,8000.0,4453.691497,0.0,10
3649.559565,0.818182,1490.0,1490.0,0.0,8824.695802,0.083333,0.083333,0.0,0.166667,2,1,12500.0,573.307364,0.0,12
77.45581,1.0,558.28,270.52,287.76,0.0,0.916667,0.25,0.833333,0.0,0,14,8000.0,601.746596,0.333333,12
1362.418281,1.0,1477.44,900.0,577.44,451.968387,1.0,0.111111,0.888889,0.111111,1,10,1500.0,559.095981,0.0,9
189.12074,0.909091,1051.1,0.0,1051.1,0.0,0.833333,0.0,0.833333,0.0,0,13,3000.0,1301.155857,0.375,12
2374.663583,1.0,2242.26,1222.96,1019.3,228.465161,1.0,0.416667,1.0,0.083333,2,42,2850.0,2073.374513,0.0,12
1112.070216,1.0,179.24,59.0,120.24,0.0,0.416667,0.083333,0.333333,0.0,0,7,4000.0,217.546584,0.0,12
2569.379868,1.0,972.65,162.95,809.7,1390.367155,0.583333,0.166667,0.5,0.166667,5,15,5500.0,807.047622,0.0,12
2883.906333,1.0,4620.34,4300.42,319.92,0.0,1.0,0.583333,1.0,0.0,0,21,7500.0,6476.333335,0.083333,12
71.046063,0.181818,1023.8,1023.8,0.0,0.0,0.083333,0.083333,0.0,0.0,0,2,20000.0,5872.895164,0.0,12
3366.051663,1.0,6344.3,4438.8,1905.5,0.0,1.0,0.833333,0.666667,0.0,0,54,12000.0,2890.901993,0.083333,12
7190.047748,1.0,1549.61,1549.61,0.0,3269.100834,0.666667,0.666667,0.0,0.75,11,19,17500.0,1727.425472,0.0,12
68.039722,0.454545,734.11,734.11,0.0,0.0,0.333333,0.333333,0.0,0.0,0,6,5000.0,1537.307484,0.5,12
5066.461251,1.0,2274.21,1282.85,991.36,2854.551358,1.0,0.666667,1.0,0.75,23,60,5000.0,5174.255034,0.0,12
2454.610005,1.0,1635.69,0.0,1635.69,486.813976,1.0,0.0,1.0,0.083333,1,33,3000.0,1442.488419,0.0,12
64.329876,0.272727,627.03,482.03,145.0,0.0,0.25,0.166667,0.166667,0.0,0,8,6000.0,1513.704151,1.0,12
1284.63314,1.0,55.5,0.0,55.5,5406.459348,0.083333,0.0,0.083333,0.833333,123,1,3000.0,3432.757202,0.0,12
76.93561,0.833333,277.0,277.0,0.0,0.0,0.333333,0.333333,0.0,0.0,0,2,8500.0,814.605178,0.333333,6
950.563525,0.909091,7479.95,7479.95,0.0,0.0,0.818182,0.818182,0.0,0.0,0,14,15000.0,7521.226078,0.888889,11
5178.179489,1.0,3937.59,2606.42,1331.17,0.0,1.0,0.75,0.833333,0.0,0,54,9500.0,1248.498168,0.0,12
531.455619,1.0,6300.4,6300.4,0.0,0.0,0.833333,0.833333,0.0,0.0,0,21,16500.0,4924.941312,1.0,12
263.6992,1.0,1856.64,0.0,1856.64,0.0,1.0,0.0,1.0,0.0,0,12,1800.0,1591.559543,0.0,12
492.070146,0.8,4924.41,4924.41,0.0,0.0,0.8,0.8,0.0,0.0,0,48,10500.0,3430.597877,1.0,10
1034.660626,0.833333,1308.11,1308.11,0.0,234.602843,0.5,0.5,0.0,0.166667,1,8,1500.0,236.764555,0.0,6
11547.52001,1.0,49039.57,40761.25,8278.32,558.166886,1.0,1.0,0.916667,0.083333,1,101,22500.0,46930.59824,0.25,12
8997.488544,1.0,4604.72,4020.33,584.39,1854.533843,0.916667,0.666667,0.75,0.166667,8,46,9000.0,4201.889848,0.0,12
9149.4096,1.0,227.8,227.8,0.0,5583.937965,0.333333,0.333333,0.0,0.666667,13,4,9500.0,6710.905443,0.0,12
1296.922119,1.0,2327.49,2327.49,0.0,1873.271885,0.666667,0.666667,0.0,0.25,6,18,6000.0,2322.412643,0.0,12
1758.979585,0.818182,1199.0,1199.0,0.0,8552.910316,0.090909,0.090909,0.0,0.636364,17,1,6750.0,11634.38713,0.111111,11
194.493602,1.0,1174.76,0.0,1174.76,0.0,1.0,0.0,1.0,0.0,0,41,4500.0,1280.294998,0.0,12
3294.37955,1.0,0.0,0.0,0.0,2546.891416,0.0,0.0,0.0,0.083333,3,0,4000.0,1084.059239,0.0,12
5404.202992,1.0,469.0,286.0,183.0,8005.22508,0.666667,0.166667,0.333333,0.833333,52,4,7000.0,2676.467444,0.0,6
5484.800476,1.0,0.0,0.0,0.0,1239.217984,0.0,0.0,0.0,0.666667,8,0,6000.0,2060.020446,0.0,12
181.463092,1.0,133.39,133.39,0.0,219.143859,0.25,0.25,0.0,0.166667,2,3,2500.0,168.425788,0.0,12
1311.732049,1.0,10700.63,2912.65,7787.98,0.0,0.916667,0.5,1.0,0.0,0,222,6000.0,9853.313787,0.818182,12
542.218074,1.0,0.0,0.0,0.0,1074.741949,0.0,0.0,0.0,0.166667,2,0,1500.0,1328.855136,0.0,12
1029.101022,1.0,49.1,0.0,49.1,0.0,0.25,0.0,0.25,0.0,0,3,1000.0,59.924534,0.0,12
1202.975648,1.0,11313.77,10133.7,1180.07,0.0,1.0,1.0,0.833333,0.0,0,98,6000.0,10718.04224,0.833333,12
1095.379426,1.0,0.0,0.0,0.0,282.895246,0.0,0.0,0.0,0.25,3,0,1200.0,432.048813,0.0,12
4546.766836,1.0,3525.37,0.0,3525.37,0.0,1.0,0.0,1.0,0.0,0,66,15000.0,14083.96809,0.25,12
28.934197,0.909091,258.74,258.74,0.0,0.0,0.666667,0.666667,0.0,0.0,0,16,12000.0,502.486404,1.0,12
3457.086184,1.0,2448.6,0.0,2448.6,0.0,1.0,0.0,1.0,0.0,0,12,1700.0,227.514473,0.0,12
23.290641,0.727273,293.99,194.99,99.0,0.0,0.5,0.25,0.166667,0.0,0,6,12500.0,287.796655,0.333333,12
9559.783145,1.0,709.0,709.0,0.0,771.711794,0.3,0.3,0.0,0.3,3,3,10500.0,2447.227264,0.0,10
2154.175363,1.0,1628.07,1628.07,0.0,0.0,0.333333,0.333333,0.0,0.0,0,8,5000.0,654.505745,0.0,12
2627.184835,1.0,0.0,0.0,0.0,3216.192328,0.0,0.0,0.0,0.083333,7,0,3150.0,394.285767,0.0,12
2689.586312,1.0,0.0,0.0,0.0,2224.68646,0.0,0.0,0.0,0.083333,1,0,7000.0,809.880619,0.0,12
11.890862,0.090909,165.0,165.0,0.0,0.0,0.083333,0.083333,0.0,0.0,0,1,15000.0,0.0,0.0,12
3452.538704,1.0,11681.64,11681.64,0.0,0.0,1.0,1.0,0.0,0.0,0,141,10500.0,8145.713972,0.0,12
1068.031748,0.727273,98.97,0.0,98.97,0.0,0.416667,0.0,0.416667,0.0,0,5,2500.0,3594.989864,0.0,12
7295.920263,1.0,0.0,0.0,0.0,721.214369,0.0,0.0,0.0,0.25,4,0,7500.0,1984.351035,0.0,12
7975.19143,1.0,1142.15,1017.65,124.5,2652.115823,0.5,0.333333,0.25,0.25,3,10,9000.0,2079.521171,0.0,12
1866.608592,1.0,1494.5,1494.5,0.0,0.0,0.416667,0.416667,0.0,0.0,0,8,8500.0,2031.589282,0.0,12
259.467265,0.909091,646.24,646.24,0.0,0.0,0.083333,0.083333,0.0,0.0,0,1,10000.0,540.021578,0.0,12
1298.191599,1.0,0.0,0.0,0.0,2052.835555,0.0,0.0,0.0,0.333333,9,0,3500.0,3009.926784,0.083333,12
313.387813,1.0,3608.88,2124.75,1484.13,0.0,1.0,0.75,0.75,0.0,0,37,15000.0,2419.651857,1.0,12
7088.358802,1.0,0.0,0.0,0.0,3118.050456,0.0,0.0,0.0,0.083333,2,0,7500.0,4539.526102,0.0,12
4458.045588,1.0,0.0,0.0,0.0,2846.034435,0.0,0.0,0.0,0.166667,6,0,5000.0,985.516901,0.0,12
2690.771926,1.0,12465.21,9805.73,2659.48,0.0,1.0,0.583333,1.0,0.0,0,79,13000.0,9290.702248,0.0,12
15244.74865,1.0,7823.74,7564.81,258.93,2621.049473,1.0,1.0,1.0,0.083333,2,62,19000.0,11123.40918,0.0,12
0.327199,0.454545,24.64,24.64,0.0,0.0,0.083333,0.083333,0.0,0.0,0,1,1800.0,45.640106,0.0,12
2492.726282,1.0,27957.68,23032.97,4924.71,0.0,1.0,1.0,0.916667,0.0,0,70,9000.0,27255.00752,1.0,12
47.424621,0.545455,372.0,273.6,98.4,0.0,0.333333,0.166667,0.25,0.0,0,7,4000.0,662.401178,0.2,12
4114.723127,1.0,1841.62,1456.94,384.68,4004.273974,1.0,1.0,0.25,0.416667,8,21,7500.0,7780.322889,0.0,12
2450.031338,1.0,1678.07,824.21,853.86,0.0,1.0,0.25,1.0,0.0,0,33,6500.0,682.930065,0.0,12
8781.831676,1.0,11674.64,9400.96,2273.68,0.0,1.0,1.0,0.916667,0.0,0,93,16000.0,10377.3612,0.0,12
1642.024936,1.0,2094.38,2094.38,0.0,0.0,0.416667,0.416667,0.0,0.0,0,17,4500.0,576.699993,0.0,12
2739.836747,0.909091,0.0,0.0,0.0,2970.288928,0.0,0.0,0.0,0.363636,5,0,3000.0,3418.06811,0.0,11
1946.447038,1.0,411.38,411.38,0.0,99.078081,0.25,0.25,0.0,0.083333,1,5,2500.0,1403.266638,0.0,12
9.962695,0.545455,99.19,0.0,99.19,0.0,0.5,0.0,0.5,0.0,0,7,4000.0,209.014647,0.166667,12
394.269079,0.363636,525.0,525.0,0.0,2003.827851,0.083333,0.083333,0.0,0.25,12,1,2500.0,3747.367504,0.0,12
5935.917803,1.0,1956.06,1777.14,178.92,0.0,0.916667,0.916667,0.333333,0.0,0,48,11500.0,1553.147417,0.0,12
266.588825,1.0,1750.51,1515.46,235.05,239.188373,1.0,1.0,0.166667,0.166667,2,31,3500.0,2103.253278,0.25,12
917.732846,1.0,18.41,0.0,18.41,0.0,0.083333,0.0,0.083333,0.0,0,1,1000.0,1407.291593,0.0,12
3183.529482,1.0,386.12,386.12,0.0,3715.643596,0.636364,0.636364,0.0,0.363636,7,9,4000.0,4441.185925,0.0,11
2071.736764,0.909091,0.0,0.0,0.0,199.214973,0.0,0.0,0.0,0.363636,4,0,2100.0,553.00439,0.0,11
6980.581442,1.0,0.0,0.0,0.0,11549.11174,0.0,0.0,0.0,0.416667,15,0,14500.0,1498.338478,0.0,12
724.261595,1.0,625.46,198.4,427.06,0.0,0.583333,0.166667,0.5,0.0,0,10,7500.0,721.081023,0.0,12
2469.665655,1.0,963.13,963.13,0.0,0.0,0.666667,0.666667,0.0,0.0,0,16,7000.0,566.87028,0.0,12
202.190447,0.545455,2011.81,2011.81,0.0,0.0,0.416667,0.416667,0.0,0.0,0,8,2100.0,3144.544042,0.8,12
6787.661776,1.0,99.5,0.0,99.5,7726.511679,0.833333,0.0,0.75,0.416667,10,10,8000.0,1775.13958,0.0,12
107.298227,0.636364,1084.09,0.0,1084.09,0.0,0.666667,0.0,0.666667,0.0,0,9,8000.0,1515.629124,0.714286,12
3946.876897,1.0,207.0,0.0,207.0,1546.727807,0.916667,0.0,0.916667,0.5,11,11,8500.0,1494.101923,0.0,12
1246.393805,1.0,1757.47,907.05,850.42,0.0,1.0,0.416667,1.0,0.0,0,80,5000.0,1254.376139,0.0,12
7155.328723,1.0,3837.59,1860.18,1977.41,14811.68818,1.0,0.916667,1.0,0.916667,51,52,9500.0,17739.94594,0.0,12
2147.939753,0.818182,117.57,117.57,0.0,1022.23072,0.083333,0.083333,0.0,0.083333,2,2,8000.0,5441.876882,0.1,12
32.612745,1.0,1223.41,769.41,454.0,0.0,1.0,1.0,0.916667,0.0,0,25,6000.0,1222.343069,0.8,12
5380.796813,1.0,1710.24,817.32,892.92,2292.800636,1.0,0.416667,1.0,0.25,6,43,6000.0,1572.990843,0.0,12
3419.661676,1.0,11.06,11.06,0.0,1261.347779,0.083333,0.083333,0.0,0.083333,1,1,4000.0,745.984976,0.0,12
8900.194109,1.0,0.0,0.0,0.0,4849.693752,0.0,0.0,0.0,0.916667,52,0,12000.0,2430.864139,0.0,12
837.950585,1.0,8273.18,2904.89,5368.29,0.0,1.0,1.0,1.0,0.0,0,53,7000.0,7883.621179,1.0,12
2113.098241,1.0,619.93,0.0,619.93,1958.668173,1.0,0.0,0.916667,0.083333,2,24,4000.0,529.829894,0.0,12
16.371699,0.3,190.0,0.0,190.0,0.0,0.2,0.0,0.2,0.0,0,3,4000.0,322.114468,0.5,10
3774.063585,1.0,7680.08,5050.97,2629.11,0.0,1.0,0.583333,1.0,0.0,0,64,11500.0,2529.085319,0.0,12
1088.031913,1.0,9734.63,3756.01,5978.62,0.0,1.0,1.0,1.0,0.0,0,194,8500.0,8571.945329,0.083333,12
2.175751,0.454545,0.0,0.0,0.0,136.662804,0.0,0.0,0.0,0.083333,1,0,3000.0,278.731912,0.2,12
5248.392421,1.0,8403.17,7469.7,933.47,3141.100688,0.833333,0.666667,0.75,0.5,12,117,13000.0,8495.972927,0.25,12
9.581344,1.0,118.6,70.0,48.6,0.0,1.0,0.083333,0.916667,0.0,0,25,3300.0,117.780082,0.1,12
3123.339488,1.0,11202.09,10929.53,272.56,0.0,1.0,1.0,0.583333,0.0,0,100,7500.0,8317.163283,0.083333,12
1670.928797,1.0,794.52,794.52,0.0,0.0,0.666667,0.666667,0.0,0.0,0,16,1750.0,1083.625844,0.0,12
537.389322,0.9,1704.22,150.5,1553.72,0.0,0.9,0.2,0.8,0.0,0,16,1500.0,679.888456,0.125,10
1803.955439,1.0,1044.43,801.35,243.08,103.174612,0.666667,0.416667,0.333333,0.083333,1,23,5000.0,1068.805913,0.0,12
2394.126386,1.0,3651.59,1544.79,2106.8,2420.908491,1.0,0.833333,1.0,0.166667,11,111,4500.0,6925.337419,0.083333,12
544.879717,1.0,6477.6,3301.6,3176.0,0.0,1.0,1.0,0.916667,0.0,0,83,7500.0,6381.236136,0.833333,12
288.474257,1.0,1025.03,0.0,1025.03,0.0,1.0,0.0,1.0,0.0,0,67,2800.0,1148.409463,0.083333,12
1434.097191,1.0,0.0,0.0,0.0,1866.841949,0.0,0.0,0.0,0.083333,2,0,2400.0,2361.929133,0.0,12
79.554406,0.636364,472.71,472.71,0.0,0.0,0.083333,0.083333,0.0,0.0,0,1,16000.0,563.830183,0.0,12
2134.513436,1.0,733.35,78.6,654.75,5716.149236,0.818182,0.181818,0.818182,0.181818,7,11,3000.0,6801.933334,0.090909,11
4925.502001,1.0,3050.72,989.14,2061.58,10901.29827,0.583333,0.333333,0.333333,0.416667,24,16,11500.0,21320.89625,0.166667,12
62.32157,0.636364,601.35,468.0,133.35,0.0,0.416667,0.333333,0.333333,0.0,0,10,7000.0,704.075312,0.25,12
1062.752143,1.0,0.0,0.0,0.0,496.76383,0.0,0.0,0.0,0.166667,3,0,1200.0,720.3446,0.0,12
5347.377116,0.545455,0.0,0.0,0.0,9671.336737,0.0,0.0,0.0,0.083333,1,0,10500.0,3239.303839,0.0,12
8.555864,1.0,0.0,0.0,0.0,75.612993,0.0,0.0,0.0,0.083333,1,0,5000.0,74.218884,0.0,12
164.649775,1.0,1764.86,1149.34,615.52,0.0,1.0,0.666667,0.916667,0.0,0,21,10000.0,1768.463643,1.0,12
299.765294,1.0,2352.2,1136.7,1215.5,0.0,0.916667,0.666667,0.75,0.0,0,30,6500.0,2671.279796,0.25,12
3725.636832,1.0,0.0,0.0,0.0,516.029064,0.0,0.0,0.0,0.666667,9,0,4000.0,1221.274221,0.0,12
306.877248,1.0,3877.85,2183.56,1694.29,0.0,0.916667,0.666667,0.75,0.0,0,29,12500.0,3639.443058,1.0,12
14411.95798,1.0,5958.17,3161.46,2796.71,0.0,1.0,0.583333,1.0,0.0,0,98,15000.0,7839.750264,0.0,12
1759.969888,1.0,5969.33,3755.24,2214.09,1777.022586,1.0,1.0,1.0,0.25,4,92,16500.0,7272.999505,0.25,12
1482.235539,1.0,14604.87,2475.93,12128.94,0.0,1.0,0.583333,1.0,0.0,0,219,15500.0,14462.63056,1.0,12
6014.806806,1.0,433.63,433.63,0.0,2433.987199,0.25,0.25,0.0,0.583333,13,5,7000.0,1534.75789,0.0,12
5619.157028,1.0,2790.76,2549.25,241.51,0.0,1.0,1.0,0.333333,0.0,0,36,14000.0,1778.284067,0.0,12
365.12275,1.0,571.32,0.0,571.32,4961.005282,0.5,0.0,0.333333,0.416667,14,3,4000.0,5308.488824,0.454545,12
1728.079372,1.0,0.0,0.0,0.0,1662.824051,0.0,0.0,0.0,0.166667,4,0,1800.0,141.505315,0.0,12
1043.249828,1.0,281.25,0.0,281.25,1361.24762,1.0,0.0,0.888889,0.444444,4,9,1200.0,634.96657,0.0,9
2571.925816,1.0,1701.9,464.9,1237.0,1089.064313,1.0,0.25,1.0,0.333333,5,55,3000.0,710.210734,0.0,12
7760.5254,1.0,14332.92,10588.97,3743.95,0.0,1.0,0.909091,0.909091,0.0,0,152,16000.0,7116.531862,0.0,11
61.644247,0.363636,490.6,0.0,490.6,0.0,0.272727,0.0,0.272727,0.0,0,3,18000.0,1197.347043,1.0,11
0.0,0.0,0.0,0.0,0.0,310.888779,0.0,0.0,0.0,0.083333,1,0,9000.0,0.0,0.0,12
1724.2041,1.0,8371.19,4192.8,4178.39,959.946429,1.0,0.5,1.0,0.083333,1,87,3800.0,9582.782864,0.25,12
558.989996,0.818182,4552.44,1234.0,3318.44,0.0,0.75,0.166667,0.583333,0.0,0,15,5000.0,5496.343824,1.0,12
15.728894,0.272727,202.0,202.0,0.0,0.0,0.166667,0.166667,0.0,0.0,0,2,2000.0,200.169721,0.0,12
3808.073463,0.909091,6030.34,2874.89,3155.45,7279.880364,1.0,0.5,1.0,0.5,62,104,7000.0,17084.85192,0.090909,12
28.394518,0.181818,379.3,0.0,379.3,0.0,0.166667,0.0,0.166667,0.0,0,6,2500.0,534.818301,0.181818,12
2515.968879,1.0,1877.24,926.9,950.34,0.0,0.166667,0.166667,0.083333,0.0,0,29,8500.0,4503.07943,0.083333,12
408.069031,1.0,3660.97,3660.97,0.0,0.0,1.0,1.0,0.0,0.0,0,33,7500.0,4471.044825,0.666667,12
975.165854,1.0,2281.56,2281.56,0.0,98.596565,0.916667,0.916667,0.0,0.166667,2,29,20000.0,2068.187388,0.0,12
879.190921,1.0,45.65,45.65,0.0,1246.223848,0.083333,0.083333,0.0,0.166667,2,1,1200.0,1589.980022,0.1,12
2331.38017,1.0,1919.66,1310.9,608.76,0.0,0.916667,0.416667,0.75,0.0,0,34,6000.0,6725.483653,0.0,12
27.20711,0.818182,685.08,220.0,465.08,0.0,0.583333,0.25,0.5,0.0,0,24,13000.0,798.047921,0.25,12
1418.254924,1.0,362.13,0.0,362.13,0.0,1.0,0.0,1.0,0.0,0,19,1200.0,496.114334,0.0,12
1.979916,0.125,80.0,80.0,0.0,0.0,0.125,0.125,0.0,0.0,0,1,1500.0,0.0,0.0,8
331.586253,1.0,3703.36,1653.98,2049.38,0.0,1.0,1.0,1.0,0.0,0,54,7500.0,3229.189675,0.916667,12
10359.45471,1.0,12650.0,12650.0,0.0,2781.682203,0.25,0.25,0.0,0.166667,2,10,10500.0,7566.470234,0.0,12
2144.477682,1.0,228.35,228.35,0.0,1908.662268,0.333333,0.333333,0.0,0.083333,1,7,4000.0,2520.722012,0.0,12
2927.082849,0.9,0.0,0.0,0.0,3987.822594,0.0,0.0,0.0,0.3,5,0,4000.0,862.790575,0.0,10
654.747715,1.0,1969.24,567.47,1401.77,0.0,0.916667,0.25,0.916667,0.0,0,30,12000.0,2011.781378,0.0,12
1162.770552,1.0,533.36,0.0,533.36,19.292323,0.666667,0.0,0.583333,0.083333,1,8,1200.0,632.227172,0.0,12
4094.433899,1.0,0.0,0.0,0.0,1618.325972,0.0,0.0,0.0,0.5,8,0,7500.0,1070.599052,0.0,12
278.142977,1.0,1901.94,367.0,1534.94,0.0,1.0,0.166667,1.0,0.0,0,34,4500.0,1624.241905,0.0,12
5941.847384,1.0,0.0,0.0,0.0,744.138154,0.0,0.0,0.0,0.166667,2,0,7000.0,1756.829998,0.0,12
983.339069,1.0,5601.54,3073.82,2527.72,36.336457,1.0,0.75,1.0,0.083333,1,182,7500.0,4807.552996,0.166667,12
820.05973,1.0,162.56,0.0,162.56,0.0,0.5,0.0,0.5,0.0,0,6,1000.0,215.685296,0.0,12
7025.757291,1.0,66.32,66.32,0.0,8733.135566,0.083333,0.083333,0.0,0.583333,16,1,9000.0,9547.622542,0.0,12
1.411754,0.2,19.9,0.0,19.9,0.0,0.2,0.0,0.1,0.0,0,2,6500.0,49.622958,0.5,10
5656.069801,1.0,362.36,362.36,0.0,7240.433194,0.25,0.25,0.0,1.25,12,2,8000.0,683.421497,0.0,8
2705.591995,1.0,818.02,326.02,492.0,2758.007287,1.0,0.083333,1.0,0.083333,3,14,3000.0,4055.34116,0.083333,12
235.294264,1.0,1286.2,1286.2,0.0,0.0,1.0,1.0,0.0,0.0,0,24,4000.0,1272.434565,0.0,12
3472.806962,1.0,1800.0,0.0,1800.0,2642.846513,1.0,0.0,1.0,0.083333,7,12,6000.0,2214.368263,0.0,12
2892.138807,1.0,0.0,0.0,0.0,129.381701,0.0,0.0,0.0,0.333333,5,0,3000.0,666.956678,0.0,12
145.973232,0.818182,1131.08,0.0,1131.08,0.0,0.583333,0.0,0.5,0.0,0,25,18000.0,1317.549381,0.25,12
1943.792266,1.0,83.35,0.0,83.35,0.0,0.142857,0.0,0.142857,0.0,0,1,4000.0,290.353132,0.0,7
2119.537904,1.0,342.07,270.07,72.0,0.0,0.583333,0.5,0.166667,0.0,0,11,3000.0,3505.371815,0.0,12
233.395491,0.818182,2025.0,2025.0,0.0,385.62779,0.75,0.75,0.0,0.083333,1,21,6000.0,2420.445403,0.5,12
318.186198,1.0,3548.64,2949.37,599.27,0.0,1.0,0.916667,1.0,0.0,0,51,20000.0,3908.960912,1.0,12
448.190189,1.0,1687.29,1687.29,0.0,0.0,0.5,0.5,0.0,0.0,0,8,11500.0,1464.000198,0.166667,12
908.354652,1.0,231.35,0.0,231.35,944.183414,1.0,0.0,0.857143,0.142857,3,7,1000.0,161.97536,0.0,7
546.844163,1.0,2427.26,1587.34,839.92,0.0,1.0,1.0,1.0,0.0,0,30,5000.0,1747.703784,0.333333,12
763.327047,1.0,579.28,300.0,279.28,727.52546,0.5,0.166667,0.416667,0.083333,1,13,1200.0,635.871404,0.0,12
1495.801569,1.0,420.03,320.03,100.0,0.0,1.0,0.25,1.0,0.0,0,16,6600.0,1283.885302,0.0,12
7006.751866,1.0,328.92,328.92,0.0,9497.696525,0.166667,0.166667,0.0,0.666667,12,2,10000.0,659.559695,0.0,6
4414.952906,1.0,419.64,0.0,419.64,0.0,1.0,0.0,1.0,0.0,0,12,4200.0,467.204852,0.0,12
255.052529,1.0,3267.03,1439.07,1827.96,0.0,1.0,1.0,1.0,0.0,0,101,6000.0,2841.850383,1.0,12
1167.045536,1.0,294.13,65.0,229.13,0.0,0.916667,0.083333,0.833333,0.0,0,12,1500.0,686.376349,0.0,12
3063.017462,1.0,0.0,0.0,0.0,3550.209696,0.0,0.0,0.0,0.166667,3,0,5500.0,757.537513,0.0,12
1546.216153,0.833333,0.0,0.0,0.0,2196.107878,0.0,0.0,0.0,0.166667,5,0,3000.0,247.706733,0.0,6
999.392635,1.0,0.0,0.0,0.0,2368.248319,0.0,0.0,0.0,0.333333,10,0,1500.0,1724.178215,0.1,12
3386.99251,1.0,171.92,171.92,0.0,0.0,0.416667,0.416667,0.0,0.0,0,5,4500.0,907.867126,0.0,12
963.572006,1.0,2210.97,1741.3,469.67,0.0,1.0,1.0,0.416667,0.0,0,50,9500.0,2946.752322,0.0,12
454.580913,1.0,1229.57,1229.57,0.0,0.0,0.416667,0.416667,0.0,0.0,0,16,2700.0,1125.497981,0.0,12
2572.508325,1.0,64.0,64.0,0.0,248.690762,0.083333,0.083333,0.0,0.083333,2,1,2800.0,373.433094,0.0,12
2596.59993,1.0,0.0,0.0,0.0,1700.074178,0.0,0.0,0.0,0.5,9,0,3000.0,1794.421173,0.0,12
13763.47358,1.0,9670.84,6701.08,2969.76,1896.204934,1.0,0.75,1.0,0.166667,2,88,17500.0,24199.11108,0.083333,12
1861.026633,1.0,7446.18,6376.98,1069.2,2817.03397,1.0,1.0,1.0,0.25,5,82,10000.0,10274.93122,0.333333,12
5422.456378,1.0,0.0,0.0,0.0,9972.234861,0.0,0.0,0.0,0.166667,2,0,14000.0,1661.693077,0.0,12
838.616485,1.0,375.57,375.57,0.0,99.587515,0.25,0.25,0.0,0.083333,1,3,6000.0,779.057364,0.0,12
446.735142,1.0,5228.36,2337.44,2890.92,0.0,1.0,1.0,1.0,0.0,0,71,3000.0,4843.737867,0.454545,12
88.823762,1.0,291.65,0.0,291.65,0.0,0.75,0.0,0.666667,0.0,0,10,8000.0,341.378477,0.083333,12
821.916526,0.857143,1386.4,1386.4,0.0,0.0,0.285714,0.285714,0.0,0.0,0,3,1500.0,238.348011,0.0,7
3714.539663,1.0,1307.16,1307.16,0.0,4245.840374,1.0,1.0,0.0,0.333333,4,24,5000.0,1529.771263,0.0,12
7811.234174,1.0,0.0,0.0,0.0,6372.109273,0.0,0.0,0.0,0.333333,8,0,16000.0,2322.058763,0.0,12
1024.761905,1.0,77.99,77.99,0.0,0.0,0.166667,0.166667,0.0,0.0,0,2,1200.0,555.23373,0.0,12
2386.932058,1.0,861.79,181.81,679.98,457.699229,0.333333,0.166667,0.166667,0.083333,1,7,6000.0,6532.686986,0.083333,12
15.492415,1.0,65.0,65.0,0.0,0.0,0.083333,0.083333,0.0,0.0,0,1,3000.0,19.221233,0.0,12
2643.876192,0.818182,798.34,277.0,521.34,3206.809796,0.5,0.25,0.416667,0.166667,2,19,4500.0,728.056878,0.0,12
4881.822347,1.0,0.0,0.0,0.0,223.953042,0.0,0.0,0.0,0.25,3,0,8500.0,1227.062915,0.0,12
1855.212121,1.0,32.22,32.22,0.0,37.743145,0.083333,0.083333,0.0,0.083333,1,1,2000.0,349.584645,0.0,12
13774.74154,1.0,404.24,0.0,404.24,3369.474535,0.25,0.0,0.25,0.5,7,3,14500.0,3167.870886,0.0,12
251.151609,0.363636,0.0,0.0,0.0,1084.813197,0.0,0.0,0.0,0.166667,4,0,1200.0,3597.140559,0.333333,12
1355.180523,0.909091,8820.67,2549.65,6271.02,0.0,0.75,0.583333,0.583333,0.0,0,37,6500.0,3609.323897,0.0,12
6713.551391,1.0,7590.08,7403.57,186.51,1596.569821,0.666667,0.666667,0.166667,0.166667,4,81,10000.0,2344.430467,0.0,12
2398.26262,1.0,0.0,0.0,0.0,722.361498,0.0,0.0,0.0,0.416667,8,0,6000.0,738.312743,0.0,12
1433.857464,1.0,1613.74,800.87,812.87,0.0,1.0,0.416667,0.833333,0.0,0,37,1500.0,1361.684623,0.0,12
142.406825,1.0,1214.74,574.33,640.41,0.0,1.0,0.333333,1.0,0.0,0,48,11000.0,941.91753,0.75,12
660.397749,1.0,776.89,698.99,77.9,0.0,0.166667,0.083333,0.083333,0.0,0,2,1500.0,487.294072,0.0,12
4834.586867,1.0,0.0,0.0,0.0,56.747353,0.0,0.0,0.0,0.1,1,0,5500.0,874.365824,0.0,10
2571.284657,1.0,0.0,0.0,0.0,259.611243,0.0,0.0,0.0,0.416667,7,0,2750.0,750.534962,0.0,12
492.916599,1.0,4371.82,2765.16,1606.66,0.0,1.0,0.916667,1.0,0.0,0,97,20000.0,3603.230966,0.583333,12
2752.146656,1.0,1648.53,618.55,1029.98,2146.51325,1.0,0.333333,1.0,0.25,4,46,6500.0,1427.725762,0.0,12
7715.659048,1.0,0.0,0.0,0.0,6182.982033,0.0,0.0,0.0,1.0,62,0,11500.0,1777.003806,0.0,12
0.25571,0.090909,24.0,0.0,24.0,0.0,0.166667,0.0,0.166667,0.0,0,2,1500.0,9.533313,0.0,12
95.865855,0.363636,1123.58,1123.58,0.0,0.0,0.083333,0.083333,0.0,0.0,0,9,1500.0,3245.496885,0.0,12
1439.343061,0.909091,571.91,571.91,0.0,0.0,0.25,0.25,0.0,0.0,0,5,2100.0,2573.55754,0.0,12
5603.045332,1.0,0.0,0.0,0.0,2909.490912,0.0,0.0,0.0,0.416667,6,0,7500.0,6135.140807,0.0,12
1.691842,1.0,0.0,0.0,0.0,1148.820355,0.0,0.0,0.0,0.166667,3,0,1500.0,3.500505,0.0,6
83.279345,1.0,1080.11,0.0,1080.11,0.0,1.0,0.0,1.0,0.0,0,23,9000.0,1065.332527,1.0,12
1157.168369,1.0,0.0,0.0,0.0,1249.682243,0.0,0.0,0.0,0.583333,10,0,3000.0,264.548484,0.0,12
1560.533094,0.777778,749.57,209.77,539.8,4096.907903,0.666667,0.222222,0.444444,0.666667,19,7,6000.0,617.46628,0.0,9
1575.508838,0.875,0.0,0.0,0.0,1977.834772,0.0,0.0,0.0,0.125,1,0,2500.0,260.843536,0.0,8
1544.979869,1.0,880.19,0.0,927.45,0.0,1.0,0.0,1.0,0.0,0,46,1500.0,1189.503063,0.0,12
1350.286625,1.0,642.33,642.33,0.0,0.0,0.5,0.5,0.0,0.0,0,12,9000.0,323.683167,0.0,12
1261.488342,1.0,890.2,890.2,0.0,0.0,0.5,0.5,0.0,0.0,0,9,3000.0,302.073647,0.0,12
1274.851959,1.0,1798.24,144.86,1653.38,756.233501,1.0,0.166667,0.916667,0.166667,3,17,1500.0,1340.224464,0.0,12
1646.715644,1.0,2720.68,2580.19,140.49,0.0,1.0,0.833333,0.666667,0.0,0,49,5000.0,2800.406648,0.0,12
3121.267822,0.888889,4139.56,4139.56,0.0,3607.406242,0.333333,0.333333,0.0,0.222222,3,8,9000.0,1600.272221,0.0,9
3406.473855,1.0,1140.0,0.0,1140.0,0.0,0.5,0.0,0.5,0.0,0,6,3650.0,2541.196672,0.0,12
4006.206157,1.0,169.28,0.0,169.28,2868.734582,0.583333,0.0,0.583333,0.25,7,7,6000.0,1553.157125,0.0,12
915.424422,0.857143,0.0,0.0,0.0,2454.439476,0.0,0.0,0.0,0.428571,6,0,1200.0,1665.025645,0.0,7
4193.283047,1.0,183.7,183.7,0.0,1585.714709,0.25,0.25,0.0,0.166667,4,4,10500.0,1030.093462,0.0,12
10397.09989,1.0,0.0,0.0,0.0,4045.620171,0.0,0.0,0.0,0.25,6,0,13000.0,3222.169406,0.0,12
2830.364475,1.0,1412.76,0.0,1412.76,2045.094842,1.0,0.0,1.0,0.416667,6,25,5000.0,6940.278105,0.0,12
5499.895765,1.0,0.0,0.0,0.0,485.269985,0.0,0.0,0.0,0.333333,6,0,6000.0,1445.294493,0.0,12
815.427615,1.0,1936.01,1471.04,464.97,232.292989,0.916667,0.5,1.0,0.083333,1,27,2000.0,1759.115089,0.0,12
756.041971,0.875,2486.1,2052.75,433.35,0.0,0.875,0.875,0.5,0.0,0,33,4000.0,948.092359,0.0,8
5271.415483,1.0,0.0,0.0,0.0,2193.804998,0.0,0.0,0.0,0.25,7,0,6500.0,1479.003541,0.0,12
23.276656,0.636364,796.56,0.0,796.56,0.0,1.0,0.0,1.0,0.0,0,13,4000.0,912.478311,0.636364,12
5639.464394,1.0,717.18,399.15,318.03,3856.971744,0.416667,0.166667,0.25,0.75,16,7,7000.0,1460.652254,0.0,12
5308.90635,1.0,0.0,0.0,0.0,4954.608429,0.0,0.0,0.0,0.5,21,0,9500.0,1334.749456,0.0,12
62.209376,0.090909,782.88,782.88,0.0,0.0,0.083333,0.083333,0.0,0.0,0,2,3000.0,2941.300379,0.0,12
2052.32561,1.0,0.0,0.0,0.0,200.266788,0.0,0.0,0.0,0.333333,5,0,2000.0,529.203224,0.0,12
56.720267,0.818182,260.0,260.0,0.0,0.0,0.083333,0.083333,0.0,0.0,0,1,5500.0,278.975102,0.0,12
1121.068043,1.0,0.0,0.0,0.0,56.461201,0.0,0.0,0.0,0.166667,3,0,1200.0,236.09244,0.0,12
9470.18498,1.0,49.19,0.0,49.19,4078.303778,0.416667,0.0,0.416667,0.25,6,5,12000.0,2230.957196,0.0,12
2388.503738,1.0,4021.29,2303.6,1717.69,2075.781347,1.0,1.0,0.5,0.333333,4,44,5000.0,2851.045852,0.0,12
1955.179305,1.0,503.45,503.45,0.0,0.0,0.083333,0.083333,0.0,0.0,0,1,10500.0,685.660178,0.0,12
432.915949,1.0,4430.17,3628.67,801.5,0.0,1.0,1.0,1.0,0.0,0,78,8500.0,4301.600928,1.0,12
2027.896903,1.0,933.5,933.5,0.0,1160.28334,0.083333,0.083333,0.0,0.083333,2,1,3000.0,393.417404,0.0,12
1252.58309,1.0,1163.93,950.03,213.9,0.0,0.833333,0.75,0.416667,0.0,0,22,5000.0,0.0,0.0,12
1822.43199,1.0,177.23,70.26,106.97,0.0,0.083333,0.083333,0.083333,0.0,0,3,2500.0,1136.340121,0.0,12
1557.750089,1.0,283.6,204.27,79.33,0.0,0.25,0.125,0.125,0.0,0,2,5000.0,424.829757,0.0,8
3879.064446,1.0,9796.28,9536.28,260.0,1959.013493,1.0,0.833333,0.583333,0.166667,2,45,19000.0,12667.90527,0.333333,12
708.509086,1.0,2109.61,1734.61,375.0,366.008558,1.0,0.583333,1.0,0.166667,3,19,6500.0,4591.162882,0.181818,12
2748.60877,1.0,0.0,0.0,0.0,434.319424,0.0,0.0,0.0,0.166667,4,0,3000.0,808.881566,0.0,12
4343.537475,1.0,1326.3,1326.3,0.0,1123.247578,1.0,1.0,0.0,0.166667,2,23,4500.0,1373.689245,0.0,12
8646.143734,1.0,0.0,0.0,0.0,10204.12284,0.0,0.0,0.0,0.416667,9,0,10000.0,11192.8048,0.0,12
90.445498,0.454545,0.0,0.0,0.0,729.325692,0.0,0.0,0.0,0.166667,2,0,3500.0,79.242572,0.0,12
9164.724752,1.0,3407.69,2074.16,1333.53,2063.860557,1.0,0.833333,1.0,0.166667,5,77,9500.0,0.0,0.0,12
298.592251,1.0,1804.09,620.16,1183.93,327.479813,0.916667,0.916667,0.666667,0.25,3,27,7500.0,1672.051219,0.181818,12
88.242406,0.636364,758.31,0.0,758.31,0.0,0.583333,0.0,0.5,0.0,0,7,6000.0,501.41401,0.416667,12
14.731998,0.818182,121.5,0.0,121.5,0.0,0.818182,0.0,0.818182,0.0,0,9,4000.0,137.148597,0.0,11
5211.229218,1.0,0.0,0.0,0.0,2316.206642,0.0,0.0,0.0,0.416667,10,0,5500.0,1009.545319,0.0,12
835.007085,0.75,90.39,90.39,0.0,1160.459619,0.125,0.125,0.0,0.125,1,1,1500.0,254.561828,0.0,8
2302.479845,1.0,0.0,0.0,0.0,861.574218,0.0,0.0,0.0,0.75,9,0,2600.0,0.0,0.0,12
1782.997768,0.909091,0.0,0.0,0.0,16037.32794,0.0,0.0,0.0,0.416667,11,0,10000.0,15923.28722,0.0,12
2435.823938,1.0,749.3,393.5,355.8,0.0,0.583333,0.083333,0.5,0.0,0,8,8500.0,2501.125038,0.0,12
10.096031,1.0,184.92,0.0,184.92,0.0,1.0,0.0,1.0,0.0,0,12,4000.0,185.189285,0.545455,12
1524.409377,1.0,70.0,0.0,70.0,640.711949,0.166667,0.0,0.166667,0.5,9,2,1500.0,973.097522,0.0,12
1819.529197,1.0,219.26,219.26,0.0,977.92638,0.25,0.25,0.0,0.333333,7,5,2500.0,518.949471,0.0,12
4.607593,0.181818,44.55,44.55,0.0,0.0,0.083333,0.083333,0.0,0.0,0,1,6000.0,267.147917,0.0,12
644.530629,1.0,268.68,0.0,268.68,0.0,1.0,0.0,1.0,0.0,0,12,1200.0,1557.68946,0.166667,12
147.180819,0.636364,0.0,0.0,0.0,1843.426883,0.0,0.0,0.0,0.166667,6,0,2600.0,0.0,0.0,12
197.555397,1.0,1876.8,0.0,1876.8,0.0,1.0,0.0,1.0,0.0,0,12,5000.0,1715.207478,1.0,12
1716.622291,1.0,455.76,36.0,419.76,0.0,1.0,0.083333,1.0,0.0,0,13,1700.0,881.425823,0.0,12
26.680023,0.545455,520.5,0.0,520.5,0.0,0.5,0.0,0.5,0.0,0,15,4000.0,551.370293,0.454545,12
5359.980872,1.0,0.0,0.0,0.0,1113.868654,0.0,0.0,0.0,0.25,3,0,6000.0,638.144031,0.0,12
772.54691,1.0,8519.02,8003.21,515.81,237.066662,1.0,1.0,1.0,0.083333,1,117,17500.0,5828.994002,0.833333,12
83.477053,0.181818,0.0,0.0,0.0,2654.856157,0.0,0.0,0.0,0.083333,2,0,3000.0,12902.18813,0.5,12
2654.816967,1.0,0.0,0.0,0.0,3469.664606,0.0,0.0,0.0,0.25,27,0,4000.0,3225.132002,0.0,12
81.762162,0.909091,777.04,521.46,255.58,0.0,0.833333,0.5,0.75,0.0,0,20,7500.0,753.811533,0.0,12
1373.277423,0.818182,0.0,0.0,0.0,2739.66574,0.0,0.0,0.0,0.166667,2,0,3300.0,0.0,0.0,12
1773.445786,1.0,4504.25,2986.66,1517.59,0.0,0.5,0.5,0.416667,0.0,0,37,8500.0,278.70437,0.0,12
227.07351,1.0,2370.01,1682.03,687.98,0.0,1.0,0.333333,1.0,0.0,0,35,4200.0,1948.361057,0.833333,12
155.924331,0.818182,517.14,460.57,56.57,0.0,0.416667,0.25,0.166667,0.0,0,7,3000.0,369.733274,0.0,12
4767.644535,1.0,806.0,481.0,325.0,1705.723287,1.0,0.083333,1.0,0.166667,3,25,8000.0,880.198403,0.0,12
2574.852985,1.0,578.66,578.66,0.0,6390.668135,1.0,1.0,0.0,0.272727,4,12,9500.0,3219.440365,0.0,11
3405.005439,1.0,8.4,8.4,0.0,0.0,1.0,1.0,0.0,0.0,0,12,10500.0,1015.698271,0.0,12
3517.561446,1.0,173.69,173.69,0.0,3122.99024,0.166667,0.166667,0.0,0.416667,6,2,5000.0,5091.300312,0.0,12
1748.546186,1.0,74.98,74.98,0.0,216.032736,0.166667,0.166667,0.0,0.25,5,2,1800.0,650.440749,0.0,12
4.503251,0.181818,60.24,0.0,60.24,0.0,0.166667,0.0,0.166667,0.0,0,2,4000.0,471.23242,0.5,12
2717.915641,1.0,1500.0,1500.0,0.0,475.122697,0.083333,0.083333,0.0,0.083333,1,2,4600.0,949.592719,0.0,12
1841.359829,1.0,2280.58,0.0,2280.58,0.0,1.0,0.0,0.916667,0.0,0,20,1800.0,2463.113969,0.0,12
1399.729932,1.0,0.0,0.0,0.0,1967.782148,0.0,0.0,0.0,0.333333,5,0,3000.0,712.803089,0.0,12
674.817091,1.0,1152.83,0.0,1152.83,0.0,1.0,0.0,1.0,0.0,0,21,7000.0,0.0,0.0,12
2406.569238,1.0,0.0,0.0,0.0,94.706407,0.0,0.0,0.0,0.25,4,0,2400.0,314.272712,0.0,12
285.308422,0.181818,0.0,0.0,0.0,2644.698717,0.0,0.0,0.0,0.166667,7,0,3000.0,248.742811,0.0,12
1011.110679,1.0,186.11,61.11,125.0,0.0,0.333333,0.083333,0.25,0.0,0,5,3000.0,634.853367,0.0,12
1358.890643,1.0,89.9,28.0,61.9,0.0,0.333333,0.083333,0.166667,0.0,0,4,7000.0,323.344372,0.0,12
1392.773202,1.0,221.61,221.61,0.0,0.0,0.666667,0.666667,0.0,0.0,0,8,1700.0,369.345758,0.0,12
487.584965,0.727273,4768.27,4768.27,0.0,0.0,0.727273,0.727273,0.0,0.0,0,27,2500.0,1980.213325,0.454545,11
1892.439622,1.0,86.7,86.7,0.0,92.435934,0.166667,0.166667,0.0,0.083333,2,2,2000.0,534.092827,0.0,12
3957.419199,1.0,1162.63,1021.67,140.96,3808.247988,0.5,0.416667,0.166667,0.666667,21,14,7500.0,1476.991573,0.0,12
920.968431,1.0,977.38,615.99,361.39,0.0,0.833333,0.25,0.833333,0.0,0,18,3350.0,549.396517,0.0,12
227.781773,1.0,1497.82,690.57,807.25,0.0,1.0,0.333333,0.833333,0.0,0,31,3500.0,342.79543,0.090909,12
4270.148411,0.888889,363.0,363.0,0.0,5307.322893,0.111111,0.111111,0.0,0.555556,11,2,5500.0,1250.695005,0.0,9
4115.739163,1.0,0.0,0.0,0.0,540.251858,0.0,0.0,0.0,0.25,3,0,8500.0,1006.261579,0.0,12
1375.845223,1.0,0.0,0.0,0.0,112.680045,0.0,0.0,0.0,0.25,3,0,1500.0,306.606914,0.0,12
1300.593766,1.0,0.0,0.0,0.0,513.664928,0.0,0.0,0.0,0.166667,3,0,3000.0,386.660071,0.0,12
1437.895562,1.0,350.0,0.0,350.0,0.0,0.166667,0.0,0.166667,0.0,0,2,4000.0,0.0,0.0,12
1304.357015,1.0,1488.8,987.68,501.12,858.516418,0.833333,0.25,0.583333,0.166667,2,21,2000.0,612.674919,0.0,12
1372.725482,1.0,992.25,651.4,340.85,667.818882,0.833333,0.25,0.75,0.25,3,18,4500.0,2899.141015,0.0,12
938.177781,1.0,1288.42,0.0,1288.42,0.0,0.916667,0.0,0.916667,0.0,0,23,1500.0,1018.536172,0.0,12
129.3741,1.0,1102.72,0.0,1102.72,0.0,1.0,0.0,1.0,0.0,0,15,4000.0,1123.51632,0.833333,12
161.198861,1.0,536.68,103.0,433.68,0.0,1.0,0.083333,1.0,0.0,0,13,1000.0,280.826685,0.090909,12
825.977042,1.0,0.0,0.0,0.0,904.460261,0.0,0.0,0.0,0.166667,4,0,2500.0,522.917982,0.0,12
230.359954,1.0,2163.12,1383.12,780.0,0.0,1.0,1.0,0.333333,0.0,0,23,4000.0,0.0,0.0,12
3616.993845,0.888889,0.0,0.0,0.0,4947.781762,0.0,0.0,0.0,0.555556,7,0,5500.0,529.726072,0.0,9
8220.740014,1.0,5197.22,4001.41,1195.81,18857.05847,1.0,0.571429,0.857143,1.0,25,15,13000.0,12886.44123,0.2,7
4438.521324,1.0,591.84,109.16,482.68,564.365429,0.636364,0.181818,0.454545,0.272727,3,11,17000.0,5552.601399,0.0,11
2210.404961,1.0,1790.64,1358.4,432.24,1660.66756,1.0,0.833333,1.0,0.75,18,52,10500.0,8862.839094,0.0,12
2315.003636,1.0,0.0,0.0,0.0,3253.033658,0.0,0.0,0.0,0.666667,27,0,3000.0,2467.952091,0.0,12
1255.779743,1.0,385.0,385.0,0.0,0.0,0.166667,0.166667,0.0,0.0,0,2,5000.0,0.0,0.0,12
62.596086,1.0,475.0,0.0,475.0,0.0,1.0,0.0,0.916667,0.0,0,12,1500.0,408.132037,0.9,12
5280.649637,1.0,0.0,0.0,0.0,1786.833644,0.0,0.0,0.0,0.333333,4,0,6000.0,1648.300986,0.0,12
170.907823,0.909091,1366.3,1366.3,0.0,0.0,0.5,0.5,0.0,0.0,0,11,2000.0,3453.112338,0.4,12
1271.212003,0.909091,76.94,76.94,0.0,0.0,0.181818,0.181818,0.0,0.0,0,2,1500.0,257.110005,0.0,11
11083.32542,1.0,2126.7,2026.7,100.0,1622.219455,0.5,0.25,0.416667,0.5,7,10,15000.0,2494.033369,0.0,12
992.599867,1.0,100.0,100.0,0.0,593.181763,0.083333,0.083333,0.0,0.166667,3,1,1200.0,0.0,0.0,12
10131.00055,1.0,0.0,0.0,0.0,3330.326162,0.0,0.0,0.0,0.166667,5,0,14500.0,4056.944212,0.0,12
4419.30294,1.0,12551.95,10901.24,1650.71,14896.54051,1.0,0.666667,1.0,0.5,19,122,17000.0,31698.41902,0.416667,12
2173.621597,1.0,200.0,200.0,0.0,201.404735,0.083333,0.083333,0.0,0.25,4,1,8000.0,495.968187,0.0,12
9901.685569,1.0,2190.95,832.49,1358.46,1913.350112,1.0,0.416667,0.916667,0.25,4,43,11500.0,2972.248185,0.0,12
2320.309453,1.0,2896.05,2209.21,686.84,187.030671,1.0,0.916667,0.916667,0.083333,1,90,13500.0,1341.195566,0.0,12
910.072514,1.0,18.05,0.0,18.05,19.118837,0.083333,0.0,0.083333,0.083333,1,1,1000.0,233.886707,0.0,12
1374.460976,1.0,1990.81,0.0,1990.81,0.0,1.0,0.0,0.916667,0.0,0,31,5000.0,0.0,0.0,12
0.0,0.0,199.88,0.0,199.88,0.0,0.75,0.0,0.75,0.0,0,14,4000.0,0.0,0.0,12
268.493643,1.0,4917.48,3300.1,1617.38,0.0,1.0,0.25,1.0,0.0,0,31,13500.0,3552.167671,0.375,12
1827.200326,1.0,1325.27,1161.66,163.61,0.0,0.75,0.5,0.416667,0.0,0,21,4000.0,666.371943,0.0,12
1029.66874,1.0,1448.59,1229.0,219.59,1070.165399,0.666667,0.25,0.5,0.166667,2,18,1200.0,3008.279166,0.083333,12
993.533549,1.0,851.68,0.0,851.68,1515.648089,0.833333,0.0,0.75,0.083333,4,12,1500.0,1660.242557,0.0,12
3150.679884,1.0,0.0,0.0,0.0,365.816939,0.0,0.0,0.0,0.416667,5,0,3500.0,819.246481,0.0,12
11654.55492,1.0,463.0,74.0,389.0,3096.807933,0.583333,0.083333,0.416667,0.416667,17,7,12500.0,3024.60947,0.0,12
1254.970145,1.0,769.34,769.34,0.0,2234.780695,0.166667,0.166667,0.0,0.333333,7,3,7000.0,0.0,0.0,12
2174.018945,1.0,377.1,177.62,199.48,388.849566,0.333333,0.083333,0.25,0.166667,2,5,2600.0,0.0,0.0,12
1076.029456,1.0,0.0,0.0,0.0,59.57182,0.0,0.0,0.0,0.083333,2,0,1200.0,239.407898,0.0,12
1444.365154,0.727273,780.14,69.9,710.24,3573.493609,0.416667,0.083333,0.25,0.25,6,5,9000.0,6123.111421,0.285714,12
2767.545277,1.0,3480.24,2767.28,712.96,0.0,1.0,1.0,0.666667,0.0,0,60,12500.0,4062.447703,0.0,12
1382.310939,1.0,0.0,0.0,0.0,189.624301,0.0,0.0,0.0,0.5,6,0,1500.0,381.094555,0.0,12
716.017731,1.0,0.0,0.0,0.0,3943.873219,0.0,0.0,0.0,0.166667,4,0,12000.0,232.136896,0.0,12
1890.397414,1.0,2493.67,358.0,2135.67,0.0,1.0,0.083333,1.0,0.0,0,26,3000.0,916.285608,0.0,12
1948.434315,1.0,324.3,324.3,0.0,1468.08356,0.166667,0.166667,0.0,0.166667,4,4,5000.0,0.0,0.0,12
44.910575,1.0,444.96,0.0,444.96,0.0,1.0,0.0,1.0,0.0,0,12,3000.0,426.881014,1.0,12
802.274379,0.636364,150.0,0.0,150.0,3714.01114,0.25,0.0,0.25,0.166667,2,3,6000.0,0.0,0.0,12
6059.861762,1.0,250.32,250.32,0.0,4447.636548,0.083333,0.083333,0.0,0.666667,10,1,7000.0,0.0,0.0,12
847.013195,0.833333,0.0,0.0,0.0,1159.447747,0.0,0.0,0.0,0.333333,5,0,1200.0,101.664939,0.0,6
1843.308668,1.0,89.66,89.66,0.0,126.156551,0.2,0.2,0.0,0.6,6,5,2000.0,375.878055,0.0,10
21.681508,1.0,299.04,0.0,299.04,0.0,1.0,0.0,1.0,0.0,0,12,7500.0,320.616627,0.916667,12
3558.685862,1.0,1036.19,1036.19,0.0,3270.549354,0.25,0.25,0.0,0.5,11,6,7300.0,1616.614478,0.0,12
14581.45914,1.0,0.0,0.0,0.0,22665.7785,0.0,0.0,0.0,0.833333,30,0,18500.0,20941.32551,0.0,12
902.099225,0.818182,5080.85,4674.21,406.64,0.0,0.416667,0.333333,0.25,0.0,0,12,8000.0,177.879919,0.0,12
1081.065726,1.0,554.85,262.4,292.45,952.424906,0.5,0.25,0.333333,0.166667,8,20,2100.0,1898.82812,0.0,12
9255.143419,1.0,5153.28,3352.28,1801.0,0.0,1.0,0.583333,1.0,0.0,0,105,11500.0,4872.818088,0.0,12
228.909884,1.0,2617.85,2426.43,191.42,0.0,1.0,0.916667,0.416667,0.0,0,35,1800.0,1774.318305,0.7,12
1486.051056,1.0,716.98,217.06,499.92,273.531783,1.0,0.25,1.0,0.083333,1,17,1600.0,1477.151065,0.0,12
337.317432,1.0,4193.91,3076.01,1117.9,0.0,1.0,1.0,0.583333,0.0,0,27,3000.0,3690.904874,1.0,12
2643.39225,1.0,965.84,737.79,228.05,0.0,1.0,0.75,0.666667,0.0,0,33,4300.0,771.299727,0.0,12
4007.029155,1.0,7597.09,6761.29,835.8,0.0,1.0,1.0,0.333333,0.0,0,22,6500.0,0.0,0.0,12
128.375213,0.727273,0.0,0.0,0.0,1897.551775,0.0,0.0,0.0,0.083333,2,0,9500.0,0.0,0.0,12
2903.779416,1.0,360.3,112.61,247.69,3501.657389,0.416667,0.083333,0.333333,0.5,10,7,11500.0,3014.036186,0.0,12
233.694622,1.0,1772.55,1352.55,420.0,0.0,1.0,1.0,0.75,0.0,0,29,1200.0,764.816144,0.083333,12
150.52492,1.0,1850.31,1815.31,35.0,0.0,1.0,1.0,0.083333,0.0,0,41,14000.0,1856.821119,0.636364,12
3066.86081,1.0,84.65,0.0,84.65,0.0,0.75,0.0,0.75,0.0,0,9,8000.0,922.962087,0.0,12
11.35774,0.555556,223.5,175.5,48.0,0.0,0.333333,0.222222,0.111111,0.0,0,4,17500.0,192.80601,0.0,9
6366.085376,0.818182,407.86,307.8,100.06,14827.30716,0.083333,0.083333,0.083333,0.166667,2,5,12500.0,5722.548016,0.0,12
53.339006,1.0,315.48,0.0,315.48,0.0,1.0,0.0,1.0,0.0,0,12,1000.0,193.699669,0.0,12
1917.203534,1.0,0.0,0.0,0.0,84.438672,0.0,0.0,0.0,0.083333,1,0,2000.0,468.617347,0.0,12
361.588846,1.0,312.69,312.69,0.0,370.511697,0.25,0.25,0.0,0.166667,2,5,7500.0,867.628724,0.0,12
5878.663267,1.0,1230.08,1000.0,230.08,4665.557504,1.0,0.083333,1.0,0.666667,24,13,6500.0,2535.48125,0.0,12
7143.680599,1.0,0.0,0.0,0.0,2999.900367,0.0,0.0,0.0,0.25,3,0,13000.0,8733.20327,0.0,12
559.944819,0.818182,0.0,0.0,0.0,1379.58783,0.0,0.0,0.0,0.166667,3,0,3000.0,1964.825042,0.142857,12
79.625341,1.0,701.44,701.44,0.0,0.0,1.0,1.0,0.0,0.0,0,13,6000.0,0.0,0.0,12
1701.20332,1.0,302.0,0.0,302.0,796.570678,0.5,0.0,0.416667,0.083333,1,6,2000.0,784.873315,0.0,12
993.662006,1.0,348.88,348.88,0.0,0.0,0.333333,0.333333,0.0,0.0,0,4,1200.0,335.62347,0.0,12
939.152528,1.0,3393.25,3364.59,77.66,0.0,0.25,0.25,0.083333,0.0,0,5,9000.0,2768.821579,0.0,12
7427.807223,1.0,205.89,110.0,95.89,3697.222827,0.416667,0.083333,0.416667,0.666667,11,12,9500.0,2404.231683,0.0,12
2746.923673,1.0,0.0,0.0,0.0,4289.506847,0.0,0.0,0.0,0.333333,11,0,6500.0,2017.190799,0.0,12
24.820164,0.727273,209.0,0.0,209.0,0.0,0.5,0.0,0.333333,0.0,0,6,1500.0,278.257109,0.75,12
31.702357,0.181818,1051.52,732.2,319.32,0.0,1.0,0.083333,1.0,0.0,0,16,4600.0,5384.409792,0.0,12
1023.323593,1.0,253.37,196.37,57.0,0.0,0.916667,0.5,0.5,0.0,0,16,1200.0,463.956486,0.0,12
2.957267,0.272727,202.72,0.0,202.72,0.0,0.833333,0.0,0.833333,0.0,0,10,4500.0,31.596193,0.0,12
1068.434064,1.0,27.0,0.0,27.0,0.0,0.083333,0.0,0.083333,0.0,0,1,1200.0,219.692369,0.0,12
6725.109914,1.0,6335.65,912.12,5423.53,0.0,1.0,0.583333,1.0,0.0,0,108,11000.0,3203.884297,0.0,12
515.135703,1.0,2457.48,1272.5,1184.98,0.0,1.0,0.583333,1.0,0.0,0,69,7000.0,2858.180367,0.25,12
0.867528,0.272727,26.62,0.0,26.62,0.0,0.333333,0.0,0.333333,0.0,0,4,4500.0,18.336805,0.090909,12
542.051302,1.0,4896.9,721.46,4175.44,960.975083,1.0,0.416667,0.916667,0.083333,2,64,2500.0,5338.901791,1.0,12
39.798993,0.454545,20.09,20.09,0.0,0.0,0.333333,0.333333,0.0,0.0,0,5,3200.0,0.0,0.0,12
1894.11023,1.0,678.0,678.0,0.0,0.0,1.0,1.0,0.0,0.0,0,12,2000.0,992.569418,0.0,12
5980.58247,1.0,0.0,0.0,0.0,12008.08079,0.0,0.0,0.0,0.416667,30,0,11000.0,9736.897362,0.083333,12
176.721561,1.0,1707.26,403.54,1303.72,0.0,0.916667,0.083333,0.833333,0.0,0,18,3300.0,0.0,0.0,12
4223.832142,1.0,0.0,0.0,0.0,3305.855177,0.0,0.0,0.0,0.5,18,0,4500.0,0.0,0.0,12
55.741802,0.818182,963.35,300.0,663.35,0.0,0.75,0.083333,0.583333,0.0,0,11,14000.0,1062.303105,0.7,12
179.290727,1.0,2540.9,1234.77,1306.13,0.0,0.916667,0.833333,0.916667,0.0,0,30,5000.0,2478.954766,1.0,12
634.825209,1.0,1478.36,1343.45,134.91,0.0,0.5,0.416667,0.166667,0.0,0,12,1200.0,1371.998686,0.0,12
6002.618198,1.0,0.0,0.0,0.0,1163.462217,0.0,0.0,0.0,0.5,10,0,6500.0,1498.948148,0.0,12
1104.960744,1.0,45.65,45.65,0.0,0.0,0.083333,0.083333,0.0,0.0,0,1,1200.0,293.890715,0.0,12
851.278168,0.727273,0.0,0.0,0.0,2037.036785,0.0,0.0,0.0,0.166667,3,0,3000.0,4998.620598,0.111111,12
914.222213,1.0,563.39,400.14,163.25,136.50351,0.916667,0.5,0.916667,0.333333,5,40,900.0,0.0,0.0,12
3122.171879,1.0,974.3,712.3,262.0,189.408446,0.75,0.583333,0.416667,0.416667,5,21,3000.0,1520.760286,0.0,12
645.528692,1.0,0.0,0.0,0.0,6479.639793,0.0,0.0,0.0,0.083333,1,0,10000.0,0.0,0.0,12
1803.898764,1.0,562.01,63.6,498.41,0.0,1.0,0.083333,1.0,0.0,0,19,1800.0,2010.58964,0.0,12
330.273411,1.0,53.8,53.8,0.0,0.0,0.25,0.25,0.0,0.0,0,6,2500.0,429.112894,0.0,12
1168.040482,0.909091,1113.1,801.19,311.91,0.0,0.833333,0.416667,0.75,0.0,0,26,6500.0,4239.684074,0.0,12
4593.577983,1.0,0.0,0.0,0.0,393.742621,0.0,0.0,0.0,0.1,1,0,5250.0,1064.91324,0.0,10
391.179957,0.909091,7363.38,6965.06,398.32,0.0,0.833333,0.666667,0.416667,0.0,0,42,4500.0,11891.44907,1.0,12
12358.32132,1.0,421.15,0.0,421.15,5690.168909,0.583333,0.0,0.583333,0.583333,11,7,17000.0,4131.495556,0.0,12
95.645669,0.272727,566.43,463.8,102.63,0.0,0.166667,0.166667,0.083333,0.0,0,3,9000.0,73.895095,0.0,12
2072.457624,1.0,17409.21,11263.17,6146.04,0.0,1.0,1.0,1.0,0.0,0,175,19500.0,19517.1616,0.333333,12
3215.307061,1.0,0.0,0.0,0.0,629.109981,0.0,0.0,0.0,0.583333,11,0,3500.0,1333.839527,0.0,12
2437.750644,0.9,1177.64,1177.64,0.0,2961.278225,0.5,0.5,0.0,0.4,7,29,3000.0,1325.182603,0.0,10
460.432607,1.0,1009.44,858.48,150.96,0.0,0.916667,0.583333,0.75,0.0,0,25,4000.0,1292.401995,0.0,12
1895.695148,1.0,200.0,200.0,0.0,493.281286,0.083333,0.083333,0.0,0.25,7,3,2000.0,861.663355,0.0,12
51.161976,0.25,736.72,736.72,0.0,0.0,0.5,0.5,0.0,0.0,0,5,4500.0,1665.89154,1.0,8
40.332553,0.545455,158.37,0.0,158.37,0.0,0.083333,0.0,0.083333,0.0,0,1,3000.0,2280.290156,0.0,12
1.355556,0.727273,0.01,0.01,0.0,0.0,0.083333,0.083333,0.0,0.0,0,1,6500.0,0.0,0.0,12
1462.280124,1.0,516.0,0.0,516.0,0.0,1.0,0.0,1.0,0.0,0,12,1500.0,752.367432,0.0,12
337.629461,1.0,251.44,251.44,0.0,0.0,1.0,1.0,0.0,0.0,0,12,6000.0,0.0,0.0,12
1518.813947,1.0,2110.98,1748.98,362.0,0.0,0.9,0.5,0.6,0.0,0,20,1700.0,663.894987,0.0,10
1538.569369,1.0,3852.37,2681.99,1170.38,0.0,1.0,0.75,0.75,0.0,0,35,6000.0,3386.915692,0.272727,12
1084.291919,1.0,270.0,270.0,0.0,0.0,0.25,0.25,0.0,0.0,0,3,1200.0,371.168672,0.0,12
3908.10498,1.0,1238.12,1159.3,78.82,1799.316522,0.666667,0.583333,0.166667,0.25,4,13,6000.0,1147.443975,0.0,12
16.553858,0.272727,308.16,308.16,0.0,0.0,0.25,0.25,0.0,0.0,0,3,2500.0,291.719987,0.0,12
243.010712,0.363636,0.0,0.0,0.0,1222.166225,0.0,0.0,0.0,0.166667,3,0,12000.0,196.932031,0.0,12
463.07144,1.0,1817.84,1817.84,0.0,0.0,0.333333,0.333333,0.0,0.0,0,4,6000.0,0.0,0.0,12
192.037218,0.909091,1000.0,1000.0,0.0,0.0,0.083333,0.083333,0.0,0.0,0,1,1500.0,1128.431348,0.090909,12
1493.440295,1.0,0.0,0.0,0.0,77.328556,0.0,0.0,0.0,0.25,3,0,1600.0,455.872747,0.0,12
853.34928,0.8,3209.14,2795.14,414.0,898.013564,0.7,0.6,0.5,0.2,3,28,10000.0,2841.834049,0.0,10
1295.446588,1.0,886.37,886.37,0.0,1310.182842,0.333333,0.333333,0.0,0.416667,8,7,1800.0,2966.291948,0.0,12
4890.470857,0.909091,0.0,0.0,0.0,9009.157522,0.0,0.0,0.0,0.454545,5,0,7500.0,7296.483613,0.0,11
1905.101343,1.0,455.72,0.0,455.72,0.0,1.0,0.0,1.0,0.0,0,22,3000.0,576.311637,0.0,12
69.016286,0.909091,749.9,0.0,749.9,0.0,0.909091,0.0,0.818182,0.0,0,10,1500.0,701.387872,0.777778,11
2872.838687,1.0,555.0,0.0,555.0,0.0,0.666667,0.0,0.583333,0.0,0,12,3000.0,1397.027257,0.0,12
2437.73951,1.0,1093.93,695.29,398.64,822.700458,1.0,0.25,1.0,0.166667,4,15,2900.0,556.213673,0.0,12
160.816558,1.0,1755.76,1755.76,0.0,0.0,1.0,1.0,0.0,0.0,0,20,2500.0,1633.050111,0.916667,12
2802.369018,1.0,829.15,0.0,829.15,476.329395,0.416667,0.0,0.333333,0.083333,1,5,3000.0,1393.564911,0.0,12
4618.091584,1.0,541.68,541.68,0.0,3580.753362,0.166667,0.166667,0.0,0.166667,2,2,8500.0,0.0,0.0,12
3108.393701,0.9,26582.34,15158.9,11423.44,0.0,0.9,0.8,0.8,0.0,0,55,28000.0,26557.09724,0.875,10
3946.421177,1.0,1508.54,1508.54,0.0,0.0,1.0,1.0,0.0,0.0,0,16,8500.0,0.0,0.0,12
560.414016,1.0,99.0,99.0,0.0,909.10915,0.083333,0.083333,0.0,0.25,3,1,1000.0,407.819493,0.0,12
2001.030926,1.0,1534.98,1424.58,110.4,1407.204652,1.0,0.75,0.333333,0.666667,17,32,4000.0,867.884346,0.0,12
1216.893766,1.0,76.3,76.3,0.0,0.0,0.166667,0.166667,0.0,0.0,0,3,1200.0,533.085955,0.0,12
343.966223,1.0,3927.12,0.0,3927.12,0.0,1.0,0.0,1.0,0.0,0,34,5500.0,3626.983417,0.333333,12
887.679317,1.0,1486.31,179.75,1306.56,0.0,1.0,0.833333,0.916667,0.0,0,39,1800.0,0.0,0.0,12
5573.146558,1.0,435.14,435.14,0.0,3935.733135,1.0,1.0,0.0,0.333333,7,14,7000.0,1587.909833,0.0,12
31.490163,0.636364,280.35,280.35,0.0,900.547414,0.166667,0.166667,0.0,0.166667,2,3,4000.0,0.0,0.0,12
1464.19148,1.0,367.94,246.2,121.74,0.0,0.583333,0.25,0.416667,0.0,0,9,1500.0,719.945677,0.0,12
114.38833,1.0,182.0,0.0,182.0,0.0,0.333333,0.0,0.333333,0.0,0,4,1500.0,169.708108,0.083333,12
1355.312146,0.818182,1682.06,1383.74,298.32,0.0,1.0,0.25,1.0,0.0,0,15,13000.0,6965.353704,0.0,12
357.62718,1.0,3070.45,1864.11,1206.34,0.0,0.916667,0.916667,0.416667,0.0,0,20,18500.0,4023.111073,1.0,12
1368.288512,1.0,34.0,0.0,34.0,135.178439,0.083333,0.0,0.083333,0.25,3,1,1600.0,1913.744848,0.0,12
2870.08219,0.909091,490.21,490.21,0.0,10735.1018,0.272727,0.272727,0.0,0.636364,29,3,6000.0,5956.127312,0.0,11
2797.233197,1.0,2197.21,1101.76,1095.45,1824.823395,1.0,0.25,1.0,0.083333,2,31,4000.0,0.0,0.0,12
1055.53207,1.0,170.0,0.0,170.0,0.0,0.25,0.0,0.166667,0.0,0,3,1200.0,229.301004,0.0,12
3421.5478,1.0,36.0,0.0,36.0,19.042417,0.083333,0.0,0.083333,0.083333,1,1,3500.0,404.993426,0.0,12
165.700863,1.0,1806.97,132.81,1674.16,0.0,1.0,0.25,1.0,0.0,0,28,3500.0,1595.482975,1.0,12
5317.783607,1.0,0.0,0.0,0.0,5833.696908,0.0,0.0,0.0,0.416667,8,0,6500.0,3154.862353,0.0,12
1532.278572,1.0,2612.1,1375.5,1236.6,0.0,0.916667,0.916667,0.75,0.0,0,135,6500.0,1348.321843,0.0,12
1506.516549,1.0,1188.78,179.56,1009.22,65.104506,1.0,0.333333,1.0,0.083333,2,91,6500.0,2813.165078,0.166667,12
195.804466,0.909091,0.0,0.0,0.0,477.378737,0.0,0.0,0.0,0.083333,1,0,1950.0,550.825801,0.1,12
2845.16043,0.727273,735.09,652.94,82.15,0.0,0.666667,0.25,0.333333,0.0,0,8,10500.0,6006.492582,0.0,12
1268.352178,1.0,1533.28,0.0,1533.28,2294.002357,1.0,0.0,0.916667,0.333333,8,20,1200.0,3363.275481,0.0,12
1250.394614,0.909091,443.99,443.99,0.0,0.0,0.272727,0.272727,0.0,0.0,0,3,3500.0,273.823646,0.0,11
9.503968,1.0,96.62,0.0,96.62,0.0,1.0,0.0,1.0,0.0,0,19,4500.0,1086.932525,0.25,12
2285.068731,1.0,0.0,0.0,0.0,1173.310874,0.0,0.0,0.0,0.166667,5,0,2500.0,381.672065,0.0,12
2928.756699,1.0,160.92,0.0,160.92,319.931964,1.0,0.0,1.0,0.333333,5,12,3000.0,1142.847203,0.0,12
1460.178578,1.0,937.96,100.0,837.96,0.0,1.0,0.083333,1.0,0.0,0,40,1500.0,1186.859701,0.0,12
2022.469335,1.0,22.5,0.0,22.5,0.0,0.416667,0.0,0.416667,0.0,0,5,10000.0,2062.495163,0.0,12
1651.127455,1.0,720.18,478.53,241.65,0.0,0.583333,0.166667,0.333333,0.0,0,7,5000.0,0.0,0.0,12
76.483078,0.727273,69.0,69.0,0.0,0.0,0.083333,0.083333,0.0,0.0,0,1,4500.0,462.226271,0.0,12
3766.072756,1.0,64.82,34.96,29.86,298.108645,0.25,0.083333,0.166667,0.166667,4,3,4150.0,1019.849756,0.0,12
1083.07662,1.0,0.0,0.0,0.0,91.903204,0.0,0.0,0.0,0.083333,1,0,1200.0,309.300185,0.0,12
250.123525,0.909091,2655.99,2655.99,0.0,0.0,0.916667,0.916667,0.0,0.0,0,21,3600.0,3155.89347,0.727273,12
41.146561,1.0,825.0,0.0,825.0,0.0,1.0,0.0,1.0,0.0,0,12,2500.0,887.677869,0.727273,12
3340.233396,1.0,1783.57,1400.59,382.98,9569.469311,0.833333,0.25,0.75,0.833333,29,22,8000.0,6173.822229,0.0,12
97.649883,0.454545,1092.59,673.11,419.48,0.0,1.0,0.166667,1.0,0.0,0,26,18000.0,1399.323719,0.090909,12
253.143106,0.142857,0.0,0.0,0.0,3351.385591,0.0,0.0,0.0,0.142857,3,0,5000.0,0.0,0.0,7
1239.889457,1.0,3914.15,2643.0,1271.15,0.0,0.583333,0.25,0.416667,0.0,0,12,9500.0,3980.107176,0.083333,12
3846.498183,1.0,788.54,734.45,54.09,69.894469,0.545455,0.363636,0.181818,0.090909,2,8,4200.0,2071.865365,0.0,11
12373.33348,1.0,830.15,200.0,630.15,10249.921,0.75,0.166667,0.583333,0.916667,26,14,11000.0,14040.86635,0.0,12
1958.327414,1.0,0.0,0.0,0.0,39.461591,0.0,0.0,0.0,0.083333,1,0,2100.0,404.070285,0.0,12
411.727643,0.909091,1037.82,1037.82,0.0,0.0,0.5,0.5,0.0,0.0,0,12,6500.0,1461.416883,0.1,12
1548.76729,1.0,723.65,723.65,0.0,0.0,1.0,1.0,0.0,0.0,0,24,8500.0,0.0,0.0,12
2128.151695,1.0,0.0,0.0,0.0,19.345729,0.0,0.0,0.0,0.083333,1,0,2100.0,138.907177,0.0,12
1046.785259,0.555556,0.0,0.0,0.0,2908.400137,0.0,0.0,0.0,0.333333,13,0,3000.0,87.879339,0.0,9
640.595851,1.0,2496.57,1837.56,659.01,0.0,0.5,0.333333,0.166667,0.0,0,14,3000.0,1145.707252,0.0,12
270.096134,0.818182,3061.26,1913.26,1148.0,0.0,0.666667,0.333333,0.666667,0.0,0,20,6000.0,3594.046318,0.454545,12
1583.622027,1.0,45.65,45.65,0.0,0.0,0.090909,0.090909,0.0,0.0,0,1,1700.0,317.911208,0.0,11
380.384776,0.545455,1188.0,1188.0,0.0,0.0,0.083333,0.083333,0.0,0.0,0,2,9000.0,2461.320337,0.0,12
445.409094,1.0,307.11,163.29,143.82,0.0,0.833333,0.25,0.666667,0.0,0,12,1500.0,467.844102,0.0,12
117.949494,1.0,1368.88,1088.23,280.65,0.0,1.0,0.166667,1.0,0.0,0,15,4500.0,455.527411,1.0,12
2608.143732,1.0,207.68,207.68,0.0,189.874314,0.083333,0.083333,0.0,0.083333,1,1,3000.0,1243.840314,0.0,12
48.521324,1.0,514.97,514.97,0.0,0.0,1.0,1.0,0.0,0.0,0,16,5500.0,380.613937,0.25,12
1076.571029,1.0,45.65,45.65,0.0,48.730842,0.083333,0.083333,0.0,0.083333,1,1,1200.0,299.78995,0.0,12
2294.145941,1.0,29.29,0.0,29.29,137.256946,0.083333,0.0,0.083333,0.083333,2,1,2100.0,149.363733,0.0,12
25.570988,0.454545,45.65,45.65,0.0,0.0,0.083333,0.083333,0.0,0.0,0,1,1500.0,491.455491,0.0,12
5049.442457,1.0,0.0,0.0,0.0,3631.844028,0.0,0.0,0.0,0.333333,5,0,8500.0,8574.541634,0.0,12
5516.201451,1.0,0.0,0.0,0.0,2941.903445,0.0,0.0,0.0,0.333333,11,0,6000.0,1443.4332,0.0,12
300.782119,0.909091,2590.95,2330.95,260.0,0.0,0.75,0.666667,0.25,0.0,0,18,10000.0,3286.584674,0.875,12
1133.090254,1.0,85.92,0.0,85.92,551.078807,0.583333,0.0,0.583333,1.0,13,7,1200.0,0.0,0.0,12
5842.231445,1.0,452.59,241.53,211.06,786.62111,0.916667,0.416667,0.916667,0.25,5,22,7500.0,4431.489516,0.0,12
7.980453,0.272727,0.0,0.0,0.0,95.842922,0.0,0.0,0.0,0.083333,1,0,9500.0,198.014471,0.0,12
4677.242936,1.0,125.0,0.0,125.0,2406.229924,0.583333,0.0,0.5,0.5,6,10,5000.0,1087.866649,0.0,12
1095.27596,1.0,119.0,119.0,0.0,54.739913,0.083333,0.083333,0.0,0.25,3,1,1200.0,365.05305,0.0,12
6432.685892,1.0,0.0,0.0,0.0,3249.062265,0.0,0.0,0.0,0.5,16,0,7000.0,1549.916395,0.0,12
328.242971,1.0,1555.66,1023.9,531.76,0.0,1.0,0.25,1.0,0.0,0,26,3500.0,1052.275904,0.0,12
448.788728,1.0,32.38,32.38,0.0,545.642707,0.083333,0.083333,0.0,0.083333,2,1,5000.0,0.0,0.0,12
209.178326,0.5,34.0,19.0,15.0,0.0,0.5,0.166667,0.166667,0.0,0,3,6000.0,635.909695,0.0,6
1463.302373,0.272727,0.0,0.0,0.0,586.02924,0.0,0.0,0.0,0.083333,1,0,17000.0,17194.62756,0.25,12
7024.269179,1.0,130.4,0.0,130.4,1916.534565,0.333333,0.0,0.25,0.083333,1,4,10200.0,0.0,0.0,12
68.690623,1.0,734.37,59.0,675.37,0.0,1.0,0.083333,1.0,0.0,0,30,10500.0,837.517806,0.75,12
1268.144319,1.0,0.0,0.0,0.0,1331.166485,0.0,0.0,0.0,0.428571,5,0,1500.0,499.961286,0.0,7
28.329892,1.0,292.59,292.59,0.0,0.0,1.0,1.0,0.0,0.0,0,12,5000.0,0.0,0.0,12
140.349336,0.363636,1042.52,1042.52,0.0,0.0,0.083333,0.083333,0.0,0.0,0,1,6000.0,3212.647061,0.5,12
1838.106824,1.0,2682.25,2632.4,49.85,188.36824,1.0,1.0,0.083333,0.083333,1,16,4500.0,1891.062946,0.0,12
1688.534078,1.0,280.0,280.0,0.0,49.117804,0.166667,0.166667,0.0,0.083333,1,3,1800.0,547.982657,0.0,12
1048.067171,1.0,0.0,0.0,0.0,158.347647,0.0,0.0,0.0,0.25,3,0,1200.0,369.895952,0.0,12
4862.641586,1.0,1302.37,1302.37,0.0,1279.629012,0.5,0.5,0.0,0.25,3,9,6000.0,1723.432154,0.0,12
554.289791,1.0,90.0,90.0,0.0,0.0,0.083333,0.083333,0.0,0.0,0,1,7000.0,414.117463,0.0,12
65.645186,0.545455,735.69,85.5,650.19,0.0,0.5,0.083333,0.416667,0.0,0,16,3000.0,1302.778971,1.0,12
1389.598597,1.0,6058.03,3391.88,2666.15,3517.94774,1.0,0.166667,1.0,0.25,6,52,4000.0,6528.829703,0.0,12
230.161419,0.888889,750.05,160.05,590.0,0.0,0.666667,0.111111,0.555556,0.0,0,7,14000.0,1207.021598,0.0,9
56.536572,1.0,499.92,0.0,499.92,0.0,1.0,0.0,1.0,0.0,0,12,3000.0,496.551862,0.416667,12
39.37618,1.0,256.5,0.0,256.5,0.0,0.75,0.0,0.666667,0.0,0,9,1200.0,164.37267,0.166667,12
52.0899,0.727273,230.15,230.15,0.0,0.0,1.0,1.0,0.0,0.0,0,12,1600.0,0.0,0.0,12
224.937583,1.0,1956.8,105.8,1851.0,0.0,1.0,0.083333,1.0,0.0,0,31,10000.0,1908.733611,1.0,12
8823.284205,1.0,3719.0,2293.18,1425.82,29282.10915,1.0,0.75,1.0,0.416667,26,61,15500.0,28150.97869,0.083333,12
1005.332554,1.0,0.0,0.0,0.0,19.503826,0.0,0.0,0.0,0.083333,1,0,1200.0,347.446739,0.0,12
160.852061,0.888889,4704.98,2017.22,2687.76,0.0,0.888889,0.666667,0.777778,0.0,0,45,4500.0,4372.542801,0.833333,9
1594.527848,1.0,60.0,60.0,0.0,97.854366,1.0,1.0,0.0,0.083333,1,12,1800.0,422.765741,0.0,12
5961.863054,1.0,320.08,64.03,256.05,3134.417004,1.0,0.083333,0.916667,0.583333,17,13,7000.0,1894.746827,0.0,12
864.975705,1.0,66.7,66.7,0.0,75.254745,0.083333,0.083333,0.0,0.083333,1,1,1000.0,413.167127,0.0,12
2683.746154,1.0,130.0,130.0,0.0,0.0,0.083333,0.083333,0.0,0.0,0,1,4500.0,610.42602,0.0,12
6.914784,0.454545,71.4,0.0,71.4,0.0,0.166667,0.0,0.083333,0.0,0,2,2000.0,21.55251,0.0,12
1747.11949,1.0,285.45,285.45,0.0,1429.489972,0.333333,0.333333,0.0,0.416667,7,10,3000.0,420.862309,0.0,12
4069.525304,1.0,259.84,211.51,48.33,1731.958401,0.166667,0.166667,0.083333,0.25,12,4,7500.0,1105.027682,0.0,12
601.369472,1.0,35.8,35.8,0.0,0.0,0.083333,0.083333,0.0,0.0,0,1,750.0,255.502079,0.0,12
1050.92679,1.0,150.0,0.0,150.0,114.462798,0.5,0.0,0.5,0.083333,1,6,1000.0,238.619393,0.0,12
62.635576,1.0,611.31,0.0,611.31,0.0,1.0,0.0,1.0,0.0,0,37,1500.0,514.6675,0.916667,12
814.269404,0.875,0.0,0.0,0.0,1175.358928,0.0,0.0,0.0,0.125,1,0,1200.0,257.187514,0.0,8
1026.874467,0.909091,153.96,153.96,0.0,0.0,0.083333,0.083333,0.0,0.0,0,2,8500.0,1676.090994,0.090909,12
42.125651,0.636364,453.89,453.89,0.0,0.0,0.25,0.25,0.0,0.0,0,3,6500.0,793.296498,1.0,12
367.596554,0.363636,0.0,0.0,0.0,1078.247446,0.0,0.0,0.0,0.166667,5,0,1200.0,274.204055,0.0,12
3409.130731,1.0,0.0,0.0,0.0,4459.741851,0.0,0.0,0.0,0.666667,14,0,6000.0,2203.045653,0.0,12
15.216647,0.272727,133.0,133.0,0.0,0.0,0.166667,0.166667,0.0,0.0,0,2,1200.0,780.127863,0.0,12
206.305547,1.0,1594.0,1084.0,510.0,0.0,0.333333,0.25,0.166667,0.0,0,10,4500.0,1605.613993,0.090909,12
3892.22326,1.0,929.99,453.0,476.99,558.732109,1.0,0.5,1.0,0.083333,1,65,6500.0,951.737085,0.0,12
39.274052,0.545455,431.49,431.49,0.0,0.0,0.333333,0.333333,0.0,0.0,0,7,1500.0,745.768447,0.0,12
413.987831,1.0,985.79,892.8,92.99,0.0,0.5,0.5,0.25,0.0,0,16,3000.0,887.885624,0.0,12
1549.600093,1.0,0.0,0.0,0.0,181.45033,0.0,0.0,0.0,0.083333,1,0,5000.0,793.363907,0.0,12
8.640998,0.363636,0.0,0.0,0.0,2777.200448,0.0,0.0,0.0,0.083333,1,0,6000.0,11267.69478,0.5,12
85.79793,1.0,931.98,289.03,642.95,0.0,1.0,1.0,0.75,0.0,0,23,7500.0,875.423848,0.416667,12
48.157955,0.363636,648.24,286.0,362.24,0.0,0.333333,0.25,0.25,0.0,0,6,2000.0,753.720188,0.363636,12
4184.915498,1.0,0.0,0.0,0.0,3757.68359,0.0,0.0,0.0,0.5,13,0,5000.0,0.0,0.0,12
4046.574741,1.0,1757.44,242.89,1514.55,19.677306,1.0,0.25,1.0,0.083333,1,68,4500.0,1721.705144,0.0,12
1522.831212,1.0,0.0,0.0,0.0,1883.483223,0.0,0.0,0.0,0.5,7,0,5000.0,1110.576652,0.0,10
2016.049201,1.0,1372.57,620.77,751.8,3806.758546,0.75,0.583333,0.416667,0.75,27,16,5500.0,3582.470327,0.0,12
72.251911,0.727273,665.5,228.0,437.5,0.0,0.416667,0.166667,0.333333,0.0,0,12,4000.0,1443.726409,0.5,12
5336.743176,1.0,680.97,680.97,0.0,4037.626724,0.583333,0.583333,0.0,0.416667,7,10,8500.0,1272.722158,0.0,12
7.527502,0.545455,65.75,0.0,65.75,0.0,0.416667,0.0,0.416667,0.0,0,5,4000.0,187.936242,0.571429,12
1262.88817,1.0,313.02,210.5,102.52,1381.613303,0.583333,0.5,0.416667,0.083333,1,13,1500.0,1960.519301,0.0,12
1850.509525,1.0,0.0,0.0,0.0,218.731138,0.0,0.0,0.0,0.416667,5,0,2000.0,498.436823,0.0,12
3019.820556,1.0,1158.28,0.0,1158.28,538.243002,0.75,0.0,0.666667,0.333333,4,19,7500.0,804.815422,0.0,12
1382.240511,1.0,113.03,0.0,113.03,3688.794183,0.583333,0.0,0.5,0.833333,31,12,3000.0,2780.931453,0.0,12
6.338717,0.090909,171.0,171.0,0.0,0.0,0.166667,0.166667,0.0,0.0,0,2,4000.0,495.808559,0.0,12
3676.070324,1.0,2255.1,1216.81,1038.29,106.449005,1.0,0.666667,1.0,0.083333,1,27,3500.0,2055.087209,0.0,12
451.076499,0.818182,32.25,0.0,32.25,0.0,0.083333,0.0,0.083333,0.0,0,1,1800.0,0.0,0.0,12
5858.94756,1.0,896.18,896.18,0.0,4222.003137,0.166667,0.166667,0.0,0.666667,12,5,7000.0,3948.663657,0.0,12
35.578362,0.909091,464.51,133.0,331.51,0.0,0.833333,0.083333,0.75,0.0,0,10,3000.0,452.522327,0.777778,12
153.162696,1.0,1198.2,0.0,1198.2,0.0,1.0,0.0,1.0,0.0,0,12,7000.0,1108.354624,0.416667,12
3140.698358,1.0,1961.78,1107.29,854.49,0.0,1.0,0.166667,1.0,0.0,0,24,6000.0,5361.346807,0.0,12
2239.937878,1.0,90.0,90.0,0.0,966.33053,0.090909,0.090909,0.0,0.454545,7,1,3500.0,518.134344,0.0,11
510.233775,1.0,436.74,436.74,0.0,0.0,0.333333,0.333333,0.0,0.0,0,5,3500.0,484.285337,0.0,12
683.971012,0.909091,294.0,145.0,149.0,281.669381,0.5,0.083333,0.416667,0.166667,2,7,3500.0,1578.37444,0.1,12
703.053063,1.0,335.99,0.0,335.99,956.578904,0.583333,0.0,0.5,0.083333,1,7,7500.0,2300.799763,0.25,12
3508.560867,1.0,0.0,0.0,0.0,2251.744713,0.0,0.0,0.0,0.083333,2,0,9000.0,4508.112909,0.0,12
8115.039014,1.0,383.42,0.0,383.42,0.0,0.5,0.0,0.416667,0.0,0,7,11000.0,1982.542865,0.0,12
4294.953211,1.0,0.0,0.0,0.0,7700.897042,0.0,0.0,0.0,0.666667,28,0,7000.0,3129.359671,0.0,12
256.433357,1.0,206.35,0.0,206.35,0.0,0.75,0.0,0.75,0.0,0,9,1000.0,689.933057,0.0,12
297.985886,1.0,116.18,7.78,108.4,0.0,0.416667,0.083333,0.333333,0.0,0,5,1000.0,1178.583629,0.083333,12
1386.020611,1.0,0.0,0.0,0.0,2168.900998,0.0,0.0,0.0,0.166667,5,0,6000.0,1736.121099,0.0,12
5311.877259,1.0,299.94,0.0,299.94,6351.312685,0.75,0.0,0.75,0.416667,12,15,6000.0,7105.878792,0.0,12
417.878821,1.0,364.0,364.0,0.0,0.0,0.083333,0.083333,0.0,0.0,0,4,5000.0,1039.551142,0.0,12
94.241684,0.666667,1019.34,0.0,1019.34,0.0,0.666667,0.0,0.666667,0.0,0,7,5000.0,1014.359244,1.0,9
0.48805,0.9,121.0,0.0,121.0,0.0,0.2,0.0,0.2,0.0,0,2,13000.0,239.482389,0.1,10
293.029263,0.818182,3094.97,185.0,2909.97,0.0,0.75,0.25,0.666667,0.0,0,12,14500.0,2543.550697,0.666667,12
857.843162,1.0,0.0,0.0,0.0,2132.754414,0.0,0.0,0.0,0.333333,6,0,7500.0,980.396237,0.0,12
4688.103434,1.0,0.0,0.0,0.0,357.129377,0.0,0.0,0.0,0.166667,2,0,5000.0,981.149809,0.0,12
1373.174839,1.0,215.0,0.0,215.0,0.0,0.25,0.0,0.166667,0.0,0,10,8500.0,598.012696,0.0,12
2730.843802,1.0,2900.0,2900.0,0.0,0.0,0.125,0.125,0.0,0.0,0,1,2900.0,0.0,0.0,8
661.423035,0.636364,1109.53,630.01,479.52,952.743339,0.416667,0.083333,0.416667,0.083333,1,6,7500.0,3137.508664,0.0,12
749.127741,1.0,80.3,80.3,0.0,490.432946,0.166667,0.166667,0.0,0.25,4,3,1950.0,214.230371,0.0,12
2391.843543,1.0,3279.57,777.63,2501.94,0.0,1.0,0.583333,0.916667,0.0,0,119,5000.0,1226.566229,0.0,12
677.188172,0.909091,3777.59,3777.59,0.0,329.214459,0.818182,0.818182,0.0,0.181818,3,28,4000.0,5499.745992,0.090909,11
26.787185,0.272727,114.0,114.0,0.0,0.0,0.083333,0.083333,0.0,0.0,0,1,1200.0,333.794157,0.0,12
20.962217,1.0,290.36,0.0,290.36,0.0,0.916667,0.0,0.833333,0.0,0,12,10000.0,255.56413,0.727273,12
952.51575,1.0,129.95,129.95,0.0,0.0,0.083333,0.083333,0.0,0.0,0,2,1500.0,1791.01792,0.083333,12
6090.522273,1.0,22.16,22.16,0.0,0.0,0.083333,0.083333,0.0,0.0,0,1,9000.0,568.7811,0.0,12
0.0,0.0,12.65,0.0,12.65,0.0,0.083333,0.0,0.083333,0.0,0,1,5000.0,0.0,0.0,12
987.584177,1.0,0.0,0.0,0.0,185.647722,0.0,0.0,0.0,0.083333,2,0,1200.0,448.68922,0.0,12
51.422178,0.636364,0.0,0.0,0.0,1504.179802,0.0,0.0,0.0,0.5,16,0,5500.0,1444.167453,0.363636,12
2136.082193,1.0,0.0,0.0,0.0,2956.073884,0.0,0.0,0.0,0.083333,2,0,6500.0,1943.803344,0.0,12
3551.355769,1.0,1283.65,729.65,554.0,883.345734,0.833333,0.166667,0.666667,0.166667,4,17,5500.0,2244.998109,0.0,12
1306.436456,1.0,0.0,0.0,0.0,309.560735,0.0,0.0,0.0,0.25,4,0,1500.0,349.408692,0.0,12
710.199118,1.0,3442.08,2718.42,723.66,0.0,1.0,0.833333,1.0,0.0,0,63,7000.0,3082.037592,0.25,12
2847.608209,1.0,1399.05,383.05,1016.0,0.0,0.75,0.166667,0.583333,0.0,0,10,7500.0,1094.003828,0.0,12
1596.02939,1.0,466.18,175.6,290.58,38.321808,0.727273,0.181818,0.545455,0.090909,1,15,1500.0,463.861161,0.0,11
4461.155061,1.0,190.0,190.0,0.0,454.804237,0.090909,0.090909,0.0,0.090909,1,1,5000.0,1240.620735,0.0,11
2861.137399,1.0,0.0,0.0,0.0,265.06559,0.0,0.0,0.0,0.083333,1,0,3000.0,752.365473,0.0,12
1180.758966,1.0,1274.54,396.24,878.3,0.0,0.833333,0.833333,0.416667,0.0,0,21,4500.0,1351.787519,0.0,12
4613.570499,1.0,0.0,0.0,0.0,1728.341939,0.0,0.0,0.0,0.090909,1,0,6000.0,922.218961,0.0,11
126.121035,0.454545,590.0,590.0,0.0,0.0,0.083333,0.083333,0.0,0.0,0,1,2500.0,1471.72027,0.0,12
7638.382236,1.0,0.0,0.0,0.0,1405.776254,0.0,0.0,0.0,0.083333,4,0,15500.0,2284.390267,0.0,12
1931.821799,1.0,120.0,120.0,0.0,0.0,0.083333,0.083333,0.0,0.0,0,1,2100.0,476.682076,0.0,12
5538.646971,1.0,460.57,460.57,0.0,2661.970456,0.333333,0.333333,0.0,0.25,6,6,9500.0,1253.713151,0.0,12
1818.441161,1.0,904.3,0.0,904.3,0.0,1.0,0.0,1.0,0.0,0,54,1700.0,1251.158216,0.0,12
4550.717687,1.0,2094.99,1357.0,737.99,2392.186586,1.0,0.5,1.0,0.166667,2,23,7600.0,3172.264416,0.0,12
741.294747,1.0,7096.36,4287.78,2808.58,0.0,1.0,1.0,1.0,0.0,0,84,7500.0,6642.324858,1.0,12
802.618739,1.0,2860.32,2435.82,424.5,0.0,0.666667,0.416667,0.416667,0.0,0,28,4500.0,2024.536409,0.0,12
645.299519,1.0,1310.84,690.0,620.84,76.361029,0.8,0.2,0.6,0.1,1,12,2500.0,1402.76066,0.0,10
42.366061,0.818182,463.32,0.0,463.32,0.0,0.75,0.0,0.666667,0.0,0,9,6500.0,499.856766,0.714286,12
2127.069602,1.0,743.38,743.38,0.0,0.0,0.166667,0.166667,0.0,0.0,0,18,2100.0,1047.607919,0.0,12
34.207779,0.090909,2483.26,2483.26,0.0,0.0,0.083333,0.083333,0.0,0.0,0,1,10000.0,29272.48607,0.0,12
76.059828,1.0,927.1,927.1,0.0,0.0,1.0,1.0,0.0,0.0,0,12,1500.0,906.712652,1.0,12
25.659372,0.181818,951.1,951.1,0.0,0.0,0.166667,0.166667,0.0,0.0,0,2,6000.0,865.208858,0.0,12
269.309231,1.0,280.25,0.0,280.25,0.0,0.916667,0.0,0.916667,0.0,0,19,2500.0,176.415802,0.0,12
230.823876,1.0,1842.33,0.0,1842.33,0.0,0.916667,0.0,0.833333,0.0,0,12,3000.0,1651.128297,0.333333,12
6.903243,0.727273,145.01,0.0,145.01,0.0,0.75,0.0,0.75,0.0,0,9,3000.0,162.930205,0.142857,12
537.002861,1.0,2275.97,2275.97,0.0,203.752607,0.583333,0.583333,0.0,0.083333,1,31,3000.0,1575.697754,0.166667,12
3222.221884,1.0,356.4,356.4,0.0,1709.973124,0.166667,0.166667,0.0,0.166667,5,5,3500.0,835.314447,0.0,12
7370.257624,1.0,0.0,0.0,0.0,1194.995991,0.0,0.0,0.0,0.666667,8,0,7500.0,2278.457657,0.0,12
20.889413,0.636364,244.2,0.0,244.2,0.0,0.333333,0.0,0.25,0.0,0,4,4000.0,541.817138,0.0,12
74.568421,0.454545,600.0,200.0,400.0,0.0,0.333333,0.083333,0.25,0.0,0,5,6000.0,1307.801313,1.0,12
1.059103,0.181818,25.5,25.5,0.0,0.0,0.083333,0.083333,0.0,0.0,0,1,5500.0,563.748018,0.5,12
1109.366186,1.0,348.78,348.78,0.0,46.656862,0.714286,0.714286,0.0,0.142857,1,9,1200.0,438.733395,0.0,7
1114.122532,1.0,348.47,224.31,124.16,99.20189,0.583333,0.166667,0.416667,0.083333,1,9,1200.0,631.49296,0.0,12
348.965773,1.0,1019.4,444.4,575.0,0.0,1.0,0.25,1.0,0.0,0,25,1000.0,214.987376,0.25,12
949.259857,1.0,0.0,0.0,0.0,59.80774,0.0,0.0,0.0,0.166667,2,0,1000.0,169.264551,0.0,12
6306.501319,1.0,205.03,0.0,205.03,270.445198,0.3,0.0,0.3,0.1,1,3,14000.0,1646.635328,0.0,10
1393.527992,0.818182,0.0,0.0,0.0,1829.287087,0.0,0.0,0.0,0.083333,1,0,9000.0,638.403004,0.0,12
364.140613,1.0,1462.38,1462.38,0.0,0.0,0.333333,0.333333,0.0,0.0,0,5,2500.0,1858.4353,0.083333,12
72.706076,0.272727,508.56,508.56,0.0,0.0,0.083333,0.083333,0.0,0.0,0,2,7000.0,2197.473031,0.0,12
1688.521097,0.909091,0.0,0.0,0.0,2863.918199,0.0,0.0,0.0,0.181818,5,0,3000.0,3572.27487,0.125,11
229.913693,1.0,2406.77,1955.67,451.1,0.0,1.0,1.0,0.5,0.0,0,35,10000.0,2239.201417,1.0,12
123.791796,0.727273,1202.5,0.0,1202.5,0.0,0.666667,0.0,0.583333,0.0,0,41,2500.0,1623.347254,0.833333,12
1786.707643,1.0,0.0,0.0,0.0,1835.162486,0.0,0.0,0.0,0.25,3,0,3000.0,1612.796944,0.0,12
971.681565,1.0,133.31,0.0,133.31,148.475392,0.583333,0.0,0.583333,0.166667,2,1,1000.0,496.155153,0.0,12
3959.912911,1.0,0.0,0.0,0.0,158.159923,0.0,0.0,0.0,0.333333,4,0,4000.0,701.794235,0.0,12
1771.028068,0.909091,360.0,360.0,0.0,1836.07301,0.090909,0.090909,0.0,0.454545,5,1,5000.0,4681.869188,0.1,11
543.350448,0.545455,0.0,0.0,0.0,3493.29196,0.0,0.0,0.0,0.166667,8,0,6000.0,7158.478105,0.285714,12
189.969435,1.0,2071.55,2001.55,70.0,47.875577,1.0,0.916667,0.166667,0.083333,1,19,9000.0,1679.943402,1.0,12
214.610294,1.0,496.0,0.0,496.0,0.0,1.0,0.0,0.833333,0.0,0,12,2500.0,739.051121,0.083333,12
4.620029,1.0,59.67,0.0,59.67,0.0,0.916667,0.0,0.916667,0.0,0,11,3000.0,60.665896,0.0,12
32.779456,1.0,212.58,160.48,52.1,279.524631,0.5,0.333333,0.166667,0.416667,5,8,1500.0,338.58363,0.2,12
2191.369256,1.0,1197.2,869.06,328.14,0.0,0.666667,0.333333,0.416667,0.0,0,13,4500.0,1643.269684,0.0,12
6.824905,0.090909,0.0,0.0,0.0,1150.890874,0.0,0.0,0.0,0.083333,1,0,1200.0,0.0,0.0,12
23.150437,0.090909,0.0,0.0,0.0,3947.583198,0.0,0.0,0.0,0.083333,1,0,4000.0,0.0,0.0,12
1893.611922,1.0,22746.81,15795.42,6951.39,0.0,1.0,1.0,1.0,0.0,0,140,18000.0,22558.28457,1.0,12
230.936733,0.5,0.0,0.0,0.0,1364.395327,0.0,0.0,0.0,0.125,1,0,3000.0,4024.820049,0.0,8
42.585012,1.0,534.26,256.0,278.26,2395.944665,0.333333,0.25,0.083333,0.083333,3,6,7000.0,3391.718043,0.666667,12
1060.385693,1.0,5327.61,5327.61,0.0,3467.977927,0.833333,0.833333,0.0,0.583333,12,53,6000.0,8412.649548,0.9,12
867.728471,1.0,41.07,0.0,41.07,0.0,0.25,0.0,0.25,0.0,0,3,3000.0,1409.282903,0.0,12
8884.816576,1.0,1233.58,1233.58,0.0,13674.24402,0.416667,0.416667,0.0,0.75,26,7,13000.0,5574.916601,0.0,12
77.273142,0.818182,963.61,0.0,963.61,0.0,0.833333,0.0,0.833333,0.0,0,14,3500.0,1218.480845,0.2,12
915.981419,0.909091,2037.24,1587.24,450.0,0.0,0.833333,0.583333,0.666667,0.0,0,22,3500.0,411.176707,0.125,12
177.355165,0.909091,1179.3,997.3,182.0,0.0,0.75,0.5,0.416667,0.0,0,13,7500.0,815.01939,0.714286,12
653.004882,0.818182,2035.29,1259.58,775.71,0.0,0.75,0.5,0.5,0.0,0,29,9500.0,7590.280949,0.0,12
3322.31489,1.0,676.0,601.0,75.0,0.0,0.5,0.25,0.333333,0.0,0,9,10000.0,867.587298,0.0,12
49.022296,1.0,480.27,0.0,480.27,0.0,1.0,0.0,1.0,0.0,0,37,2500.0,636.766732,1.0,12
5022.775729,1.0,2117.05,1947.05,170.0,0.0,0.833333,0.833333,0.166667,0.0,0,19,7000.0,1588.794697,0.0,12
2.451938,0.090909,37.75,0.0,37.75,0.0,0.083333,0.0,0.083333,0.0,0,1,4000.0,426.039083,1.0,12
39.977967,0.3,432.05,432.05,0.0,0.0,0.2,0.2,0.0,0.0,0,3,10000.0,1282.534281,0.0,10
247.063258,1.0,1448.74,0.0,1448.74,0.0,1.0,0.0,1.0,0.0,0,23,5000.0,1313.816616,0.0,12
1327.775159,1.0,534.93,0.0,534.93,114.667852,1.0,0.0,1.0,0.083333,1,38,1500.0,578.744266,0.0,12
2372.842569,1.0,218.0,218.0,0.0,0.0,0.333333,0.333333,0.0,0.0,0,4,6500.0,529.808323,0.0,12
2705.149599,1.0,328.61,247.95,80.66,6790.012504,0.333333,0.25,0.083333,0.666667,26,6,7000.0,4724.801558,0.083333,12
92.782518,0.2,921.82,921.82,0.0,0.0,0.1,0.1,0.0,0.0,0,1,1200.0,4644.142145,0.0,10
4.398104,0.181818,76.0,76.0,0.0,0.0,0.083333,0.083333,0.0,0.0,0,1,1500.0,307.868817,0.0,12
9387.614011,1.0,0.0,0.0,0.0,7968.273359,0.0,0.0,0.0,0.083333,1,0,12000.0,2202.134525,0.0,12
156.536773,1.0,1903.66,1788.08,115.58,0.0,0.833333,0.833333,0.166667,0.0,0,35,9000.0,2093.551911,1.0,12
233.393741,1.0,2346.94,1829.5,517.44,0.0,0.916667,0.75,0.75,0.0,0,39,4500.0,2029.208283,0.875,12
3597.728209,1.0,1043.0,0.0,1043.0,836.723952,0.583333,0.0,0.5,0.083333,1,7,6000.0,1222.771295,0.0,12
2.549291,0.181818,322.98,322.98,0.0,0.0,0.166667,0.166667,0.0,0.0,0,3,9500.0,1210.429773,0.0,12
5630.793848,1.0,2743.66,2743.66,0.0,2638.893572,0.75,0.75,0.0,0.166667,2,23,10500.0,1251.781578,0.0,12
1592.168416,1.0,0.0,0.0,0.0,15084.00852,0.0,0.0,0.0,0.333333,53,0,4500.0,11382.3658,0.166667,12
599.044829,1.0,6528.65,4859.87,1668.78,0.0,1.0,1.0,1.0,0.0,0,113,12000.0,5779.079513,1.0,12
5.801666,0.272727,88.97,33.0,55.97,0.0,0.166667,0.083333,0.083333,0.0,0,2,2720.0,620.204737,1.0,12
31.876386,0.909091,311.05,311.05,0.0,0.0,0.916667,0.916667,0.0,0.0,0,11,6000.0,320.176291,1.0,12
41.620283,1.0,689.4,689.4,0.0,0.0,1.0,1.0,0.0,0.0,0,12,10000.0,718.15858,1.0,12
408.732898,0.272727,0.0,0.0,0.0,4799.003911,0.0,0.0,0.0,0.083333,1,0,5000.0,19666.29097,1.0,12
5.260527,0.272727,263.16,0.0,263.16,0.0,0.416667,0.0,0.333333,0.0,0,7,6000.0,385.107859,0.2,12
238.184435,0.75,2068.15,0.0,2068.15,0.0,0.875,0.0,0.75,0.0,0,7,4000.0,2143.223171,0.833333,8
3437.033859,1.0,1858.7,1858.7,0.0,3569.688273,0.583333,0.583333,0.0,0.833333,26,18,9000.0,6062.441603,0.0,12
341.467517,1.0,3446.96,2831.62,615.34,0.0,1.0,1.0,0.333333,0.0,0,46,10500.0,3273.239834,1.0,12
2500.029691,1.0,1103.5,1103.5,0.0,804.71643,0.333333,0.333333,0.0,0.25,4,8,8500.0,617.471865,0.0,12
1.019189,0.090909,87.02,0.0,87.02,0.0,0.083333,0.0,0.083333,0.0,0,1,15500.0,0.0,0.0,12
6477.2996,1.0,0.0,0.0,0.0,2436.195048,0.0,0.0,0.0,0.666667,8,0,11500.0,2480.091913,0.0,12
1037.653522,1.0,584.4,0.0,584.4,0.0,1.0,0.0,1.0,0.0,0,12,1200.0,572.911937,0.0,12
1134.726574,1.0,0.0,0.0,0.0,19.555003,0.0,0.0,0.0,0.083333,1,0,1200.0,78.603131,0.0,12
1564.180333,1.0,942.22,773.6,168.62,397.71148,1.0,0.5,1.0,0.25,3,36,2200.0,2852.584209,0.0,12
55.58459,0.818182,395.05,150.05,245.0,0.0,0.416667,0.25,0.166667,0.0,0,6,5500.0,531.9538,0.111111,12
61.109731,1.0,438.8,0.0,438.8,0.0,1.0,0.0,0.9,0.0,0,10,1500.0,367.594796,0.75,10
5.340221,0.454545,35.97,35.97,0.0,0.0,0.083333,0.083333,0.0,0.0,0,1,2000.0,83.093843,0.0,12
2593.115716,1.0,0.0,0.0,0.0,3553.203852,0.0,0.0,0.0,0.666667,19,0,6000.0,2420.926404,0.0,12
12.40875,0.3,85.5,85.5,0.0,0.0,0.1,0.1,0.0,0.0,0,1,1500.0,414.010478,0.0,10
1548.224072,1.0,696.63,696.63,0.0,0.0,0.083333,0.083333,0.0,0.0,0,2,1800.0,588.329981,0.0,12
1547.154381,1.0,0.0,0.0,0.0,39.346045,0.0,0.0,0.0,0.166667,2,0,1700.0,438.446345,0.0,12
527.965041,1.0,2808.2,1332.96,1475.24,0.0,1.0,0.583333,1.0,0.0,0,71,7000.0,2823.313675,0.583333,12
998.231433,1.0,1622.23,872.26,749.97,0.0,1.0,0.916667,0.916667,0.0,0,54,2500.0,987.085976,0.0,12
5220.637076,1.0,2911.02,1647.3,1263.72,1992.386858,1.0,0.833333,1.0,0.166667,4,85,6000.0,2044.047768,0.0,12
395.81907,0.888889,37.0,0.0,37.0,0.0,0.111111,0.0,0.111111,0.0,0,2,2500.0,243.495592,0.0,9
1739.666192,1.0,0.0,0.0,0.0,2878.737758,0.0,0.0,0.0,0.333333,7,0,4500.0,5130.543752,0.083333,12
1382.168038,1.0,0.0,0.0,0.0,190.767997,0.0,0.0,0.0,0.416667,8,0,1500.0,598.968477,0.0,12
11.047149,0.545455,180.5,0.0,180.5,0.0,0.5,0.0,0.333333,0.0,0,8,4000.0,269.952974,0.75,12
1121.833202,1.0,2940.0,750.0,2190.0,0.0,1.0,0.083333,0.916667,0.0,0,13,3500.0,1279.460209,0.3,12
1222.083116,1.0,1492.21,722.91,769.3,0.0,1.0,0.5,0.916667,0.0,0,27,7000.0,1409.156293,0.0,12
3850.206279,1.0,2434.5,2372.1,62.4,6742.419844,0.5,0.333333,0.166667,0.666667,22,22,9000.0,6120.323572,0.0,12
51.640786,0.727273,434.72,99.0,335.72,0.0,0.583333,0.083333,0.583333,0.0,0,9,4500.0,998.961098,1.0,12
621.386746,0.571429,178.83,178.83,0.0,913.392266,0.285714,0.285714,0.0,0.142857,1,4,1200.0,96.011391,0.0,7
1096.949604,1.0,227.55,227.55,0.0,0.0,0.083333,0.083333,0.0,0.0,0,2,2500.0,397.836763,0.0,12
75.039332,0.272727,588.05,588.05,0.0,0.0,0.166667,0.166667,0.0,0.0,0,5,9000.0,707.386471,0.0,12
939.102758,0.363636,0.0,0.0,0.0,3470.939551,0.0,0.0,0.0,0.166667,4,0,4000.0,501.827788,0.0,12
2321.846501,1.0,2675.0,2675.0,0.0,2357.962605,0.666667,0.666667,0.0,0.166667,4,22,2500.0,5458.081568,0.083333,12
4010.621974,1.0,40040.71,24543.52,15497.19,0.0,1.0,1.0,1.0,0.0,0,358,18000.0,33994.72785,1.0,12
139.511394,1.0,1247.75,137.84,1109.91,404.441902,1.0,0.166667,1.0,0.166667,2,31,5000.0,2017.650301,0.5,12
25.698927,0.909091,244.0,0.0,244.0,197.3778,1.0,0.0,1.0,0.083333,1,16,7000.0,383.150843,0.333333,12
1856.590921,1.0,0.0,0.0,0.0,2622.293367,0.0,0.0,0.0,0.333333,7,0,3000.0,2356.790318,0.0,12
18.776309,0.5,59.0,59.0,0.0,0.0,0.166667,0.166667,0.0,0.0,0,1,1200.0,127.623057,0.0,6
2596.455261,1.0,0.0,0.0,0.0,1689.711942,0.0,0.0,0.0,0.083333,1,0,3000.0,714.50351,0.0,12
6619.14864,1.0,35.92,0.0,35.92,0.0,0.083333,0.0,0.083333,0.0,0,1,13500.0,2071.643344,0.0,12
317.657562,1.0,4398.35,4398.35,0.0,0.0,0.916667,0.916667,0.0,0.0,0,47,16500.0,4028.380624,0.916667,12
6912.431438,1.0,1483.9,1483.9,0.0,4848.111338,1.0,1.0,0.0,0.25,4,12,14500.0,2701.466431,0.0,12
12.00682,1.0,126.0,0.0,126.0,0.0,1.0,0.0,1.0,0.0,0,12,3000.0,171.837196,0.333333,12
173.940108,0.5,958.5,958.5,0.0,404.991463,0.3,0.3,0.0,0.1,2,6,16000.0,3213.848412,1.0,10
661.199437,0.545455,150.0,150.0,0.0,1344.227865,0.083333,0.083333,0.0,0.25,8,1,2500.0,290.372365,0.0,12
12.659909,0.272727,5252.04,2501.0,2751.04,0.0,1.0,0.166667,1.0,0.0,0,40,7350.0,4086.011768,0.083333,12
2425.836071,1.0,3502.99,2968.85,534.14,0.0,1.0,0.833333,0.416667,0.0,0,74,7000.0,3871.983102,0.0,12
27.263365,1.0,231.0,0.0,231.0,0.0,0.916667,0.0,0.833333,0.0,0,11,5000.0,174.589426,0.181818,12
208.19101,1.0,2395.88,1516.09,879.79,0.0,1.0,1.0,0.75,0.0,0,63,5000.0,2131.759516,0.75,12
12.654903,0.4,120.0,0.0,120.0,0.0,0.3,0.0,0.2,0.0,0,3,4500.0,291.598507,1.0,10
1727.333496,1.0,560.75,168.65,392.1,0.0,0.454545,0.181818,0.363636,0.0,0,11,2500.0,509.825296,0.0,11
1727.295159,1.0,719.76,626.53,93.23,0.0,0.583333,0.166667,0.416667,0.0,0,12,1800.0,724.437944,0.0,12
801.110294,1.0,4276.89,1734.5,2542.39,0.0,1.0,0.333333,0.916667,0.0,0,58,7500.0,4750.947157,0.083333,12
144.129221,0.727273,949.59,272.0,677.59,0.0,0.5,0.25,0.333333,0.0,0,11,4000.0,999.711434,0.1,12
1497.129794,1.0,2571.48,1867.92,703.56,0.0,0.833333,0.333333,0.666667,0.0,0,26,2500.0,3177.11973,0.0,12
1770.072581,1.0,0.0,0.0,0.0,781.616559,0.0,0.0,0.0,0.083333,1,0,2500.0,1390.781416,0.0,12
43.124063,0.727273,491.43,491.43,0.0,0.0,0.545455,0.545455,0.0,0.0,0,7,2100.0,714.720575,1.0,11
200.971458,1.0,569.68,291.7,277.98,0.0,0.333333,0.083333,0.25,0.0,0,10,4000.0,311.300085,0.0,12
3.574463,0.818182,576.0,0.0,576.0,0.0,1.0,0.0,1.0,0.0,0,12,1000.0,498.788091,0.0,12
5086.333429,1.0,548.89,548.89,0.0,7298.31132,0.166667,0.166667,0.0,0.5,11,3,8500.0,7327.589749,0.0,12
1469.212816,1.0,220.69,64.09,156.6,0.0,0.454545,0.090909,0.272727,0.0,0,6,2000.0,416.172003,0.0,11
80.054576,0.454545,315.0,315.0,0.0,0.0,0.083333,0.083333,0.0,0.0,0,1,300.0,1054.977467,0.0,12
249.140601,1.0,655.94,223.0,432.94,0.0,0.75,0.083333,0.75,0.0,0,17,10500.0,907.604425,0.0,12
505.313231,1.0,4471.79,2875.13,1596.66,298.025242,1.0,1.0,0.916667,0.083333,1,74,14500.0,4393.043928,0.833333,12
396.419487,1.0,4349.34,4349.34,0.0,0.0,0.916667,0.916667,0.0,0.0,0,14,5000.0,4381.453625,1.0,12
5858.617133,1.0,2761.41,2484.65,276.76,0.0,1.0,0.666667,0.666667,0.0,0,24,11000.0,1919.207449,0.0,12
1790.707374,0.727273,1368.0,1368.0,0.0,2126.381193,0.083333,0.083333,0.0,0.25,7,2,3500.0,672.614794,0.0,12
2006.218006,1.0,4572.63,3484.5,1088.13,0.0,0.5,0.416667,0.25,0.0,0,28,6500.0,1670.202477,0.0,12
4609.210475,1.0,335.0,335.0,0.0,0.0,0.166667,0.166667,0.0,0.0,0,2,6000.0,6344.618447,0.083333,12
123.089579,1.0,1150.78,1127.78,23.0,0.0,1.0,1.0,0.083333,0.0,0,81,14500.0,1035.0287,0.9,12
3950.9879,1.0,699.44,699.44,0.0,444.077396,1.0,1.0,0.0,0.166667,3,13,4000.0,994.405792,0.0,12
2628.511837,1.0,273.0,273.0,0.0,342.874785,0.583333,0.583333,0.0,0.083333,1,7,7500.0,4613.45321,0.0,12
31.473181,0.272727,220.5,220.5,0.0,0.0,0.083333,0.083333,0.0,0.0,0,2,3750.0,1199.475254,0.0,12
421.475963,1.0,2218.26,0.0,2218.26,0.0,0.916667,0.0,0.916667,0.0,0,11,4500.0,2031.739917,0.0,12
5561.206188,1.0,1120.29,965.09,155.2,0.0,0.666667,0.583333,0.583333,0.0,0,19,6000.0,2013.621078,0.0,12
2138.185971,1.0,45.65,45.65,0.0,0.0,0.083333,0.083333,0.0,0.0,0,1,2500.0,728.892219,0.0,12
275.956562,0.363636,1943.1,1644.79,298.31,0.0,0.333333,0.25,0.25,0.0,0,10,1800.0,5018.330901,0.333333,12
2894.348509,1.0,657.71,310.7,347.01,3384.772636,1.0,0.166667,0.916667,0.583333,17,21,3500.0,3166.765636,0.0,12
15.173238,0.666667,316.91,316.91,0.0,0.0,0.666667,0.666667,0.0,0.0,0,6,11000.0,348.334373,1.0,6
541.240795,1.0,5999.95,4104.58,1895.37,0.0,1.0,1.0,1.0,0.0,0,97,16000.0,6850.328106,1.0,12
1426.870236,1.0,0.0,0.0,0.0,98.687898,0.0,0.0,0.0,0.083333,1,0,1500.0,324.97095,0.0,12
373.243163,0.909091,3603.23,3603.23,0.0,0.0,0.75,0.75,0.0,0.0,0,24,6000.0,4752.699763,1.0,12
3892.352781,1.0,6068.82,5368.71,700.11,1806.05694,0.75,0.583333,0.333333,0.333333,12,61,7500.0,4417.82569,0.0,12
1172.344218,1.0,454.21,0.0,454.21,0.0,0.916667,0.0,0.916667,0.0,0,21,1000.0,447.202927,0.0,12
1786.846869,1.0,0.0,0.0,0.0,9177.926262,0.0,0.0,0.0,0.75,11,0,6000.0,4203.245105,0.166667,8
272.7004,1.0,3298.55,2520.55,778.0,0.0,0.833333,0.833333,0.166667,0.0,0,33,16000.0,3629.836534,0.75,12
68.845891,0.363636,853.44,603.84,249.6,0.0,0.25,0.166667,0.083333,0.0,0,4,11500.0,789.202649,0.0,12
120.964472,1.0,0.0,0.0,0.0,916.399522,0.0,0.0,0.0,0.083333,1,0,1200.0,997.765267,0.083333,12
2415.412234,1.0,3313.65,1938.44,1375.21,843.735376,1.0,0.666667,1.0,0.416667,10,55,8500.0,858.81107,0.0,12
50.435246,0.636364,553.73,553.73,0.0,0.0,0.5,0.5,0.0,0.0,0,8,13000.0,371.23017,0.545455,12
1094.221693,1.0,35.0,35.0,0.0,18.804195,0.083333,0.083333,0.0,0.083333,1,2,1200.0,348.094372,0.0,12
2249.731727,1.0,2598.54,1941.08,657.46,0.0,1.0,0.5,1.0,0.0,0,31,9000.0,1152.945008,0.0,12
3007.093879,1.0,0.0,0.0,0.0,2374.346946,0.0,0.0,0.0,0.75,31,0,3500.0,878.602529,0.0,12
3143.23132,1.0,255.08,129.52,125.56,0.0,0.416667,0.166667,0.333333,0.0,0,11,5500.0,734.825068,0.0,12
1392.814234,1.0,845.51,773.17,72.34,0.0,0.416667,0.333333,0.083333,0.0,0,7,1700.0,622.228025,0.0,12
7994.33168,1.0,224.51,0.0,224.51,694.278513,0.916667,0.0,0.833333,0.166667,3,11,13000.0,1885.941844,0.0,12
3661.051976,1.0,764.0,515.45,248.55,1203.317833,0.166667,0.166667,0.166667,0.25,3,13,9000.0,872.241096,0.0,12
910.682404,1.0,0.0,0.0,0.0,1435.307385,0.0,0.0,0.0,0.166667,4,0,1500.0,1687.978206,0.083333,12
779.500096,1.0,689.4,689.4,0.0,0.0,1.0,1.0,0.0,0.0,0,12,7000.0,1663.032141,0.0,12
245.199649,1.0,2241.84,2241.84,0.0,0.0,0.916667,0.916667,0.0,0.0,0,27,6000.0,2033.297863,0.2,12
1279.305202,1.0,2071.7,2071.7,0.0,2684.141722,0.5,0.5,0.0,0.333333,6,22,2500.0,2792.076889,0.25,12
57.862875,0.272727,579.0,0.0,579.0,0.0,0.25,0.0,0.25,0.0,0,6,5000.0,2124.54787,1.0,12
1200.435451,1.0,886.56,661.56,225.0,0.0,1.0,1.0,0.25,0.0,0,15,1200.0,1118.707982,0.0,12
1152.710352,1.0,1392.0,1062.0,330.0,0.0,1.0,0.25,1.0,0.0,0,16,9500.0,1147.368802,0.0,12
2767.251585,1.0,0.0,0.0,0.0,993.847669,0.0,0.0,0.0,0.166667,2,0,6000.0,790.443616,0.0,12
3013.581545,1.0,0.0,0.0,0.0,218.091392,0.0,0.0,0.0,0.5,6,0,3000.0,729.037137,0.0,12
363.344239,0.818182,665.86,234.98,430.88,0.0,0.833333,0.75,0.75,0.0,0,34,4000.0,1734.889908,0.090909,12
4657.477375,1.0,237.52,237.52,0.0,1271.94319,0.25,0.25,0.0,0.416667,7,3,4500.0,1613.851352,0.0,12
341.456099,1.0,2091.44,1242.9,848.54,0.0,1.0,0.5,1.0,0.0,0,38,3000.0,2252.250986,0.083333,12
7656.390367,1.0,0.0,0.0,0.0,2678.769331,0.0,0.0,0.0,0.416667,12,0,8000.0,2020.91393,0.0,12
5729.703345,1.0,265.0,265.0,0.0,3543.64492,0.090909,0.090909,0.0,0.272727,6,1,14000.0,11707.95352,0.0,11
0.0,0.0,300.0,0.0,300.0,0.0,0.857143,0.0,0.857143,0.0,0,6,2500.0,0.0,0.0,7
6733.58763,1.0,280.0,0.0,280.0,3048.091637,1.0,0.0,0.916667,0.5,9,12,11000.0,1713.576478,0.0,12
4359.126852,1.0,0.0,0.0,0.0,647.542041,0.0,0.0,0.0,0.333333,4,0,4500.0,972.402021,0.0,12
18.898762,0.363636,212.5,0.0,212.5,0.0,0.333333,0.0,0.25,0.0,0,7,1000.0,275.063898,0.363636,12
325.47428,1.0,3030.4,1358.32,1672.08,92.358043,1.0,1.0,0.916667,0.083333,2,76,3000.0,3117.11898,1.0,12
162.905422,0.727273,1600.0,0.0,1600.0,0.0,0.666667,0.0,0.666667,0.0,0,8,6000.0,2733.152899,0.666667,12
80.363442,0.909091,2370.44,47.5,2322.94,0.0,1.0,0.083333,1.0,0.0,0,63,1500.0,2373.35922,0.818182,12
5924.719712,1.0,246.56,246.56,0.0,6603.192752,0.25,0.25,0.0,0.833333,20,4,12000.0,2294.481074,0.0,12
5161.854898,1.0,4542.33,4051.67,490.66,0.0,1.0,1.0,0.583333,0.0,0,105,7500.0,3376.37909,0.0,12
319.388468,1.0,1674.9,689.23,985.67,0.0,1.0,1.0,0.833333,0.0,0,24,7500.0,1907.796411,0.083333,12
61.976914,0.818182,401.63,401.63,0.0,0.0,0.5,0.5,0.0,0.0,0,7,6000.0,806.587482,0.2,12
5608.513514,1.0,0.0,0.0,0.0,4362.927953,0.0,0.0,0.0,0.166667,5,0,11000.0,1648.391392,0.0,12
661.135323,1.0,568.81,141.69,427.12,618.55338,0.75,0.083333,0.666667,0.166667,2,10,1700.0,239.759567,0.0,12
130.977369,1.0,527.0,415.0,112.0,0.0,0.416667,0.25,0.083333,0.0,0,6,7500.0,493.086038,0.3,12
831.404268,0.727273,0.0,0.0,0.0,5579.552147,0.0,0.0,0.0,0.416667,16,0,3500.0,8450.958983,0.363636,12
2153.498372,1.0,5428.77,3064.59,2364.18,2399.569867,1.0,0.5,1.0,0.166667,3,45,12500.0,4059.3757,0.083333,12
7886.875682,1.0,968.26,734.32,233.94,3528.821853,0.916667,0.916667,0.416667,0.416667,15,35,9500.0,2016.609163,0.0,12
148.826903,0.727273,3386.58,3386.58,0.0,47.494639,0.583333,0.583333,0.0,0.083333,1,16,16500.0,4474.571671,1.0,12
15.730229,1.0,163.24,55.0,108.24,0.0,1.0,0.083333,1.0,0.0,0,13,1200.0,179.844127,0.166667,12
177.268927,0.636364,429.88,429.88,0.0,0.0,0.25,0.25,0.0,0.0,0,4,7000.0,1590.946442,0.25,12
20.933565,0.363636,295.32,0.0,295.32,0.0,0.333333,0.0,0.333333,0.0,0,8,3000.0,315.301272,0.181818,12
920.872172,0.888889,296.64,130.0,166.64,944.088231,0.555556,0.111111,0.333333,0.111111,3,5,1200.0,119.369967,0.0,9
4240.449485,1.0,2798.36,2798.36,0.0,48.46298,0.428571,0.428571,0.0,0.142857,1,4,4500.0,539.231042,0.0,7
4427.994044,1.0,1039.49,876.49,163.0,621.991582,1.0,0.666667,0.833333,0.416667,7,29,11500.0,1110.44826,0.0,12
187.2126,1.0,1807.08,967.08,840.0,0.0,1.0,0.416667,0.916667,0.0,0,19,10000.0,1681.194004,1.0,12
9680.188434,1.0,0.0,0.0,0.0,2034.051299,0.0,0.0,0.0,0.166667,3,0,12000.0,2428.847512,0.0,12
1186.928037,1.0,2178.0,1546.5,631.5,0.0,1.0,1.0,0.333333,0.0,0,28,7000.0,2565.252377,0.0,12
85.053515,1.0,1244.7,1018.98,225.72,1073.640822,1.0,1.0,0.583333,0.083333,1,20,16000.0,2326.997535,0.833333,12
2054.372848,1.0,833.28,0.0,833.28,0.0,1.0,0.0,1.0,0.0,0,24,4000.0,1020.782939,0.0,12
60.835983,0.454545,1151.45,0.0,1151.45,0.0,0.416667,0.0,0.333333,0.0,0,5,4000.0,1499.855842,0.1,12
1438.46998,1.0,0.0,0.0,0.0,88.409075,0.0,0.0,0.0,0.083333,1,0,1500.0,298.435921,0.0,12
5745.78949,1.0,0.0,0.0,0.0,965.726556,0.0,0.0,0.0,0.333333,6,0,13500.0,1684.800793,0.0,12
746.693629,1.0,615.2,0.0,615.2,0.0,1.0,0.0,0.916667,0.0,0,16,1000.0,1693.123192,0.083333,12
4183.877488,1.0,353.75,0.0,353.75,4137.147297,0.833333,0.0,0.833333,0.25,6,19,9000.0,8713.847904,0.0,12
1140.787563,1.0,2796.54,2096.49,700.05,0.0,0.833333,0.166667,0.75,0.0,0,15,4500.0,2139.874585,0.0,12
281.469522,1.0,2500.03,2170.26,329.77,0.0,0.916667,0.916667,0.416667,0.0,0,25,12000.0,2463.043567,0.909091,12
73.507271,1.0,890.45,890.45,0.0,0.0,1.0,1.0,0.0,0.0,0,17,8500.0,999.607298,0.363636,12
2297.696272,1.0,2764.0,2590.0,174.0,284.17727,0.416667,0.25,0.25,0.083333,1,9,6000.0,651.887762,0.0,12
1064.037564,0.9,55.52,0.0,55.52,0.0,0.4,0.0,0.3,0.0,0,4,4000.0,2427.690302,0.0,10
2792.534256,1.0,9661.37,9661.37,0.0,0.0,0.416667,0.416667,0.0,0.0,0,12,8500.0,6000.763458,0.0,12
606.246031,0.909091,3876.0,2380.0,1496.0,914.843621,0.833333,0.166667,0.75,0.083333,1,21,6500.0,1745.666361,0.090909,12
65.253182,0.363636,1027.41,1027.41,0.0,0.0,0.25,0.25,0.0,0.0,0,7,6000.0,1558.234063,0.666667,12
73.532797,0.363636,1185.3,661.3,524.0,215.945221,0.333333,0.166667,0.25,0.083333,1,6,2500.0,1558.325533,0.181818,12
23.956905,0.636364,186.05,186.05,0.0,0.0,0.416667,0.416667,0.0,0.0,0,7,16500.0,410.798862,1.0,12
4098.215967,1.0,0.0,0.0,0.0,1665.296793,0.0,0.0,0.0,0.25,4,0,7500.0,922.08551,0.0,12
1916.470203,1.0,380.0,0.0,380.0,0.0,0.5,0.0,0.416667,0.0,0,6,8500.0,577.247923,0.0,12
21.639571,1.0,191.7,0.0,191.7,0.0,0.666667,0.0,0.666667,0.0,0,16,7000.0,3692.246322,0.0,12
841.398158,1.0,860.2,264.35,595.85,0.0,0.75,0.166667,0.666667,0.0,0,16,15500.0,1198.790549,0.0,12
3857.747562,1.0,777.92,391.45,386.47,274.019905,1.0,0.083333,1.0,0.083333,1,39,6500.0,5845.78102,0.0,12
1920.231187,1.0,167.08,167.08,0.0,132.902662,0.166667,0.166667,0.0,0.166667,2,2,2300.0,625.532634,0.0,12
304.664917,1.0,2601.67,2508.57,93.1,0.0,0.666667,0.583333,0.083333,0.0,0,18,4000.0,2875.007088,0.166667,12
1.753241,0.571429,0.0,0.0,0.0,390.92983,0.0,0.0,0.0,0.142857,2,0,3000.0,704.789521,1.0,7
1.599053,0.272727,188.0,188.0,0.0,149.167024,0.083333,0.083333,0.0,0.083333,1,1,3000.0,356.465959,0.0,12
7422.444145,1.0,148.29,148.29,0.0,9313.095186,0.083333,0.083333,0.0,0.416667,17,2,9000.0,2299.218749,0.0,12
198.31397,0.909091,487.61,487.61,0.0,0.0,0.166667,0.166667,0.0,0.0,0,8,3000.0,90.1719,0.0,12
2712.176691,1.0,0.0,0.0,0.0,1835.81077,0.0,0.0,0.0,0.416667,12,0,3000.0,659.76111,0.0,12
14.434808,1.0,237.48,0.0,237.48,0.0,1.0,0.0,1.0,0.0,0,12,2500.0,216.922698,1.0,12
1376.24407,1.0,0.0,0.0,0.0,501.208665,0.0,0.0,0.0,0.25,4,0,1500.0,685.228947,0.0,12
164.684836,1.0,622.9,622.9,0.0,464.882608,0.545455,0.545455,0.0,0.090909,1,7,3000.0,825.929531,0.1,11
2837.112414,1.0,0.0,0.0,0.0,99.965503,0.0,0.0,0.0,0.083333,1,0,8000.0,660.781751,0.0,12
931.047119,1.0,494.0,444.0,50.0,0.0,0.333333,0.25,0.083333,0.0,0,7,4000.0,415.139393,0.0,12
438.753147,1.0,1252.1,1057.1,195.0,0.0,1.0,1.0,0.416667,0.0,0,21,6500.0,867.534492,0.0,12
364.398745,1.0,1087.66,561.06,526.6,0.0,0.916667,0.583333,0.833333,0.0,0,22,3000.0,763.738703,0.0,12
2135.365916,1.0,0.0,0.0,0.0,1884.671403,0.0,0.0,0.0,0.166667,3,0,3000.0,565.655851,0.0,12
27.164388,1.0,554.35,464.63,89.72,0.0,1.0,1.0,0.166667,0.0,0,16,3000.0,446.722613,0.272727,12
468.693449,1.0,4930.68,4012.0,918.68,0.0,1.0,0.416667,1.0,0.0,0,40,12000.0,4552.742211,0.833333,12
1080.956258,1.0,386.78,386.78,0.0,2208.470306,0.333333,0.333333,0.0,0.333333,7,7,2600.0,3078.374295,0.090909,12
2849.47477,1.0,574.92,0.0,574.92,0.0,1.0,0.0,1.0,0.0,0,12,2500.0,3909.150905,0.0,12
584.287125,0.818182,0.0,0.0,0.0,918.151142,0.0,0.0,0.0,0.083333,2,0,1000.0,1029.191073,0.125,12
3304.829014,1.0,2577.7,2577.7,0.0,0.0,0.583333,0.583333,0.0,0.0,0,23,5000.0,1411.392046,0.0,12
39.665224,1.0,265.92,0.0,265.92,0.0,0.916667,0.0,0.916667,0.0,0,11,2000.0,295.676965,0.363636,12
83.279708,0.545455,899.73,899.73,0.0,0.0,0.333333,0.333333,0.0,0.0,0,5,8000.0,1846.833247,1.0,12
227.636073,1.0,3050.64,1070.12,1980.52,0.0,1.0,0.666667,0.916667,0.0,0,46,8000.0,2597.767395,0.363636,12
928.666372,1.0,0.0,0.0,0.0,1148.992175,0.0,0.0,0.0,0.5,6,0,1000.0,1374.841601,0.0,12
57.764354,0.545455,454.2,0.0,454.2,0.0,0.5,0.0,0.416667,0.0,0,15,10500.0,712.993271,0.25,12
116.626679,1.0,533.99,178.8,355.19,0.0,0.916667,0.5,0.666667,0.0,0,32,4000.0,606.890738,0.0,12
8787.333948,1.0,0.0,0.0,0.0,7446.549595,0.0,0.0,0.0,0.166667,2,0,12000.0,1919.111579,0.0,12
4007.32326,1.0,3333.95,1317.01,2016.94,513.286838,1.0,0.5,1.0,0.083333,2,91,6000.0,6967.667428,0.0,12
972.665818,1.0,10549.19,9180.41,1368.78,0.0,1.0,1.0,1.0,0.0,0,248,9000.0,10114.18854,1.0,12
697.525591,1.0,462.38,45.65,416.73,345.3272,0.5,0.083333,0.5,0.083333,1,12,1000.0,134.938594,0.0,12
4279.153917,1.0,1006.17,1006.17,0.0,0.0,0.3,0.3,0.0,0.0,0,9,7500.0,836.921157,0.0,10
920.922411,1.0,1227.93,459.55,768.38,0.0,0.916667,0.166667,0.916667,0.0,0,15,8500.0,2219.82375,0.0,12
3308.148118,1.0,3767.75,160.0,3607.75,2567.221138,0.916667,0.083333,0.833333,0.083333,4,84,3000.0,3396.558042,0.0,12
19.945714,0.272727,170.0,170.0,0.0,0.0,0.083333,0.083333,0.0,0.0,0,1,6500.0,734.613034,1.0,12
868.98325,0.818182,1104.65,1104.65,0.0,1180.074937,0.416667,0.416667,0.0,0.166667,2,8,1800.0,1962.562543,0.0,12
0.001214,0.181818,0.0,0.0,0.0,39.610415,0.0,0.0,0.0,0.083333,1,0,7500.0,231.081616,0.0,12
311.357,0.818182,2283.07,2283.07,0.0,0.0,0.666667,0.666667,0.0,0.0,0,18,9000.0,2395.548466,1.0,12
21.986298,0.454545,568.78,208.78,360.0,0.0,0.416667,0.083333,0.333333,0.0,0,10,3800.0,1448.573986,0.0,12
1245.890862,1.0,5380.3,3976.99,1403.31,0.0,0.833333,0.5,0.75,0.0,0,32,4500.0,6133.623121,0.1,12
867.444685,1.0,8751.49,6206.99,2544.5,0.0,1.0,1.0,0.666667,0.0,0,63,4000.0,8622.953253,1.0,12
8625.355309,1.0,1945.95,0.0,1945.95,8004.403258,0.833333,0.0,0.833333,0.5,15,50,12000.0,3732.923009,0.0,12
31.973194,0.545455,94.53,94.53,0.0,0.0,0.083333,0.083333,0.0,0.0,0,2,2100.0,114.614967,0.0,12
112.973151,1.0,0.0,0.0,0.0,152.483846,0.0,0.0,0.0,0.083333,1,0,6000.0,552.938783,0.0,12
1337.162883,1.0,4544.48,2384.44,2160.04,0.0,0.75,0.083333,0.666667,0.0,0,25,7500.0,3394.95009,0.083333,12
1738.553751,1.0,0.0,0.0,0.0,90.195376,0.0,0.0,0.0,0.166667,3,0,1800.0,440.33622,0.0,12
449.556041,0.454545,143.0,143.0,0.0,1135.028534,0.083333,0.083333,0.0,0.25,4,2,5000.0,4723.998143,0.0,12
1227.548135,1.0,322.0,0.0,322.0,0.0,0.583333,0.0,0.583333,0.0,0,13,1000.0,133.36143,0.0,12
48.213487,1.0,403.1,403.1,0.0,0.0,0.666667,0.666667,0.0,0.0,0,8,7000.0,341.196389,0.666667,12
58.949864,1.0,2074.57,998.17,1076.4,0.0,0.916667,0.583333,0.5,0.0,0,25,6000.0,1694.490864,0.333333,12
1367.479599,0.818182,12375.0,0.0,12375.0,0.0,0.75,0.0,0.75,0.0,0,9,16500.0,15246.11594,1.0,12
2920.392514,1.0,2673.73,1221.6,1452.13,5573.509394,1.0,0.333333,1.0,0.5,13,59,15000.0,3319.325665,0.0,12
6462.461789,1.0,479.98,479.98,0.0,6700.497558,0.083333,0.083333,0.0,0.25,7,1,10500.0,2373.476104,0.0,12
1887.119184,1.0,2450.73,1450.73,1000.0,0.0,0.583333,0.166667,0.416667,0.0,0,13,4200.0,1534.31902,0.0,12
67.32184,1.0,685.15,567.65,117.5,0.0,1.0,1.0,0.416667,0.0,0,20,9000.0,526.120039,0.3,12
912.857498,1.0,831.03,93.0,738.03,0.0,0.571429,0.285714,0.714286,0.0,0,8,5500.0,95.682798,0.0,7
961.391452,1.0,3783.25,2991.45,791.8,0.0,1.0,0.916667,0.75,0.0,0,38,11000.0,1906.997697,0.0,12
1455.84622,1.0,592.82,450.49,142.33,433.604875,0.75,0.333333,0.5,0.333333,5,15,1500.0,1226.999404,0.0,12
44.687434,0.454545,679.0,620.0,59.0,0.0,0.333333,0.083333,0.166667,0.0,0,5,3750.0,717.927436,0.3,12
7103.925375,1.0,220.74,0.0,220.74,5315.271763,0.25,0.0,0.166667,0.416667,15,3,10500.0,2070.710343,0.0,12
2337.713483,1.0,773.7,773.7,0.0,0.0,0.833333,0.833333,0.0,0.0,0,20,9500.0,1004.760912,0.0,12
619.375758,1.0,6133.45,5932.61,200.84,0.0,1.0,1.0,0.5,0.0,0,129,7000.0,5505.517545,0.833333,12
1168.007346,1.0,539.0,39.0,500.0,0.0,0.545455,0.090909,0.454545,0.0,0,6,8500.0,946.105536,0.0,11
556.359504,1.0,1111.12,0.0,1111.12,0.0,0.833333,0.0,0.833333,0.0,0,10,2500.0,1248.404553,0.0,12
8151.985277,1.0,25615.07,25122.77,492.3,0.0,1.0,1.0,0.583333,0.0,0,56,17000.0,17575.20083,0.166667,12
1.198223,0.909091,317.02,149.97,167.05,0.0,0.916667,0.75,0.666667,0.0,0,30,6000.0,304.637365,0.0,12
2492.985289,1.0,74.5,0.0,74.5,751.596843,0.083333,0.0,0.083333,0.333333,7,1,2500.0,1577.510657,0.0,12
11431.78621,1.0,0.0,0.0,0.0,8641.998958,0.0,0.0,0.0,0.916667,15,0,14500.0,3967.893848,0.0,12
4116.869029,1.0,0.0,0.0,0.0,5884.641102,0.0,0.0,0.0,0.166667,2,0,10500.0,7310.396611,0.1,12
1117.368286,1.0,972.38,0.0,972.38,0.0,1.0,0.0,1.0,0.0,0,21,1900.0,667.050505,0.0,12
5705.19862,0.909091,942.68,942.68,0.0,2432.714654,0.181818,0.181818,0.0,0.090909,2,2,9000.0,10909.20512,0.0,11
916.63778,1.0,4627.8,2742.39,1885.41,0.0,1.0,1.0,1.0,0.0,0,89,16500.0,6083.511913,0.083333,12
63.685705,1.0,690.84,0.0,690.84,0.0,1.0,0.0,1.0,0.0,0,24,2500.0,676.624615,1.0,12
965.605202,1.0,215.0,215.0,0.0,0.0,0.25,0.25,0.0,0.0,0,3,1000.0,398.080493,0.0,12
173.658581,1.0,1210.0,0.0,1210.0,0.0,1.0,0.0,0.875,0.0,0,8,1000.0,977.652258,0.833333,8
4.382924,0.272727,130.24,0.0,152.24,0.0,0.083333,0.0,0.083333,0.0,0,0,14000.0,28988.97388,0.5,12
1708.478796,1.0,1406.14,993.0,413.14,0.0,1.0,0.416667,0.916667,0.0,0,27,6500.0,449.234708,0.0,12
222.321892,0.909091,2417.54,1709.14,708.4,0.0,0.75,0.333333,0.5,0.0,0,17,8500.0,2222.490788,1.0,12
465.033038,1.0,247.36,247.36,0.0,5291.769326,0.25,0.25,0.0,0.166667,9,2,8500.0,506.365178,0.25,12
6138.163709,1.0,0.0,0.0,0.0,7193.574138,0.0,0.0,0.0,0.916667,22,0,11500.0,1337.056317,0.0,12
668.102701,1.0,4943.92,2300.09,2643.83,0.0,1.0,0.916667,1.0,0.0,0,52,7000.0,4869.034025,1.0,12
4146.527042,1.0,178.0,178.0,0.0,764.579554,0.083333,0.083333,0.0,0.333333,4,1,8500.0,911.108606,0.0,12
1687.08958,1.0,5094.17,4568.17,526.0,0.0,1.0,1.0,0.416667,0.0,0,70,8000.0,3606.985963,0.0,12
1995.089853,1.0,8335.69,7400.85,934.84,0.0,1.0,0.818182,0.272727,0.0,0,69,7000.0,3348.095046,0.0,11
1818.447016,0.909091,413.0,333.0,80.0,1819.479671,0.454545,0.181818,0.272727,0.181818,8,7,2000.0,757.096312,0.0,11
33.225168,0.909091,655.15,595.42,59.73,109.490343,1.0,1.0,0.166667,0.083333,1,16,500.0,736.122329,0.222222,12
1060.736973,0.636364,0.0,0.0,0.0,2495.298926,0.0,0.0,0.0,0.166667,7,0,3000.0,3812.753505,0.166667,12
129.613905,0.636364,1083.04,1083.04,0.0,0.0,0.333333,0.333333,0.0,0.0,0,10,5500.0,1958.462851,1.0,12
262.106758,1.0,2625.84,2625.84,0.0,0.0,1.0,1.0,0.0,0.0,0,38,4500.0,2489.949174,1.0,12
27.694103,0.444444,474.96,0.0,474.96,0.0,0.333333,0.0,0.222222,0.0,0,7,7500.0,611.396021,1.0,9
294.381106,1.0,828.0,0.0,828.0,0.0,0.6,0.0,0.5,0.0,0,6,1000.0,542.108571,0.125,10
1895.786893,1.0,2131.31,510.65,1620.66,0.0,1.0,0.666667,0.916667,0.0,0,29,5500.0,1095.198415,0.0,12
2550.528085,1.0,0.0,0.0,0.0,3155.857852,0.0,0.0,0.0,0.8,17,0,3000.0,674.847656,0.0,10
2475.660894,0.909091,440.0,440.0,0.0,0.0,0.272727,0.272727,0.0,0.0,0,3,10500.0,511.059528,0.0,11
1499.19943,1.0,3245.23,2870.33,374.9,0.0,1.0,1.0,0.833333,0.0,0,51,8000.0,2961.631164,0.0,12
3181.996689,0.909091,2046.06,1605.62,440.44,565.897178,1.0,0.583333,0.916667,0.083333,2,27,10400.0,9801.637331,0.0,12
39.761286,0.454545,2858.26,1027.72,1830.54,0.0,1.0,0.75,1.0,0.0,0,40,7500.0,3327.955123,0.3,12
22.794308,0.636364,12.0,12.0,0.0,0.0,0.083333,0.083333,0.0,0.0,0,1,1600.0,119.909635,0.0,12
2118.52034,1.0,0.0,0.0,0.0,4675.289021,0.0,0.0,0.0,0.5,8,0,4000.0,1420.257435,0.0,12
2629.928623,1.0,2830.88,2019.76,811.12,95.275458,0.916667,0.916667,0.416667,0.083333,1,62,4500.0,4889.053647,0.0,12
1057.585071,1.0,1008.3,1008.3,0.0,0.0,0.916667,0.916667,0.0,0.0,0,15,1200.0,1083.253347,0.0,12
180.315352,1.0,1642.26,446.32,1195.94,47.031268,1.0,0.25,0.833333,0.083333,1,24,7000.0,1609.27261,0.916667,12
2402.800575,1.0,0.0,0.0,0.0,481.288304,0.0,0.0,0.0,0.083333,1,0,7000.0,3590.813278,0.0,12
3241.29164,1.0,1119.56,0.0,1119.56,4755.162871,1.0,0.0,0.916667,0.833333,14,13,12500.0,1441.367488,0.0,12
5868.206909,1.0,911.56,683.0,228.56,5761.320083,0.833333,0.666667,0.75,0.833333,45,45,9000.0,1068.212206,0.0,12
937.434519,1.0,1124.88,1085.63,39.25,0.0,0.416667,0.333333,0.083333,0.0,0,9,2500.0,993.196174,0.0,12
4804.072481,1.0,0.0,0.0,0.0,1116.128466,0.0,0.0,0.0,0.583333,11,0,5000.0,1589.654582,0.0,12
1177.125233,1.0,8190.9,6949.66,1241.24,0.0,1.0,0.916667,0.5,0.0,0,56,5000.0,7007.797351,0.416667,12
4393.185874,1.0,0.0,0.0,0.0,10725.50074,0.0,0.0,0.0,0.5,21,0,8000.0,5943.975673,0.090909,12
1695.84301,1.0,317.4,64.9,252.5,215.132661,0.25,0.083333,0.25,0.333333,4,5,1800.0,708.699641,0.0,12
1830.571451,1.0,737.67,737.67,0.0,1781.484344,0.25,0.25,0.0,0.416667,13,5,2000.0,2338.783266,0.0,12
167.505508,0.818182,1219.0,843.0,376.0,0.0,0.75,0.75,0.416667,0.0,0,21,4500.0,1989.674433,0.666667,12
1075.401912,1.0,150.0,150.0,0.0,0.0,0.083333,0.083333,0.0,0.0,0,1,1200.0,224.135558,0.0,12
392.992722,1.0,508.32,0.0,508.32,0.0,1.0,0.0,1.0,0.0,0,36,1500.0,168.998137,0.0,12
136.743106,1.0,1466.05,1344.79,121.26,0.0,1.0,1.0,0.5,0.0,0,21,6000.0,1519.011448,1.0,12
2619.752921,1.0,3563.07,2675.63,887.44,0.0,0.916667,0.666667,0.666667,0.0,0,69,4500.0,1227.952887,0.0,12
432.385707,1.0,2171.86,1048.28,1123.58,138.67751,0.833333,0.416667,0.416667,0.083333,1,20,1200.0,1980.281176,0.0,12
4.392146,0.181818,47.96,0.0,47.96,0.0,0.166667,0.0,0.166667,0.0,0,4,3000.0,250.20211,0.0,12
109.681353,1.0,2118.66,0.0,2118.66,0.0,0.916667,0.0,0.916667,0.0,0,17,3000.0,2272.075479,1.0,12
632.679411,1.0,1363.79,800.0,563.79,0.0,0.75,0.083333,0.666667,0.0,0,16,6000.0,2432.980638,0.0,12
3145.204423,1.0,3613.83,2752.76,861.07,0.0,1.0,0.416667,0.5,0.0,0,19,5700.0,1241.075833,0.0,12
5925.82931,1.0,0.0,0.0,0.0,468.344852,0.0,0.0,0.0,0.166667,2,0,6500.0,1402.586222,0.0,12
5227.616927,1.0,0.0,0.0,0.0,3819.594336,0.0,0.0,0.0,1.0,27,0,5200.0,4995.602345,0.0,12
3019.914063,1.0,0.0,0.0,0.0,397.601082,0.0,0.0,0.0,0.181818,2,0,3300.0,626.302973,0.0,11
26.485924,1.0,256.44,0.0,256.44,0.0,0.666667,0.0,0.666667,0.0,0,12,1500.0,235.328971,0.166667,12
950.717606,0.909091,0.0,0.0,0.0,1304.763283,0.0,0.0,0.0,0.166667,3,0,1500.0,1441.710359,0.0,12
75.012641,0.545455,480.02,480.02,0.0,0.0,0.083333,0.083333,0.0,0.0,0,1,1950.0,485.738057,0.0,12
3156.418686,1.0,3471.99,2447.99,1024.0,1037.733925,1.0,0.833333,1.0,0.166667,2,57,4000.0,2482.014766,0.0,12
1229.938869,1.0,699.96,412.47,287.49,0.0,0.333333,0.166667,0.166667,0.0,0,9,2250.0,1333.446631,0.0,12
1589.41431,1.0,118.79,118.79,0.0,2176.940929,0.416667,0.416667,0.0,0.166667,5,5,4000.0,349.53025,0.0,12
1106.557102,1.0,1342.86,1149.91,192.95,3249.314496,0.333333,0.25,0.083333,0.25,4,13,6500.0,4421.574277,0.0,12
588.795215,0.636364,4116.0,0.0,4116.0,0.0,0.5,0.0,0.5,0.0,0,12,21500.0,8130.112361,1.0,12
4627.588589,1.0,1774.46,1774.46,0.0,0.0,0.583333,0.583333,0.0,0.0,0,12,5200.0,864.174924,0.0,12
2766.561266,1.0,1469.05,1469.05,0.0,1585.242991,0.333333,0.333333,0.0,0.166667,2,29,3000.0,591.132016,0.0,12
5363.715074,1.0,118.41,118.41,0.0,4344.905863,0.083333,0.083333,0.0,0.333333,6,1,7000.0,1965.92346,0.0,12
2963.244696,0.777778,0.0,0.0,0.0,5713.47546,0.0,0.0,0.0,0.444444,15,0,7000.0,6310.629888,0.142857,9
211.84382,0.636364,2176.55,1043.31,1133.24,0.0,0.583333,0.5,0.5,0.0,0,45,8000.0,1826.642642,0.285714,12
903.031624,1.0,494.7,0.0,494.7,1111.69,0.833333,0.0,0.833333,0.166667,6,10,1000.0,2210.461973,0.0,12
793.713659,1.0,1307.0,1307.0,0.0,0.0,0.166667,0.166667,0.0,0.0,0,1,3000.0,1533.10785,0.0,6
8281.348085,1.0,4231.12,3101.11,1130.01,0.0,1.0,1.0,0.583333,0.0,0,43,10500.0,2856.165405,0.0,12
100.904785,1.0,1281.44,1202.44,79.0,0.0,1.0,1.0,0.166667,0.0,0,31,12000.0,1271.161266,0.916667,12
140.741786,1.0,1547.68,1459.59,88.09,0.0,1.0,1.0,0.416667,0.0,0,27,7500.0,1157.317558,0.875,12
3947.749703,0.5,525.65,525.65,0.0,7714.493122,0.333333,0.333333,0.0,0.166667,1,7,10000.0,918.584591,0.0,6
1981.929376,1.0,145.8,0.0,145.8,0.0,0.833333,0.0,0.75,0.0,0,10,6000.0,2803.926679,0.083333,12
975.946428,1.0,1572.42,783.03,789.39,1910.395479,1.0,0.583333,1.0,0.416667,11,34,1700.0,4024.595117,0.166667,12
2807.729258,1.0,0.0,0.0,0.0,109.708511,0.0,0.0,0.0,0.166667,2,0,3000.0,616.424424,0.0,12
2613.123168,1.0,0.0,0.0,0.0,609.316112,0.0,0.0,0.0,0.166667,3,0,3000.0,592.143167,0.0,12
6.576315,0.272727,74.49,0.0,74.49,0.0,0.25,0.0,0.166667,0.0,0,3,4000.0,45.19561,0.166667,12
778.475416,1.0,353.52,158.0,195.52,1183.478018,0.666667,0.083333,0.583333,0.416667,9,10,1500.0,219.322142,0.0,12
7170.30572,1.0,3109.28,2724.52,384.76,2560.207055,1.0,1.0,0.833333,0.5,7,48,9500.0,2055.673322,0.0,12
1579.158781,1.0,4175.25,2095.35,2079.9,0.0,1.0,0.166667,0.916667,0.0,0,50,8000.0,1980.952607,0.0,12
131.459201,1.0,705.84,0.0,705.84,0.0,0.916667,0.0,0.916667,0.0,0,11,13500.0,669.589,0.454545,12
1764.520491,0.909091,100.0,100.0,0.0,440.715034,0.083333,0.083333,0.0,0.083333,1,1,3000.0,3815.758864,0.125,12
1787.535327,1.0,0.0,0.0,0.0,5566.777503,0.0,0.0,0.0,0.25,8,0,7500.0,4592.708912,0.0,12
2769.640442,1.0,738.06,738.06,0.0,1273.269924,0.5,0.5,0.0,0.333333,5,8,4500.0,740.45306,0.0,12
0.0,0.0,88.62,0.0,88.62,0.0,0.583333,0.0,0.5,0.0,0,7,3500.0,58.761299,0.0,12
774.709467,1.0,462.0,0.0,462.0,864.137815,1.0,0.0,1.0,0.166667,2,24,6000.0,703.328852,0.0,12
4533.066139,1.0,0.0,0.0,0.0,256.722556,0.0,0.0,0.0,0.083333,1,0,8000.0,1588.74192,0.0,12
3044.194951,1.0,934.21,112.0,822.21,75.711826,0.75,0.083333,0.666667,0.166667,2,38,3000.0,1268.702405,0.0,12
1101.085631,1.0,0.0,0.0,0.0,164.836712,0.0,0.0,0.0,0.166667,2,0,1200.0,270.956427,0.0,12
18.218714,0.272727,89.0,0.0,89.0,0.0,0.083333,0.0,0.083333,0.0,0,1,4000.0,1095.921001,1.0,12
7.472301,0.181818,80.0,0.0,80.0,0.0,0.166667,0.0,0.083333,0.0,0,2,3000.0,168.885534,0.090909,12
1258.079397,1.0,1242.46,778.61,463.85,1145.724422,1.0,0.5,1.0,0.416667,8,33,4500.0,3169.465442,0.083333,12
497.787017,1.0,114.54,114.54,0.0,1573.646488,0.083333,0.083333,0.0,0.166667,2,1,1000.0,2060.33172,0.166667,12
8767.5693,1.0,0.0,0.0,0.0,4582.065405,0.0,0.0,0.0,0.25,10,0,9000.0,1824.244866,0.0,12
843.357393,1.0,45.0,45.0,0.0,0.0,0.083333,0.083333,0.0,0.0,0,1,2000.0,304.408605,0.0,12
1080.667451,1.0,3895.67,697.85,3197.82,135.404437,1.0,0.416667,1.0,0.166667,3,49,6500.0,2571.280305,0.166667,12
2945.285382,1.0,185.98,55.0,130.98,0.0,0.416667,0.083333,0.333333,0.0,0,9,3000.0,1009.97564,0.0,12
3608.548972,0.9,1664.02,1620.6,43.42,3899.963528,0.5,0.5,0.1,0.3,5,15,5000.0,1043.772722,0.0,10
1209.733106,1.0,1298.56,169.9,1128.66,0.0,1.0,0.083333,1.0,0.0,0,47,1200.0,1558.812198,0.0,12
21.664126,1.0,271.86,30.0,241.86,0.0,1.0,0.083333,0.916667,0.0,0,12,4000.0,263.919053,0.777778,12
27.832009,1.0,366.6,0.0,366.6,0.0,1.0,0.0,1.0,0.0,0,12,5000.0,364.834065,0.25,12
1247.384513,1.0,405.5,138.5,267.0,0.0,0.5,0.166667,0.416667,0.0,0,12,6500.0,1131.607754,0.0,12
1052.127315,1.0,354.48,0.0,354.48,0.0,1.0,0.0,1.0,0.0,0,12,1000.0,571.417096,0.0,12
110.400892,1.0,486.72,0.0,486.72,0.0,1.0,0.0,0.916667,0.0,0,12,1000.0,278.441988,0.1,12
3232.346639,1.0,0.0,0.0,0.0,172.063782,0.0,0.0,0.0,0.333333,8,0,3500.0,664.715954,0.0,12
498.355964,1.0,2434.7,931.7,1503.0,0.0,1.0,0.416667,1.0,0.0,0,27,4500.0,4242.383449,0.25,12
2774.249582,1.0,21802.6,21802.6,0.0,1771.824164,1.0,1.0,0.0,0.083333,4,72,13000.0,22350.29247,0.916667,12
2332.392373,1.0,306.36,0.0,306.36,0.0,0.25,0.0,0.166667,0.0,0,3,7000.0,670.376849,0.0,12
3630.771485,1.0,0.0,0.0,0.0,10519.48252,0.0,0.0,0.0,0.666667,15,0,9000.0,5171.793236,0.090909,12
4676.575915,1.0,453.64,0.0,453.64,1984.010422,0.333333,0.0,0.333333,0.166667,5,4,8000.0,1274.301021,0.0,12
39.477741,0.545455,325.66,325.66,0.0,0.0,0.333333,0.333333,0.0,0.0,0,7,1000.0,288.039256,0.0,12
8.04034,0.181818,176.85,176.85,0.0,0.0,0.166667,0.166667,0.0,0.0,0,4,6000.0,266.209837,1.0,12
83.004246,1.0,726.89,482.51,244.38,0.0,0.833333,0.583333,0.666667,0.0,0,23,3000.0,666.292539,0.166667,12
197.02206,1.0,3824.78,1722.51,2102.27,0.0,1.0,0.666667,1.0,0.0,0,80,3000.0,3458.142743,0.833333,12
223.818492,1.0,1702.42,725.0,977.42,0.0,0.916667,0.083333,0.833333,0.0,0,12,7300.0,1913.220366,0.25,12
2270.429964,1.0,8257.26,6367.49,1889.77,4134.316549,1.0,1.0,1.0,0.75,15,139,13000.0,12080.20143,0.25,12
341.379209,1.0,426.92,426.92,0.0,36.144056,0.416667,0.416667,0.0,0.083333,1,13,3000.0,595.682302,0.0,12
103.393689,1.0,0.0,0.0,0.0,1820.800715,0.0,0.0,0.0,0.083333,1,0,3000.0,0.0,0.0,12
1050.527038,0.818182,8880.59,2269.45,6611.14,0.0,1.0,0.333333,1.0,0.0,0,64,8500.0,7713.262155,0.0,12
1033.394656,1.0,262.44,0.0,262.44,888.915071,0.666667,0.0,0.666667,0.166667,4,8,2000.0,569.731828,0.0,12
0.0,0.0,2600.0,2600.0,0.0,0.0,0.083333,0.083333,0.0,0.0,0,1,6000.0,2437.260081,0.0,12
5805.32079,1.0,1724.75,1638.97,85.78,1878.058967,0.833333,0.75,0.666667,0.083333,1,29,7500.0,1351.901655,0.0,12
167.35668,1.0,288.0,288.0,0.0,189.705758,0.083333,0.083333,0.0,0.083333,1,3,6000.0,292.213876,0.0,12
5942.683036,1.0,976.45,897.45,79.0,1963.562252,0.583333,0.583333,0.166667,0.166667,2,15,9000.0,1659.876332,0.0,12
5559.733773,1.0,930.0,0.0,930.0,3639.817554,0.416667,0.0,0.333333,0.416667,14,13,7500.0,2519.858893,0.0,12
2650.518784,1.0,503.0,128.0,375.0,0.0,0.5,0.083333,0.416667,0.0,0,6,3000.0,1229.096798,0.0,12
0.126562,0.2,0.0,0.0,0.0,47.222001,0.0,0.0,0.0,0.1,1,0,1200.0,119.790593,0.5,10
1.343207,0.181818,19.08,0.0,19.08,0.0,0.166667,0.0,0.083333,0.0,0,2,7000.0,170.180973,0.0,12
1229.397644,1.0,11414.48,6754.38,4660.1,0.0,1.0,0.916667,1.0,0.0,0,176,9000.0,9686.614183,0.916667,12
1163.790341,1.0,517.0,517.0,0.0,0.0,0.272727,0.272727,0.0,0.0,0,12,1200.0,541.21958,0.0,11
2000.797758,1.0,1037.5,0.0,1037.5,0.0,0.416667,0.0,0.416667,0.0,0,5,7500.0,1864.665644,0.272727,12
8809.504736,1.0,25378.36,20646.07,4732.29,0.0,1.0,1.0,1.0,0.0,0,136,14500.0,25825.32482,0.0,12
82.803156,1.0,756.68,597.35,159.33,0.0,1.0,1.0,0.166667,0.0,0,14,4000.0,699.109729,1.0,12
343.674421,0.454545,452.07,452.07,0.0,522.525877,0.166667,0.166667,0.0,0.166667,4,3,1700.0,51.461732,0.0,12
171.616134,1.0,4996.17,4726.17,270.0,0.0,0.833333,0.75,0.166667,0.0,0,35,4500.0,4736.750346,0.666667,12
417.841508,1.0,311.86,0.0,311.86,0.0,0.5,0.0,0.416667,0.0,0,7,3000.0,802.93759,0.0,12
97.917955,1.0,824.31,0.0,824.31,0.0,0.916667,0.0,0.916667,0.0,0,27,7500.0,702.365795,1.0,12
6.08697,0.181818,333.24,0.0,333.24,0.0,1.0,0.0,1.0,0.0,0,12,1500.0,224.061597,0.0,12
1.600479,0.181818,513.24,0.0,513.24,0.0,1.0,0.0,1.0,0.0,0,12,2500.0,363.735397,0.0,12
70.457831,0.818182,1146.59,650.78,495.81,0.0,0.666667,0.166667,0.5,0.0,0,14,4500.0,904.796957,0.5,12
1160.206649,0.9,1600.0,1400.0,200.0,0.0,0.3,0.1,0.1,0.0,0,5,2000.0,876.757279,0.0,10
4060.966003,1.0,823.1,407.0,416.1,0.0,0.5,0.166667,0.333333,0.0,0,13,11500.0,3347.328701,0.0,12
2714.595164,1.0,666.1,75.0,591.1,296.922557,0.916667,0.083333,0.916667,0.083333,1,18,8500.0,2055.474721,0.0,12
1212.812748,1.0,397.44,0.0,397.44,0.0,1.0,0.0,1.0,0.0,0,12,2000.0,1738.449943,0.0,12
48.822128,1.0,537.51,0.0,537.51,0.0,1.0,0.0,0.833333,0.0,0,12,1000.0,478.875501,1.0,12
694.202818,0.818182,0.0,0.0,0.0,1087.082047,0.0,0.0,0.0,0.166667,3,0,1200.0,1721.925721,0.142857,12
3478.592472,0.9,0.0,0.0,0.0,3757.973335,0.0,0.0,0.0,0.2,11,0,4000.0,611.537657,0.0,10
1191.662907,1.0,979.92,849.92,130.0,0.0,0.75,0.416667,0.416667,0.0,0,18,4350.0,278.328435,0.0,12
1552.772103,1.0,34.74,34.74,0.0,185.374726,0.1,0.1,0.0,0.2,3,1,3000.0,3125.652785,0.0,10
705.232653,1.0,1902.4,1669.8,232.6,0.0,1.0,1.0,0.833333,0.0,0,29,900.0,1941.959847,0.0,12
3391.70218,1.0,38902.71,33803.84,5098.87,0.0,1.0,1.0,1.0,0.0,0,195,18000.0,35843.62593,1.0,12
1013.728552,1.0,3209.62,2797.99,411.63,953.600788,1.0,0.583333,1.0,0.5,10,32,6000.0,4176.325274,0.083333,12
22.728166,0.818182,262.5,0.0,262.5,0.0,0.75,0.0,0.666667,0.0,0,14,3500.0,301.677275,1.0,12
799.518482,1.0,339.96,0.0,339.96,830.316783,1.0,0.0,1.0,0.25,4,12,1000.0,361.021723,0.0,12
5344.347568,1.0,270.02,270.02,0.0,139.701781,0.083333,0.083333,0.0,0.166667,2,2,6000.0,1467.932074,0.0,12
350.378913,0.636364,3263.48,3263.48,0.0,0.0,0.583333,0.583333,0.0,0.0,0,25,7500.0,4547.760665,1.0,12
2763.049499,1.0,1921.85,1715.55,206.3,0.0,0.916667,0.5,0.666667,0.0,0,20,3050.0,1614.5512,0.0,12
4.383989,0.545455,96.5,0.0,96.5,0.0,0.5,0.0,0.416667,0.0,0,6,4500.0,217.143643,1.0,12
4954.880195,1.0,281.31,0.0,281.31,3056.622746,0.416667,0.0,0.416667,0.166667,4,5,5500.0,1442.246195,0.0,12
1670.146578,0.727273,3420.97,3420.97,0.0,0.0,0.25,0.25,0.0,0.0,0,31,2700.0,1164.552612,0.125,12
1728.275923,1.0,628.56,0.0,628.56,0.0,1.0,0.0,1.0,0.0,0,24,6000.0,1217.960916,0.0,12
1034.555485,1.0,5787.66,5093.0,694.66,0.0,0.833333,0.666667,0.75,0.0,0,63,2700.0,5651.220766,0.583333,12
502.653982,1.0,4748.5,1845.75,2902.75,0.0,1.0,1.0,1.0,0.0,0,82,12000.0,4517.823754,0.583333,12
1216.570617,1.0,5140.49,4882.68,257.81,0.0,1.0,0.75,0.5,0.0,0,57,4500.0,5671.221416,0.0,12
7611.152584,1.0,3707.79,3707.79,0.0,0.0,0.666667,0.666667,0.0,0.0,0,57,12000.0,4610.460803,0.0,12
25.414572,1.0,262.92,262.92,0.0,0.0,0.916667,0.916667,0.0,0.0,0,11,13000.0,280.367131,0.636364,12
135.037323,1.0,270.0,0.0,270.0,0.0,0.272727,0.0,0.181818,0.0,0,3,3300.0,1760.310579,1.0,11
41.762859,0.090909,0.0,0.0,0.0,1125.868686,0.0,0.0,0.0,0.083333,3,0,12000.0,0.0,0.0,12
1563.747179,1.0,801.46,601.46,200.0,1029.987801,0.583333,0.583333,0.083333,0.166667,2,17,4000.0,2282.161389,0.0,12
1044.273707,1.0,1463.84,255.0,1208.84,262.147162,0.916667,0.416667,0.916667,0.083333,1,22,6700.0,2624.741492,0.0,12
8159.168439,1.0,2453.07,1845.55,607.52,3278.461198,1.0,0.916667,1.0,0.25,3,42,15000.0,1698.958527,0.0,12
2403.75955,1.0,367.16,367.16,0.0,0.0,0.333333,0.333333,0.0,0.0,0,8,2600.0,687.263236,0.0,12
2876.009336,1.0,152.61,152.61,0.0,3719.650168,0.333333,0.333333,0.0,1.166667,24,2,4000.0,248.342971,0.0,6
1237.673602,0.727273,0.0,0.0,0.0,1962.749428,0.0,0.0,0.0,0.166667,3,0,2000.0,589.980487,0.0,12
283.30016,1.0,461.36,0.0,461.36,0.0,0.666667,0.0,0.666667,0.0,0,9,9000.0,526.087388,0.0,12
7339.943073,0.875,0.0,0.0,0.0,9123.485636,0.0,0.0,0.0,0.375,11,0,9000.0,1314.192386,0.0,8
1226.122189,1.0,295.34,295.34,0.0,0.0,0.416667,0.416667,0.0,0.0,0,8,1200.0,439.233552,0.0,12
3515.039029,1.0,2924.08,1385.29,1538.79,7867.732492,1.0,0.333333,1.0,0.75,31,85,4000.0,10693.27843,0.0,12
30.525356,0.454545,384.95,384.95,0.0,0.0,0.333333,0.333333,0.0,0.0,0,4,14500.0,498.165923,0.272727,12
1283.280303,0.777778,0.0,0.0,0.0,5790.59647,0.0,0.0,0.0,0.666667,17,0,3000.0,4073.172497,0.0,9
49.416158,0.727273,590.0,350.0,240.0,0.0,0.583333,0.083333,0.5,0.0,0,7,6000.0,836.812414,1.0,12
1621.035373,1.0,23.21,0.0,23.21,0.0,0.333333,0.0,0.333333,0.0,0,4,2000.0,500.515114,0.0,12
1624.651156,0.636364,0.0,0.0,0.0,2684.507978,0.0,0.0,0.0,0.166667,9,0,6000.0,894.813551,0.0,12
5269.72399,1.0,682.57,669.47,13.1,0.0,0.416667,0.333333,0.083333,0.0,0,9,7000.0,1771.172074,0.0,12
314.507915,0.727273,3492.21,3195.21,297.0,0.0,0.583333,0.583333,0.166667,0.0,0,13,8500.0,4089.583027,0.833333,12
2150.212841,1.0,4096.08,3238.27,857.81,0.0,1.0,0.666667,0.833333,0.0,0,45,8500.0,587.669772,0.0,12
891.620777,1.0,0.0,0.0,0.0,159.673475,0.0,0.0,0.0,0.166667,2,0,2000.0,593.110495,0.0,12
3454.094319,1.0,31299.35,19064.3,12235.05,0.0,1.0,0.666667,0.833333,0.0,0,121,7500.0,22542.58705,0.583333,12
86.905609,1.0,1106.4,0.0,1106.4,440.972634,1.0,0.0,1.0,0.083333,1,12,2500.0,1538.001397,1.0,12
1647.932117,1.0,0.0,0.0,0.0,93.690441,0.0,0.0,0.0,0.333333,4,0,1800.0,390.2023,0.0,12
188.424847,1.0,1576.35,1063.85,512.5,0.0,0.833333,0.833333,0.333333,0.0,0,20,6500.0,1271.233538,0.25,12
1250.885289,1.0,892.19,363.85,528.34,0.0,0.416667,0.083333,0.416667,0.0,0,6,1800.0,461.638318,0.0,12
5148.625027,1.0,0.0,0.0,0.0,4042.791779,0.0,0.0,0.0,0.833333,16,0,6500.0,1274.60362,0.0,12
3272.586986,1.0,1146.57,991.58,154.99,0.0,1.0,1.0,0.5,0.0,0,20,12000.0,1132.705302,0.0,12
1698.369764,0.818182,0.0,0.0,0.0,2253.381516,0.0,0.0,0.0,0.083333,2,0,4500.0,5512.828223,0.111111,12
246.864346,1.0,2995.55,2301.11,694.44,0.0,1.0,0.75,1.0,0.0,0,35,6000.0,2734.138816,0.916667,12
2004.914139,1.0,3628.29,1937.35,1690.94,0.0,1.0,0.916667,1.0,0.0,0,73,11500.0,1718.220924,0.0,12
10.703306,0.090909,0.0,0.0,0.0,575.193978,0.0,0.0,0.0,0.083333,1,0,1000.0,0.0,0.0,12
1410.753575,1.0,588.85,399.85,189.0,1668.104809,0.583333,0.416667,0.25,0.75,23,13,4000.0,409.037304,0.0,12
2388.030134,1.0,3832.98,2004.03,1828.95,1441.065248,1.0,1.0,1.0,0.083333,1,90,11000.0,5990.39237,0.083333,12
96.109401,1.0,938.2,938.2,0.0,148.986635,1.0,1.0,0.0,0.083333,1,12,8000.0,3722.654209,0.416667,12
8953.743398,1.0,254.85,83.97,170.88,0.0,0.333333,0.083333,0.25,0.0,0,5,12000.0,2105.588422,0.0,12
3414.977831,1.0,2219.55,1695.03,524.52,950.424076,0.916667,0.75,0.75,0.583333,10,33,5000.0,732.08134,0.0,12
1039.88038,0.818182,93.24,0.0,93.24,5465.141893,1.0,0.0,0.916667,0.416667,5,12,5000.0,5293.609266,0.090909,12
92.898327,1.0,546.0,46.0,500.0,0.0,0.5,0.083333,0.416667,0.0,0,7,6000.0,787.50992,0.6,12
2885.068871,1.0,0.0,0.0,0.0,255.676579,0.0,0.0,0.0,0.25,3,0,3000.0,712.676699,0.0,12
7919.563494,1.0,85.54,0.0,85.54,9945.280243,0.222222,0.0,0.111111,0.444444,10,2,10000.0,1594.977158,0.0,9
4707.131609,0.636364,7066.08,4534.03,2532.05,5192.290154,0.583333,0.333333,0.5,0.25,12,87,10000.0,5352.856606,0.0,12
1915.245632,1.0,39.0,39.0,0.0,92.668977,0.083333,0.083333,0.0,0.083333,1,1,1950.0,542.919146,0.0,12
392.667425,1.0,4015.23,4015.23,0.0,0.0,1.0,1.0,0.0,0.0,0,26,7500.0,3189.923177,0.916667,12
104.57287,1.0,937.56,630.0,307.56,0.0,0.666667,0.083333,0.666667,0.0,0,13,6000.0,870.874657,0.583333,12
2257.542109,1.0,0.0,0.0,0.0,1082.684755,0.0,0.0,0.0,0.083333,1,0,3000.0,464.716284,0.0,12
75.070011,0.9,898.45,0.0,898.45,0.0,0.9,0.0,0.8,0.0,0,11,4000.0,743.358844,1.0,10
7533.854422,1.0,5253.06,3096.1,2156.96,0.0,0.916667,0.833333,0.75,0.0,0,78,20500.0,1790.394949,0.0,12
628.384411,1.0,887.3,840.0,47.3,279.557918,0.25,0.166667,0.083333,0.083333,1,6,2000.0,177.708307,0.0,12
165.808096,0.714286,981.19,823.39,157.8,0.0,0.714286,0.571429,0.285714,0.0,0,16,9000.0,672.446893,0.25,7
5329.544052,1.0,1651.64,1088.79,562.85,0.0,0.416667,0.166667,0.416667,0.0,0,18,5500.0,1587.462442,0.0,12
1171.429087,0.909091,1845.42,1845.42,0.0,0.0,0.25,0.25,0.0,0.0,0,7,3000.0,3073.603769,0.1,12
99.912238,1.0,730.2,165.0,565.2,0.0,1.0,0.142857,0.857143,0.0,0,13,1000.0,463.326909,0.5,7
114.295749,1.0,109.8,0.0,109.8,0.0,0.75,0.0,0.75,0.0,0,12,1000.0,115.418223,0.0,12
287.099648,0.818182,2693.64,640.5,2053.14,0.0,0.75,0.25,0.75,0.0,0,33,9000.0,2258.647459,0.125,12
5867.560972,1.0,609.0,109.06,499.94,3397.577504,0.583333,0.083333,0.416667,0.333333,9,11,7000.0,1498.619792,0.0,12
7499.30365,1.0,350.57,350.57,0.0,948.293789,0.083333,0.083333,0.0,0.25,6,3,7500.0,1326.434054,0.0,12
23.331936,0.454545,1194.96,0.0,1194.96,0.0,1.0,0.0,1.0,0.0,0,17,1600.0,1381.551722,0.0,12
262.723622,0.818182,2365.07,2125.07,240.0,0.0,0.75,0.5,0.416667,0.0,0,26,9000.0,3095.831769,0.636364,12
204.584048,0.818182,0.0,0.0,0.0,628.366944,0.0,0.0,0.0,0.25,3,0,1600.0,1933.810453,0.0,12
4977.237859,1.0,61.99,61.99,0.0,7448.32932,0.083333,0.083333,0.0,0.5,22,1,6500.0,6850.235626,0.0,12
433.677841,1.0,1391.89,1088.83,303.06,0.0,0.833333,0.833333,0.333333,0.0,0,19,7000.0,2312.220888,0.25,12
1220.493289,0.363636,0.0,0.0,0.0,5607.394437,0.0,0.0,0.0,0.25,3,0,6000.0,566.644234,0.0,12
3740.907731,1.0,0.0,0.0,0.0,116.632141,0.0,0.0,0.0,0.083333,1,0,4000.0,128.371777,0.0,12
1669.01626,1.0,892.3,517.3,375.0,295.812224,0.916667,0.75,0.416667,0.083333,1,14,1800.0,1065.80426,0.0,12
117.617134,1.0,1081.23,100.0,981.23,0.0,0.916667,0.083333,0.833333,0.0,0,29,2100.0,1024.806886,1.0,12
3802.910134,1.0,0.0,0.0,0.0,1448.031295,0.0,0.0,0.0,0.333333,12,0,4000.0,915.900602,0.0,12
43.354029,1.0,617.34,0.0,617.34,0.0,0.916667,0.0,0.916667,0.0,0,19,1200.0,564.845244,0.583333,12
4530.639094,1.0,0.0,0.0,0.0,3162.719581,0.0,0.0,0.0,0.25,5,0,8000.0,995.539176,0.0,12
3529.587012,1.0,0.0,0.0,0.0,3969.324981,0.0,0.0,0.0,0.666667,14,0,9000.0,3603.147293,0.0,12
5052.910787,1.0,1062.63,343.15,719.48,2687.982848,0.916667,0.5,0.75,0.583333,20,29,6000.0,917.236699,0.0,12
51.923357,0.3,835.31,250.0,585.31,0.0,0.5,0.1,0.4,0.0,0,13,7000.0,832.140348,0.25,10
144.012882,0.636364,675.53,675.53,0.0,0.0,0.166667,0.166667,0.0,0.0,0,2,4000.0,1945.250404,0.0,12
293.803208,1.0,380.59,332.52,48.07,118.972449,0.166667,0.083333,0.083333,0.083333,1,3,10000.0,1172.022584,0.0,12
11.188595,0.454545,159.84,0.0,159.84,0.0,0.5,0.0,0.5,0.0,0,6,1000.0,110.860738,0.0,12
516.814969,1.0,276.52,141.96,134.56,584.976769,0.25,0.25,0.083333,0.083333,1,8,1500.0,927.381808,0.0,12
1134.122053,1.0,288.39,0.0,288.39,0.0,0.416667,0.0,0.416667,0.0,0,10,1400.0,2155.314664,0.083333,12
11670.17985,1.0,4872.6,0.0,4872.6,0.0,1.0,0.0,1.0,0.0,0,52,11500.0,5031.032515,0.0,12
1569.88775,1.0,741.66,309.66,432.0,2710.997094,0.416667,0.333333,0.083333,0.166667,3,8,4000.0,3306.369832,0.0,12
4532.433434,1.0,1433.26,1433.26,0.0,364.852384,0.166667,0.166667,0.0,0.083333,1,2,7000.0,3039.325393,0.0,12
5505.828486,1.0,0.0,0.0,0.0,193.187682,0.0,0.0,0.0,0.25,3,0,6000.0,1355.058674,0.0,12
2843.394382,1.0,0.0,0.0,0.0,3133.305504,0.0,0.0,0.0,0.166667,6,0,6000.0,680.388185,0.0,12
2391.214539,1.0,4186.49,3313.0,873.49,0.0,1.0,0.916667,0.916667,0.0,0,50,4000.0,2710.98198,0.0,12
2270.950105,1.0,1403.42,77.0,1326.42,0.0,0.916667,0.083333,0.916667,0.0,0,12,8500.0,830.130725,0.0,12
5193.415429,1.0,3584.8,2204.52,1380.28,0.0,1.0,1.0,1.0,0.0,0,52,15500.0,1734.349114,0.0,12
2431.193194,1.0,0.0,0.0,0.0,195.932353,0.0,0.0,0.0,0.083333,1,0,4000.0,976.859575,0.0,12
1232.292951,1.0,0.0,0.0,0.0,5184.090716,0.0,0.0,0.0,0.666667,28,0,4500.0,6050.865303,0.083333,12
279.253475,1.0,3243.86,3002.52,241.34,0.0,1.0,0.666667,0.916667,0.0,0,33,8500.0,3105.312146,1.0,12
2369.91046,1.0,916.22,716.4,199.82,0.0,1.0,1.0,0.083333,0.0,0,26,6500.0,795.94344,0.0,12
1917.441126,0.909091,12617.19,76.19,12541.0,0.0,0.333333,0.166667,0.166667,0.0,0,5,15000.0,13733.55783,0.428571,12
7445.228843,1.0,1023.29,0.0,1023.29,16323.64243,1.0,0.0,1.0,0.833333,43,31,11500.0,11320.00746,0.083333,12
193.565763,1.0,1821.52,0.0,1821.52,0.0,1.0,0.0,1.0,0.0,0,29,3000.0,1543.210017,0.5,12
3013.590493,1.0,0.0,0.0,0.0,341.360876,0.0,0.0,0.0,0.583333,7,0,3000.0,750.160714,0.0,12
92.406069,0.727273,0.0,0.0,0.0,683.253783,0.0,0.0,0.0,0.083333,1,0,3500.0,1044.949836,0.166667,12
2472.874609,1.0,2052.74,730.94,1321.8,3251.021027,1.0,0.416667,1.0,0.25,10,30,6500.0,9076.561132,0.083333,12
154.439292,1.0,1047.94,440.0,607.94,0.0,0.75,0.083333,0.583333,0.0,0,17,6000.0,1032.089965,0.333333,12
269.911748,1.0,1348.44,1259.44,89.0,298.491305,1.0,1.0,0.416667,0.25,4,44,500.0,1258.023851,0.0,12
146.04887,0.909091,3256.15,3256.15,0.0,0.0,0.916667,0.916667,0.0,0.0,0,22,6500.0,3498.681846,0.25,12
2779.833422,1.0,0.0,0.0,0.0,1492.253356,0.0,0.0,0.0,0.727273,14,0,3000.0,1708.484919,0.0,11
161.792222,1.0,2883.58,1933.56,950.02,0.0,1.0,1.0,0.166667,0.0,0,20,2000.0,3051.442623,0.75,12
5239.120768,1.0,1823.23,1823.23,0.0,0.0,0.75,0.75,0.0,0.0,0,14,5750.0,2107.740768,0.0,12
2288.014844,1.0,1753.46,1753.46,0.0,0.0,1.0,1.0,0.0,0.0,0,50,2500.0,989.999739,0.0,12
1526.707241,1.0,484.47,0.0,484.47,402.906235,0.75,0.0,0.666667,0.333333,11,9,1500.0,1086.417545,0.0,12
52.598283,1.0,517.83,0.0,517.83,0.0,1.0,0.0,1.0,0.0,0,55,6500.0,600.096058,1.0,12
981.886157,1.0,0.0,0.0,0.0,473.430801,0.0,0.0,0.0,0.083333,3,0,3500.0,768.398403,0.0,12
14.891634,0.222222,0.0,0.0,0.0,116.193463,0.0,0.0,0.0,0.111111,1,0,3000.0,0.0,0.0,9
5.270593,0.181818,69.57,69.57,0.0,0.0,0.083333,0.083333,0.0,0.0,0,2,4000.0,411.825987,0.0,12
314.675322,1.0,1310.9,838.76,472.14,0.0,1.0,0.916667,1.0,0.0,0,35,10000.0,1425.2566,0.0,12
467.244925,1.0,4001.7,1769.36,2232.34,0.0,1.0,0.583333,1.0,0.0,0,109,16000.0,2259.241805,0.181818,12
304.945628,1.0,2788.81,2788.81,0.0,266.383091,0.727273,0.727273,0.0,0.090909,6,22,4000.0,2803.353036,0.714286,11
1271.429631,1.0,0.0,0.0,0.0,678.525863,0.0,0.0,0.0,0.25,3,0,1500.0,526.910053,0.0,12
97.389327,1.0,60.0,60.0,0.0,0.0,0.083333,0.083333,0.0,0.0,0,1,12500.0,453.421982,0.0,12
1597.521193,1.0,211.07,0.0,211.07,994.167915,0.5,0.0,0.416667,0.083333,1,6,5000.0,3187.854069,0.0,12
10.118033,0.1,0.0,0.0,0.0,197.521871,0.0,0.0,0.0,0.1,1,0,1500.0,648.301187,0.0,10
103.629108,1.0,1106.62,866.22,240.4,0.0,1.0,0.416667,1.0,0.0,0,25,6000.0,1343.893653,0.545455,12
993.027484,1.0,0.0,0.0,0.0,1586.612256,0.0,0.0,0.0,0.333333,19,0,1200.0,2185.377456,0.090909,12
4226.501257,1.0,4900.0,4900.0,0.0,980.879554,0.166667,0.166667,0.0,0.083333,1,7,10500.0,615.450902,0.0,12
1118.086877,1.0,128.8,0.0,128.8,0.0,0.166667,0.0,0.166667,0.0,0,2,1200.0,277.766526,0.0,12
555.131027,1.0,1586.45,1111.6,474.85,0.0,1.0,0.416667,1.0,0.0,0,51,5500.0,3219.285764,0.416667,12
1133.572488,1.0,4063.49,2807.0,1256.49,391.73075,1.0,0.75,1.0,0.083333,1,44,1600.0,4936.506976,0.083333,12
3646.04461,1.0,0.0,0.0,0.0,949.437186,0.0,0.0,0.0,0.25,4,0,8000.0,975.508088,0.0,12
3790.914663,1.0,2655.68,1607.63,1048.05,6263.883768,0.833333,0.333333,1.0,0.5,11,111,8300.0,6173.165264,0.083333,12
340.082231,1.0,3177.21,430.0,2747.21,0.0,0.833333,0.083333,0.666667,0.0,0,19,7500.0,2658.629277,0.333333,12
11.249863,0.636364,137.84,137.84,0.0,0.0,0.166667,0.166667,0.0,0.0,0,3,10000.0,234.444295,0.166667,12
108.548004,1.0,1099.19,885.97,213.22,0.0,1.0,0.583333,0.916667,0.0,0,25,4000.0,1181.316469,0.583333,12
601.68828,0.8,1358.2,468.33,889.87,0.0,0.8,0.2,0.7,0.0,0,26,1500.0,310.912113,0.0,10
2529.016337,1.0,1040.74,0.0,1040.74,0.0,1.0,0.0,1.0,0.0,0,28,2500.0,1746.018537,0.0,12
306.90901,1.0,2768.93,1281.14,1487.79,0.0,1.0,0.25,0.916667,0.0,0,23,10500.0,2605.175646,0.5,12
14.203161,0.454545,117.0,0.0,117.0,0.0,0.333333,0.0,0.25,0.0,0,4,7950.0,346.311752,0.666667,12
3387.93956,1.0,391.14,0.0,391.14,987.378841,1.0,0.0,1.0,0.083333,1,15,7000.0,889.86432,0.0,12
26.247988,0.090909,0.0,0.0,0.0,2861.967408,0.0,0.0,0.0,0.083333,1,0,3000.0,0.0,0.0,12
3961.649658,1.0,2280.0,0.0,2280.0,0.0,1.0,0.0,1.0,0.0,0,12,4500.0,2216.561982,0.0,12
121.388989,0.545455,783.83,683.93,99.9,315.342982,0.416667,0.166667,0.333333,0.166667,3,7,7000.0,1778.900698,1.0,12
354.527499,1.0,3751.42,1201.42,2550.0,0.0,1.0,0.416667,1.0,0.0,0,62,9000.0,4001.942901,1.0,12
912.36003,1.0,10709.17,9689.36,1019.81,0.0,1.0,1.0,1.0,0.0,0,49,15000.0,11381.63396,1.0,12
5337.987139,1.0,2545.37,0.0,2545.37,994.391034,1.0,0.0,1.0,0.083333,1,21,13500.0,1663.976007,0.0,12
4210.323012,1.0,1210.31,139.02,1071.29,1817.321515,1.0,1.0,1.0,0.166667,2,52,7500.0,8138.429479,0.083333,12
890.275144,0.545455,435.14,435.14,0.0,0.0,0.166667,0.166667,0.0,0.0,0,7,1800.0,3334.754054,0.0,12
1740.169093,1.0,276.72,0.0,276.72,0.0,1.0,0.0,1.0,0.0,0,15,1800.0,667.764492,0.0,12
5383.084424,1.0,9736.61,3684.52,6052.09,2965.656802,1.0,0.416667,1.0,0.25,7,135,9000.0,15824.73587,0.083333,12
4603.402061,1.0,0.0,0.0,0.0,7665.092756,0.0,0.0,0.0,0.916667,21,0,14000.0,9874.465723,0.083333,12
18.150347,0.454545,119.8,0.0,119.8,0.0,0.333333,0.0,0.25,0.0,0,4,4500.0,297.276499,0.333333,12
2833.613641,1.0,1387.52,526.12,861.4,1442.587409,1.0,0.25,0.75,0.166667,5,20,3000.0,1564.459934,0.0,12
1547.714145,1.0,2476.31,804.4,1671.91,0.0,1.0,0.416667,1.0,0.0,0,82,3500.0,4061.48987,0.0,12
144.346693,1.0,1976.32,859.79,1116.53,0.0,1.0,0.25,0.916667,0.0,0,28,4500.0,1828.116915,0.583333,12
1377.812538,1.0,14300.98,10394.67,3906.31,0.0,1.0,0.916667,0.916667,0.0,0,55,18000.0,13535.67697,1.0,12
926.341558,0.909091,45.65,45.65,0.0,0.0,0.083333,0.083333,0.0,0.0,0,1,1000.0,1293.650192,0.0,12
10822.05811,1.0,4850.35,2847.8,2002.55,0.0,1.0,0.916667,1.0,0.0,0,208,15500.0,2740.09442,0.0,12
1238.932482,1.0,280.09,69.0,211.09,0.0,0.916667,0.083333,0.916667,0.0,0,12,1500.0,1575.457164,0.0,12
5681.962807,1.0,523.19,340.19,183.0,1116.370312,0.666667,0.166667,0.416667,0.25,4,8,11500.0,2167.822526,0.0,12
1269.019947,0.818182,445.46,0.0,445.46,0.0,1.0,0.0,1.0,0.0,0,13,2600.0,2875.999728,0.0,12
1592.48626,1.0,1449.48,460.0,989.48,0.0,1.0,0.333333,1.0,0.0,0,19,10500.0,1695.90191,0.0,12
9502.256762,1.0,2776.09,1424.05,1352.04,0.0,0.916667,0.583333,0.916667,0.0,0,36,10500.0,4177.324826,0.0,12
57.416262,1.0,685.0,0.0,685.0,0.0,1.0,0.0,0.916667,0.0,0,12,1200.0,559.813964,0.333333,12
2303.956234,0.888889,0.0,0.0,0.0,5585.815801,0.0,0.0,0.0,0.777778,21,0,6000.0,331.450159,0.0,9
2286.9003,0.909091,4536.48,3275.0,1261.48,0.0,1.0,0.333333,1.0,0.0,0,37,4000.0,5981.014712,0.0,12
1058.369265,1.0,0.0,0.0,0.0,1353.576787,0.0,0.0,0.0,0.25,4,0,1500.0,1381.061656,0.0,12
4803.122987,1.0,0.0,0.0,0.0,1692.520703,0.0,0.0,0.0,0.416667,6,0,8500.0,1089.772516,0.0,12
6836.552992,1.0,0.0,0.0,0.0,11405.73425,0.0,0.0,0.0,1.0,42,0,10000.0,6834.695342,0.0,12
3.122949,0.545455,0.0,0.0,0.0,317.505521,0.0,0.0,0.0,0.166667,2,0,2500.0,559.499889,0.25,12
1053.639683,1.0,1027.01,1002.8,24.21,314.032321,0.583333,0.25,0.25,0.083333,3,8,2200.0,1181.14154,0.0,12
11734.26656,1.0,1528.12,0.0,1528.12,5187.258558,1.0,0.0,0.916667,0.583333,13,38,15500.0,3624.231423,0.0,12
80.55139,0.909091,2132.7,914.0,1218.7,0.0,1.0,1.0,1.0,0.0,0,38,10000.0,1731.530778,0.545455,12
1308.786637,1.0,0.0,0.0,0.0,99.670323,0.0,0.0,0.0,0.166667,2,0,1500.0,528.262752,0.0,12
6224.464489,1.0,4439.11,3884.1,555.01,0.0,0.833333,0.5,0.75,0.0,0,59,6500.0,2546.344149,0.0,12
874.203747,1.0,232.8,232.8,0.0,331.57572,0.25,0.25,0.0,0.083333,1,5,3000.0,1473.641228,0.083333,12
1329.443468,1.0,0.0,0.0,0.0,1024.351429,0.0,0.0,0.0,0.166667,2,0,1800.0,684.599962,0.0,12
4372.395867,1.0,569.91,569.91,0.0,520.844673,0.272727,0.272727,0.0,0.272727,9,5,4500.0,1345.099869,0.0,11
4473.439581,1.0,656.2,656.2,0.0,117.482021,1.0,1.0,0.0,0.083333,1,12,4500.0,1481.910221,0.0,12
1127.607606,1.0,0.0,0.0,0.0,271.093275,0.0,0.0,0.0,0.083333,1,0,8500.0,662.387331,0.0,12
1194.651852,1.0,322.29,0.0,322.29,0.0,0.916667,0.0,0.833333,0.0,0,13,1200.0,482.355548,0.0,12
291.991838,1.0,2971.56,1671.6,1299.96,0.0,0.916667,0.333333,0.833333,0.0,0,31,13500.0,2238.594868,1.0,12
2929.747983,1.0,376.04,222.0,154.04,0.0,0.5,0.083333,0.5,0.0,0,8,3000.0,1037.958748,0.0,12
16.005542,0.272727,151.33,151.33,0.0,0.0,0.166667,0.166667,0.0,0.0,0,3,5000.0,450.83685,0.5,12
6937.806466,1.0,339.75,0.0,339.75,0.0,0.25,0.0,0.25,0.0,0,3,10500.0,2163.154746,0.0,12
7888.028118,1.0,0.0,0.0,0.0,1282.985376,0.0,0.0,0.0,0.333333,7,0,12000.0,1685.554741,0.0,12
1020.292184,1.0,1788.1,921.1,867.0,0.0,0.833333,0.25,0.833333,0.0,0,22,1500.0,492.184722,0.0,12
4751.924842,1.0,1394.93,576.13,818.8,0.0,1.0,0.333333,1.0,0.0,0,37,5000.0,2635.439016,0.0,12
2270.955171,1.0,25.26,25.26,0.0,452.803657,0.083333,0.083333,0.0,0.25,3,1,3100.0,503.196519,0.0,12
2377.759245,1.0,0.0,0.0,0.0,943.90775,0.0,0.0,0.0,0.416667,6,0,6500.0,4119.519203,0.0,12
1473.902933,1.0,0.0,0.0,0.0,163.855122,0.0,0.0,0.0,0.333333,4,0,1500.0,340.239419,0.0,12
6853.020124,1.0,0.0,0.0,0.0,2529.901587,0.0,0.0,0.0,0.5,9,0,7500.0,1863.404442,0.0,12
1527.644591,1.0,0.0,0.0,0.0,210.417767,0.0,0.0,0.0,0.166667,3,0,1700.0,540.406147,0.0,12
1611.475175,1.0,807.72,0.0,807.72,0.0,1.0,0.0,1.0,0.0,0,36,1500.0,1019.454819,0.0,12
344.591662,0.363636,519.0,519.0,0.0,2865.942873,0.083333,0.083333,0.0,0.166667,6,1,4000.0,663.651176,0.0,12
2021.641161,1.0,363.18,363.18,0.0,0.0,1.0,1.0,0.0,0.0,0,13,2000.0,704.24077,0.0,12
102.228073,1.0,1074.29,249.21,825.08,0.0,1.0,0.166667,1.0,0.0,0,21,5000.0,1075.317643,0.083333,12
1407.26415,0.909091,151.64,151.64,0.0,0.0,0.090909,0.090909,0.0,0.0,0,1,1500.0,337.890842,0.0,11
2158.419812,1.0,154.53,115.8,38.73,879.540473,0.375,0.25,0.375,0.25,8,8,2500.0,664.112193,0.0,8
1492.433396,1.0,99.75,34.32,65.43,0.0,0.083333,0.083333,0.083333,0.0,0,3,6000.0,2224.187609,0.083333,12
5193.661885,1.0,0.0,0.0,0.0,1682.146822,0.0,0.0,0.0,0.583333,9,0,5500.0,2422.095104,0.0,12
1885.547591,1.0,0.0,0.0,0.0,3197.181617,0.0,0.0,0.0,0.25,11,0,8000.0,8559.584636,0.166667,12
54.842927,1.0,105.0,105.0,0.0,0.0,0.083333,0.083333,0.0,0.0,0,1,4000.0,329.582826,0.0,12
2125.107734,1.0,663.04,663.04,0.0,1953.192558,0.75,0.75,0.0,0.083333,2,24,2500.0,560.757972,0.0,12
102.832194,1.0,1067.85,669.21,398.64,0.0,1.0,0.583333,1.0,0.0,0,21,10000.0,1480.49182,0.545455,12
1628.609633,1.0,1340.83,695.04,645.79,0.0,0.666667,0.416667,0.5,0.0,0,28,2000.0,586.263693,0.0,12
1733.68291,1.0,100.0,100.0,0.0,270.57595,0.083333,0.083333,0.0,0.333333,6,1,1700.0,689.279807,0.0,12
9303.557117,1.0,6133.01,4045.67,2087.34,1895.60877,1.0,1.0,1.0,0.833333,23,115,12500.0,4054.579469,0.0,12
3541.960207,1.0,0.0,0.0,0.0,1853.517071,0.0,0.0,0.0,0.166667,2,0,4000.0,789.692304,0.0,12
1.420316,0.090909,0.0,0.0,0.0,94.535691,0.0,0.0,0.0,0.083333,1,0,1200.0,0.0,0.0,12
2447.783112,1.0,431.96,290.0,141.96,0.0,0.583333,0.166667,0.416667,0.0,0,9,2500.0,740.165746,0.0,12
94.280326,1.0,846.06,312.4,533.66,0.0,1.0,0.166667,0.916667,0.0,0,21,9000.0,922.71497,0.75,12
1628.591333,1.0,361.0,0.0,361.0,291.278909,0.833333,0.0,0.75,0.166667,2,20,1800.0,1018.197785,0.0,12
396.667584,1.0,2559.41,2469.41,90.0,0.0,0.5,0.333333,0.166667,0.0,0,8,4000.0,827.889811,0.0,12
5036.762745,1.0,3393.73,1702.72,1691.01,0.0,1.0,0.833333,1.0,0.0,0,71,10000.0,1331.175753,0.0,12
248.243958,0.272727,0.0,0.0,0.0,1423.527628,0.0,0.0,0.0,0.166667,3,0,3500.0,181.018701,0.0,12
109.417101,1.0,1219.85,878.7,341.15,172.656204,1.0,1.0,0.75,0.083333,2,23,5000.0,2250.036431,0.5,12
4624.411724,1.0,2537.67,1774.91,762.76,0.0,0.916667,0.75,0.666667,0.0,0,39,7000.0,1045.881353,0.0,12
491.605909,0.909091,747.55,0.0,747.55,0.0,0.818182,0.0,0.818182,0.0,0,9,2500.0,282.956764,0.0,11
5329.815675,1.0,674.85,501.85,173.0,1129.296969,0.666667,0.166667,0.666667,0.166667,6,24,5500.0,1390.662933,0.0,12
10.486808,0.363636,241.27,241.27,0.0,0.0,0.083333,0.083333,0.0,0.0,0,1,2500.0,557.897488,0.0,12
4402.354047,1.0,0.0,0.0,0.0,2117.809244,0.0,0.0,0.0,0.25,10,0,5000.0,1030.120113,0.0,12
7283.579076,1.0,209.07,209.07,0.0,7545.629864,0.083333,0.083333,0.0,0.333333,9,1,11500.0,1543.541917,0.0,12
30.859227,0.545455,415.04,0.0,415.04,0.0,0.5,0.0,0.5,0.0,0,6,7500.0,485.108353,0.545455,12
112.87035,0.818182,918.6,603.6,315.0,0.0,0.75,0.416667,0.583333,0.0,0,17,7500.0,1129.696171,1.0,12
7390.19856,1.0,612.1,0.0,612.1,2735.148792,0.666667,0.0,0.666667,0.166667,2,25,12000.0,1920.45776,0.0,12
1274.142457,1.0,5219.95,2568.35,2651.6,0.0,1.0,0.833333,1.0,0.0,0,66,7500.0,3984.42893,0.0,12
644.112226,0.454545,638.61,0.01,638.6,0.0,0.583333,0.083333,0.583333,0.0,0,12,12000.0,2529.45977,0.0,12
91.231825,0.636364,736.91,32.71,704.2,0.0,0.583333,0.083333,0.5,0.0,0,8,6000.0,960.373775,1.0,12
915.717703,1.0,55.49,0.0,55.49,0.0,0.416667,0.0,0.416667,0.0,0,7,1000.0,1221.513652,0.083333,12
1216.594927,1.0,878.64,757.8,120.84,155.804123,0.75,0.75,0.166667,0.166667,2,20,1200.0,654.24428,0.0,12
5941.271179,1.0,279.36,0.0,279.36,905.982826,0.666667,0.0,0.666667,0.083333,2,16,6000.0,3140.402423,0.0,12
3817.693096,1.0,4974.27,3825.87,1148.4,0.0,1.0,0.25,1.0,0.0,0,33,5000.0,6752.531183,0.0,12
0.0,0.0,369.36,0.0,369.36,0.0,1.0,0.0,1.0,0.0,0,12,1500.0,431.443959,0.0,12
1276.941373,1.0,2196.54,1037.8,1158.74,0.0,1.0,0.333333,1.0,0.0,0,44,1000.0,1410.009813,0.0,12
8099.879299,1.0,2352.0,1161.47,1190.53,389.680166,1.0,0.833333,1.0,0.25,4,50,12500.0,1863.944131,0.0,12
86.694598,0.5,0.0,0.0,0.0,465.455995,0.0,0.0,0.0,0.1,1,0,1500.0,543.82992,0.0,10
78.910866,0.909091,828.14,301.0,527.14,0.0,0.416667,0.333333,0.166667,0.0,0,9,2600.0,903.603701,0.285714,12
52.776167,1.0,508.94,508.94,0.0,0.0,1.0,1.0,0.0,0.0,0,12,3000.0,478.833594,0.4,12
109.140973,1.0,319.62,319.62,0.0,0.0,0.666667,0.666667,0.0,0.0,0,13,3500.0,597.96043,0.0,12
2586.533933,1.0,400.0,400.0,0.0,0.0,0.083333,0.083333,0.0,0.0,0,1,3000.0,886.663668,0.0,12
6668.440979,1.0,5596.11,2880.91,2715.2,2790.317276,1.0,0.583333,1.0,0.166667,14,110,16000.0,17068.96724,0.083333,12
2539.279598,1.0,820.42,820.42,0.0,879.324856,0.666667,0.666667,0.0,0.166667,2,19,3000.0,757.327536,0.0,12
2154.354852,1.0,104.0,104.0,0.0,91.406322,0.090909,0.090909,0.0,0.090909,1,1,6000.0,732.471319,0.0,11
2720.959921,1.0,66.49,0.0,66.49,457.611102,0.166667,0.0,0.166667,0.333333,7,3,3000.0,967.657856,0.0,12
693.643988,1.0,358.91,152.0,206.91,0.0,1.0,0.25,1.0,0.0,0,39,5000.0,338.79121,0.0,12
3414.780266,1.0,0.0,0.0,0.0,8264.603438,0.0,0.0,0.0,0.181818,9,0,9000.0,718.95107,0.0,11
3478.070041,1.0,2465.92,1676.11,789.81,90.363202,1.0,0.75,1.0,0.083333,1,41,12000.0,955.30285,0.0,12
6378.276044,1.0,0.0,0.0,0.0,4169.593183,0.0,0.0,0.0,0.666667,15,0,10500.0,1376.688305,0.0,12
33.07464,0.909091,286.4,231.29,55.11,91.341961,0.5,0.25,0.166667,0.083333,1,6,8500.0,435.600387,0.3,12
366.68899,1.0,653.21,0.0,653.21,0.0,1.0,0.0,1.0,0.0,0,30,3000.0,276.166583,0.0,12
245.17692,1.0,2481.64,0.0,2481.64,0.0,1.0,0.0,1.0,0.0,0,41,4000.0,2261.352187,0.916667,12
786.483086,1.0,226.9,0.0,226.9,666.779555,0.833333,0.0,0.75,0.166667,4,25,1200.0,1391.068932,0.0,12
7.03142,0.454545,502.33,424.0,78.33,0.0,0.416667,0.166667,0.166667,0.0,0,5,2500.0,844.120402,0.0,12
4379.015578,1.0,996.64,860.5,136.14,3632.137219,0.916667,0.666667,0.416667,0.333333,4,27,14500.0,2034.929239,0.0,12
167.757298,1.0,320.72,0.0,320.72,0.0,0.916667,0.0,0.916667,0.0,0,20,1200.0,863.485864,0.0,12
1199.555426,0.5,0.0,0.0,0.0,2831.836214,0.0,0.0,0.0,0.1,2,0,3000.0,707.767429,0.0,10
5774.207136,1.0,2102.51,721.67,1380.84,3536.320402,0.916667,0.333333,0.916667,0.083333,7,37,15000.0,4711.567357,0.0,12
41.461969,0.272727,550.08,0.0,550.08,0.0,0.25,0.0,0.166667,0.0,0,4,6000.0,1104.875573,1.0,12
1383.161918,1.0,0.0,0.0,0.0,55.212259,0.0,0.0,0.0,0.166667,2,0,1500.0,276.630198,0.0,12
2572.878701,1.0,3975.0,3975.0,0.0,0.0,0.416667,0.416667,0.0,0.0,0,5,4000.0,2386.982592,0.0,12
177.556406,0.818182,2228.35,1600.99,627.36,0.0,0.75,0.666667,0.583333,0.0,0,29,12000.0,1842.340524,0.454545,12
538.995587,1.0,0.0,0.0,0.0,2156.577132,0.0,0.0,0.0,0.166667,2,0,1200.0,3303.660591,0.111111,12
92.816307,1.0,345.66,45.65,300.01,0.0,0.75,0.083333,0.75,0.0,0,10,1000.0,383.914659,0.25,12
1247.423771,1.0,0.0,0.0,0.0,503.562164,0.0,0.0,0.0,0.166667,3,0,1500.0,721.897274,0.0,12
911.298036,1.0,954.15,425.35,528.8,0.0,0.833333,0.25,0.666667,0.0,0,12,1200.0,283.608489,0.0,12
98.427228,1.0,389.24,0.0,389.24,0.0,0.666667,0.0,0.583333,0.0,0,11,8500.0,371.314009,0.0,12
989.993863,0.909091,0.0,0.0,0.0,1110.807913,0.0,0.0,0.0,0.181818,7,0,1200.0,240.088742,0.0,11
69.352136,1.0,636.15,0.0,636.15,0.0,0.833333,0.0,0.75,0.0,0,16,10000.0,837.801642,0.333333,12
12.029327,0.272727,581.21,0.0,581.21,0.0,0.333333,0.0,0.333333,0.0,0,11,4000.0,1333.87748,0.0,12
1265.781431,1.0,1585.79,1257.32,328.47,0.0,1.0,0.416667,1.0,0.0,0,22,3000.0,338.977714,0.0,12
3682.768495,1.0,1194.15,987.59,206.56,1074.785954,1.0,0.25,0.916667,0.416667,10,52,4050.0,2121.026757,0.0,12
210.993146,0.818182,90.51,90.51,0.0,0.0,0.083333,0.083333,0.0,0.0,0,1,6500.0,1240.766161,0.0,12
3171.17541,1.0,109.16,0.0,109.16,4586.702891,0.083333,0.0,0.083333,0.333333,10,1,6000.0,598.08223,0.0,12
311.121985,1.0,744.09,689.09,55.0,0.0,1.0,1.0,0.166667,0.0,0,19,7500.0,652.002188,0.0,12
3310.573808,1.0,717.14,649.14,68.0,0.0,0.5,0.333333,0.083333,0.0,0,7,12500.0,1372.959063,0.0,12
408.948673,0.272727,0.0,0.0,0.0,1871.859929,0.0,0.0,0.0,0.083333,1,0,10000.0,3902.376688,0.090909,12
131.342635,0.636364,1160.65,1160.65,0.0,0.0,0.5,0.5,0.0,0.0,0,8,13000.0,1113.408654,0.3,12
365.005559,1.0,421.04,341.0,80.04,0.0,0.333333,0.083333,0.333333,0.0,0,6,4000.0,1386.413639,0.0,12
26.599993,0.545455,329.38,23.65,305.73,0.0,0.333333,0.083333,0.25,0.0,0,7,10500.0,1034.7342,1.0,12
1117.461472,1.0,0.0,0.0,0.0,1377.191285,0.0,0.0,0.0,0.714286,11,0,1500.0,171.694194,0.0,7
26.216029,0.545455,615.16,0.0,615.16,0.0,0.833333,0.0,0.833333,0.0,0,44,14000.0,1560.047704,0.363636,12
1106.697298,1.0,1260.13,1260.13,0.0,0.0,0.2,0.2,0.0,0.0,0,3,6500.0,1556.574701,0.0,10
2205.471982,1.0,3278.42,1640.05,1638.37,0.0,1.0,0.666667,1.0,0.0,0,147,6000.0,2726.198575,0.0,12
1722.910058,1.0,45.45,45.45,0.0,1654.212185,0.083333,0.083333,0.0,0.416667,5,2,4000.0,511.525617,0.0,12
1672.969871,1.0,0.0,0.0,0.0,74.812657,0.0,0.0,0.0,0.083333,1,0,2100.0,341.940624,0.0,12
1333.896193,1.0,233.31,0.0,233.31,1432.955059,1.0,0.0,0.857143,0.285714,3,7,1500.0,310.700827,0.0,7
1329.826951,1.0,1304.96,1304.96,0.0,18.427395,0.25,0.25,0.0,0.083333,1,7,7500.0,625.414678,0.0,12
117.063942,0.909091,1035.05,64.9,970.15,0.0,0.75,0.083333,0.666667,0.0,0,10,3000.0,1336.493092,0.777778,12
559.151424,1.0,94.0,94.0,0.0,0.0,0.25,0.25,0.0,0.0,0,3,5500.0,254.733329,0.0,12
10.160744,0.636364,82.04,0.0,82.04,0.0,0.5,0.0,0.5,0.0,0,6,2000.0,139.914571,0.0,12
5206.452425,1.0,0.0,0.0,0.0,3256.756231,0.0,0.0,0.0,0.375,6,0,9500.0,996.182712,0.0,8
2623.967336,1.0,3005.89,2438.85,567.04,0.0,0.916667,0.75,0.75,0.0,0,40,5500.0,1245.201203,0.0,12
2297.324675,1.0,4474.43,3544.31,930.12,1508.526487,0.916667,0.75,0.416667,0.166667,3,44,5500.0,9481.484058,0.083333,12
7248.040967,1.0,0.0,0.0,0.0,3990.963781,0.0,0.0,0.0,0.666667,24,0,8500.0,2645.690806,0.0,12
1917.977989,1.0,0.0,0.0,0.0,6022.786892,0.0,0.0,0.0,0.083333,1,0,6500.0,7189.695757,0.166667,12
206.376314,1.0,1886.21,1230.31,655.9,0.0,1.0,1.0,1.0,0.0,0,65,3000.0,2089.598011,0.083333,12
5283.566994,1.0,202.31,116.09,86.22,1564.285475,0.333333,0.166667,0.166667,0.666667,17,5,9500.0,1384.838966,0.0,12
102.055178,0.727273,999.19,586.29,412.9,0.0,0.583333,0.25,0.416667,0.0,0,16,7500.0,2181.215224,0.875,12
3360.689054,1.0,794.1,0.0,794.1,8095.180408,0.833333,0.0,0.75,0.666667,10,10,9500.0,4897.570343,0.0,12
1046.787477,1.0,517.08,282.6,234.48,0.0,0.75,0.333333,0.583333,0.0,0,13,1200.0,477.482016,0.0,12
869.091492,1.0,438.22,263.5,174.72,0.0,0.416667,0.25,0.166667,0.0,0,6,3000.0,336.521212,0.0,12
5292.905315,1.0,5539.68,2603.79,2935.89,0.0,1.0,0.916667,1.0,0.0,0,273,6000.0,3597.677582,0.0,12
1856.325339,0.818182,670.5,516.9,153.6,5603.126858,0.545455,0.272727,0.363636,0.727273,107,9,7000.0,9221.922948,0.142857,11
127.240494,1.0,760.36,89.0,671.36,0.0,1.0,0.083333,1.0,0.0,0,17,2500.0,371.387459,0.090909,12
2282.814895,1.0,1522.72,1059.38,463.34,1905.919704,1.0,0.833333,1.0,0.25,3,38,9500.0,4419.287987,0.0,12
859.07875,1.0,0.0,0.0,0.0,909.986628,0.0,0.0,0.0,0.166667,2,0,3500.0,1408.880515,0.0,12
5403.208353,1.0,1085.85,1025.19,60.66,1252.18184,0.5,0.5,0.166667,0.583333,18,19,6000.0,1572.554124,0.0,12
1941.539209,1.0,1366.74,95.94,1270.8,0.0,1.0,0.083333,1.0,0.0,0,20,6300.0,495.133413,0.0,12
5418.305735,1.0,0.0,0.0,0.0,5051.791781,0.0,0.0,0.0,0.666667,29,0,8000.0,1476.335057,0.0,12
11955.30817,1.0,0.0,0.0,0.0,2108.302563,0.0,0.0,0.0,0.666667,22,0,13000.0,3933.35535,0.0,12
1224.513636,1.0,529.34,186.03,343.31,1108.666511,0.833333,0.166667,0.583333,0.25,6,17,1200.0,467.463129,0.0,12
817.793943,1.0,478.28,189.03,289.25,945.547556,0.545455,0.181818,0.363636,0.090909,1,7,2400.0,635.314875,0.0,11
4382.112084,1.0,294.75,0.0,294.75,4945.02074,0.75,0.0,0.75,0.916667,25,11,4000.0,6445.786897,0.0,12
9264.786223,1.0,0.0,0.0,0.0,4158.61262,0.0,0.0,0.0,0.333333,5,0,9500.0,2535.922657,0.0,12
6512.478876,1.0,98.0,98.0,0.0,3320.07679,0.125,0.125,0.0,0.875,52,1,7000.0,1304.362846,0.0,8
31.941802,1.0,417.96,0.0,417.96,0.0,1.0,0.0,1.0,0.0,0,13,2000.0,472.60055,1.0,12
30.863497,0.818182,143.36,0.0,143.36,736.547491,0.666667,0.0,0.666667,0.416667,5,8,1500.0,1377.984542,0.75,12
1469.720674,1.0,0.0,0.0,0.0,170.376441,0.0,0.0,0.0,0.333333,5,0,1500.0,395.486928,0.0,12
332.888212,1.0,419.56,74.0,345.56,0.0,1.0,0.25,0.916667,0.0,0,26,3000.0,473.166128,0.0,12
2421.943818,1.0,612.0,76.0,536.0,2197.163192,0.916667,0.083333,0.833333,0.416667,10,14,2500.0,2483.286273,0.0,12
2200.566765,1.0,296.4,0.0,296.4,0.0,1.0,0.0,1.0,0.0,0,12,6000.0,631.025111,0.0,12
1719.310566,1.0,0.0,0.0,0.0,259.91508,0.0,0.0,0.0,0.166667,2,0,1950.0,458.841298,0.0,12
2247.126627,0.5,0.0,0.0,0.0,6634.23196,0.0,0.0,0.0,0.4,12,0,7000.0,316.025009,0.0,10
1663.967468,1.0,0.0,0.0,0.0,2123.721395,0.0,0.0,0.0,0.333333,9,0,2500.0,1566.483167,0.0,12
1402.776239,1.0,0.0,0.0,0.0,36.202957,0.0,0.0,0.0,0.181818,2,0,1500.0,152.324616,0.0,11
9459.138771,1.0,878.11,159.91,718.2,5247.419951,1.0,0.25,0.916667,0.5,8,16,15000.0,1987.085155,0.0,12
4626.278301,1.0,0.0,0.0,0.0,9579.677222,0.0,0.0,0.0,0.5,9,0,5000.0,613.553141,0.0,6
113.703142,0.363636,0.0,0.0,0.0,498.463933,0.0,0.0,0.0,0.083333,1,0,6500.0,851.637227,0.0,12
168.539199,1.0,176.73,109.0,67.73,0.0,0.333333,0.083333,0.166667,0.0,0,4,5000.0,197.074177,0.0,12
662.022698,0.875,280.0,280.0,0.0,2276.320971,0.125,0.125,0.0,0.25,2,1,3000.0,1914.038297,0.142857,8
1302.78269,1.0,45.65,45.65,0.0,0.0,0.083333,0.083333,0.0,0.0,0,1,1500.0,351.864266,0.0,12
517.118528,0.5,280.24,280.24,0.0,1295.246094,0.125,0.125,0.0,0.25,2,2,11000.0,6684.559773,0.0,8
5598.864288,1.0,7194.53,6678.26,516.27,14200.89313,1.0,1.0,1.0,0.833333,37,69,15500.0,12487.36815,0.083333,12
6537.800686,1.0,1885.94,75.0,1810.94,2099.802521,0.916667,0.083333,0.916667,0.416667,6,29,8500.0,1625.320799,0.0,12
1308.302091,1.0,918.67,918.67,0.0,0.0,0.583333,0.583333,0.0,0.0,0,22,1800.0,258.034145,0.0,12
1009.062757,1.0,702.4,265.6,436.8,0.0,1.0,0.25,1.0,0.0,0,28,7500.0,1184.723606,0.0,12
8.286935,0.727273,125.0,0.0,125.0,0.0,0.833333,0.0,0.75,0.0,0,10,3000.0,125.140043,0.2,12
151.006318,1.0,1455.97,412.69,1043.28,0.0,0.916667,0.333333,0.833333,0.0,0,39,1800.0,1380.904206,0.363636,12
2062.665478,1.0,518.17,71.9,446.27,1257.241177,1.0,0.166667,1.0,0.333333,12,35,4000.0,1049.378278,0.0,12
3666.676179,1.0,0.0,0.0,0.0,2461.891684,0.0,0.0,0.0,0.583333,19,0,4000.0,674.881553,0.0,12
1764.908055,0.727273,0.0,0.0,0.0,1552.832951,0.0,0.0,0.0,0.25,6,0,3666.666667,5126.650633,0.125,12
2919.796228,1.0,217.9,118.9,99.0,0.0,1.0,0.083333,1.0,0.0,0,25,7500.0,832.687649,0.0,12
1925.094714,1.0,5189.51,3609.24,1580.27,0.0,1.0,1.0,0.833333,0.0,0,102,7500.0,5851.06442,0.0,12
5291.221238,1.0,2090.47,1965.41,125.06,1153.665768,0.5,0.5,0.416667,0.25,3,21,15000.0,1718.461993,0.0,12
107.13002,1.0,15.4,15.4,0.0,182.66132,0.083333,0.083333,0.0,0.333333,6,1,200.0,255.103798,0.0,12
124.285688,1.0,662.4,108.71,553.69,0.0,1.0,0.222222,0.888889,0.0,0,23,1000.0,367.258695,0.428571,9
6727.539699,1.0,711.72,617.4,94.32,6498.711722,1.0,0.916667,1.0,0.416667,12,23,8500.0,1303.904127,0.0,12
3007.470055,1.0,102.48,0.0,102.48,0.0,0.583333,0.0,0.583333,0.0,0,28,3000.0,561.592591,0.0,12
5715.854635,1.0,2173.99,1556.19,617.8,0.0,0.666667,0.583333,0.5,0.0,0,33,8500.0,1828.965006,0.0,12
274.038592,1.0,286.19,58.0,228.19,0.0,0.416667,0.083333,0.416667,0.0,0,7,1700.0,911.371697,0.0,12
3476.603507,1.0,9683.28,7253.28,2430.0,0.0,0.75,0.5,0.25,0.0,0,15,12500.0,6084.947427,0.0,12
1075.825135,1.0,32.0,32.0,0.0,1859.42106,0.083333,0.083333,0.0,0.666667,23,1,9000.0,2266.903508,0.0,12
760.925748,1.0,360.0,0.0,360.0,3180.893742,1.0,0.0,0.888889,0.222222,4,9,5000.0,2312.470872,0.0,9
51.427334,1.0,486.01,486.01,0.0,0.0,0.833333,0.833333,0.0,0.0,0,13,7000.0,544.044265,0.0,12
1093.946163,1.0,0.0,0.0,0.0,18.482296,0.0,0.0,0.0,0.083333,1,0,1200.0,276.73092,0.0,12
1630.620638,1.0,0.0,0.0,0.0,381.541722,0.0,0.0,0.0,0.166667,2,0,2100.0,1117.714796,0.0,12
78.090426,1.0,243.48,0.0,243.48,0.0,1.0,0.0,1.0,0.0,0,12,1500.0,152.754759,0.083333,12
3196.409012,1.0,2083.25,0.0,2083.25,0.0,0.75,0.0,0.666667,0.0,0,22,6000.0,641.03397,0.0,12
447.648987,0.363636,17.8,17.8,0.0,2429.819782,0.083333,0.083333,0.0,0.25,3,1,2500.0,9858.055448,0.5,12
34.356451,0.545455,266.25,0.0,266.25,0.0,0.454545,0.0,0.454545,0.0,0,5,7500.0,338.565785,0.5,11
1497.145968,0.875,0.0,0.0,0.0,4444.646515,0.0,0.0,0.0,0.375,8,0,2500.0,2986.36061,0.166667,8
2156.616367,1.0,1695.0,0.0,1695.0,90.775238,0.333333,0.0,0.25,0.083333,1,10,2000.0,2194.901135,0.0,12
2023.72438,1.0,1103.86,253.99,849.87,0.0,1.0,0.25,1.0,0.0,0,34,6500.0,667.73252,0.0,12
1454.551875,0.545455,0.0,0.0,0.0,3853.339512,0.0,0.0,0.0,0.25,10,0,4000.0,555.202392,0.0,12
107.801738,1.0,922.64,876.3,46.34,0.0,1.0,1.0,0.083333,0.0,0,16,9500.0,912.762084,0.181818,12
4333.59727,1.0,333.08,333.08,0.0,72.049232,0.416667,0.416667,0.0,0.083333,1,7,12500.0,1113.279765,0.0,12
49.869884,1.0,363.52,124.51,239.01,0.0,0.833333,0.166667,0.666667,0.0,0,11,9100.0,383.100848,0.181818,12
0.001289,0.181818,96.12,0.0,96.12,0.0,0.833333,0.0,0.833333,0.0,0,10,1500.0,102.848649,0.0,12
360.774263,1.0,2437.8,1788.3,649.5,0.0,1.0,1.0,0.5,0.0,0,30,7500.0,2204.789548,0.083333,12
2675.418129,1.0,55.0,55.0,0.0,315.402389,0.083333,0.083333,0.0,0.25,3,1,3000.0,579.527874,0.0,12
2004.298844,1.0,1500.0,1500.0,0.0,0.0,0.083333,0.083333,0.0,0.0,0,1,3000.0,675.426241,0.0,12
216.685655,0.545455,921.18,469.78,451.4,0.0,0.25,0.166667,0.166667,0.0,0,9,4500.0,892.146005,0.0,12
7119.163663,1.0,1370.21,937.65,432.56,8527.393281,1.0,1.0,0.416667,0.5,10,18,12000.0,19143.03225,0.0,12
2720.458647,1.0,0.0,0.0,0.0,707.984403,0.0,0.0,0.0,0.333333,5,0,10000.0,1462.710828,0.0,12
113.122729,1.0,987.23,0.0,987.23,0.0,1.0,0.0,1.0,0.0,0,17,2500.0,1081.54001,1.0,12
610.678403,0.909091,3724.25,3301.53,422.72,72.477223,1.0,0.833333,1.0,0.083333,1,39,4000.0,6486.900601,0.2,12
2097.470969,1.0,0.0,0.0,0.0,1546.052817,0.0,0.0,0.0,0.083333,2,0,3500.0,510.126277,0.0,12
8435.192572,1.0,0.0,0.0,0.0,8419.83327,0.0,0.0,0.0,0.25,15,0,9000.0,10720.57047,0.0,12
1046.273731,1.0,420.89,45.65,375.24,0.0,1.0,0.083333,1.0,0.0,0,13,1000.0,616.193938,0.0,12
1590.712709,1.0,674.57,674.57,0.0,0.0,0.75,0.75,0.0,0.0,0,11,1600.0,830.768021,0.0,12
1513.075264,1.0,15704.04,12618.86,3085.18,0.0,1.0,0.916667,0.916667,0.0,0,185,3000.0,14399.70318,0.916667,12
1683.116573,1.0,98.0,98.0,0.0,240.304769,0.083333,0.083333,0.0,0.166667,4,1,1800.0,554.101761,0.0,12
2097.603234,1.0,963.21,963.21,0.0,0.0,1.0,1.0,0.0,0.0,0,11,2100.0,622.542212,0.0,6
1060.422892,0.818182,161.5,161.5,0.0,765.748489,0.166667,0.166667,0.0,0.166667,5,3,3700.0,2333.389981,0.111111,12
3.03124,0.272727,37.65,37.65,0.0,0.0,0.083333,0.083333,0.0,0.0,0,1,7500.0,88.090034,0.0,12
163.950974,0.777778,1014.21,264.42,749.79,268.071098,0.777778,0.444444,0.666667,0.111111,1,20,1500.0,938.36331,0.6,9
2926.920514,1.0,1823.5,1686.0,137.5,236.898897,1.0,0.75,0.75,0.166667,2,23,7100.0,792.597997,0.0,12
1502.44469,1.0,0.0,0.0,0.0,152.14064,0.0,0.0,0.0,0.25,4,0,1600.0,404.150829,0.0,12
74.825456,1.0,293.5,49.0,244.5,0.0,0.666667,0.083333,0.583333,0.0,0,11,1500.0,215.258602,0.272727,12
398.341908,0.272727,0.0,0.0,0.0,3623.583341,0.0,0.0,0.0,0.083333,2,0,18000.0,7705.86499,0.0,12
9355.739389,1.0,0.0,0.0,0.0,2286.927789,0.0,0.0,0.0,0.166667,4,0,10000.0,2335.88734,0.0,12
1644.496393,1.0,0.0,0.0,0.0,156.097738,0.0,0.0,0.0,0.083333,1,0,1950.0,542.414342,0.0,12
8084.624525,1.0,0.0,0.0,0.0,4713.978717,0.0,0.0,0.0,0.583333,14,0,11000.0,1910.836769,0.0,12
1418.215497,1.0,1003.95,408.83,595.12,0.0,0.583333,0.166667,0.5,0.0,0,15,11000.0,2218.323066,0.0,12
828.596569,1.0,1115.0,1115.0,0.0,0.0,0.083333,0.083333,0.0,0.0,0,1,1800.0,268.295902,0.0,12
4232.350593,1.0,32.35,32.35,0.0,0.0,0.083333,0.083333,0.0,0.0,0,1,14000.0,1262.608728,0.0,12
1184.588701,1.0,704.4,0.0,704.4,61.069589,1.0,0.0,0.916667,0.083333,1,21,1200.0,810.831681,0.0,12
3168.902659,0.857143,0.0,0.0,0.0,3854.441191,0.0,0.0,0.0,0.285714,6,0,4200.0,390.289118,0.0,7
497.726827,1.0,1234.5,653.0,581.5,0.0,0.583333,0.333333,0.416667,0.0,0,14,3000.0,206.102367,0.0,12
868.734126,1.0,463.01,373.65,89.36,546.682275,0.416667,0.25,0.25,0.166667,4,11,1000.0,254.635576,0.0,12
996.619846,0.727273,581.8,520.0,61.8,0.0,0.25,0.083333,0.166667,0.0,0,3,8500.0,2088.919798,0.0,12
498.761608,1.0,1159.15,119.0,1040.15,0.0,1.0,0.083333,1.0,0.0,0,28,4750.0,5978.807577,0.083333,12
2551.023341,1.0,485.6,303.6,182.0,0.0,0.333333,0.083333,0.25,0.0,0,7,4500.0,478.461522,0.0,12
1899.219514,1.0,0.0,0.0,0.0,3618.304773,0.0,0.0,0.0,0.25,4,0,8000.0,7823.096006,0.0,12
5919.198579,1.0,9321.13,4678.79,4642.34,0.0,1.0,1.0,1.0,0.0,0,171,15000.0,7303.897866,0.0,12
1780.299975,1.0,1907.96,803.17,1104.79,727.608789,1.0,0.583333,1.0,0.333333,5,36,10000.0,2766.13064,0.0,12
133.926073,0.272727,246.75,246.75,0.0,0.0,0.416667,0.416667,0.0,0.0,0,5,11000.0,7103.026842,0.0,12
2567.090886,1.0,1875.54,546.14,1329.4,598.035427,1.0,0.333333,1.0,0.333333,5,52,3900.0,772.320791,0.0,12
2522.043371,1.0,0.0,0.0,0.0,2504.271338,0.0,0.0,0.0,0.25,3,0,7000.0,519.343097,0.0,12
7333.442833,1.0,320.8,0.0,320.8,9733.258025,0.833333,0.0,0.75,1.0,38,10,10000.0,2036.371171,0.0,12
763.992973,1.0,245.0,0.0,245.0,0.0,0.666667,0.0,0.583333,0.0,0,10,1500.0,1660.561025,0.0,12
1193.434312,1.0,689.4,689.4,0.0,0.0,1.0,1.0,0.0,0.0,0,12,3500.0,328.171066,0.0,12
1204.102388,1.0,1658.81,45.65,1613.16,804.558218,1.0,0.083333,1.0,0.083333,4,49,1000.0,3051.991292,0.083333,12
595.655746,1.0,6562.24,4892.43,1669.81,0.0,1.0,1.0,1.0,0.0,0,114,8000.0,6240.58958,1.0,12
3006.594256,1.0,9362.96,5098.75,4264.21,0.0,1.0,0.916667,1.0,0.0,0,103,7500.0,7079.1781,0.0,12
3.307286,0.181818,60.0,60.0,0.0,0.0,0.083333,0.083333,0.0,0.0,0,1,11000.0,1042.001588,0.0,12
53.697916,1.0,114.49,114.49,0.0,0.0,0.083333,0.083333,0.0,0.0,0,1,7500.0,0.0,0.0,12
2583.717108,1.0,1497.02,1497.02,0.0,1112.647386,0.75,0.75,0.0,0.25,5,14,4000.0,475.066734,0.0,12
311.341555,0.909091,3721.39,3721.39,0.0,0.0,0.5,0.5,0.0,0.0,0,26,4000.0,4004.905569,0.714286,12
556.43723,0.636364,403.3,303.1,100.2,0.0,0.666667,0.416667,0.333333,0.0,0,14,7500.0,1318.460544,0.0,12
876.577775,1.0,1029.94,0.0,1029.94,0.0,1.0,0.0,1.0,0.0,0,18,2000.0,2221.896121,0.0,12
1666.224023,1.0,720.48,0.0,720.48,1143.146657,0.833333,0.0,0.75,0.083333,2,15,2300.0,2473.619496,0.083333,12
101.176482,1.0,807.66,325.0,482.66,0.0,0.916667,0.166667,0.666667,0.0,0,11,16000.0,699.466354,0.583333,12
5408.754166,1.0,1207.24,979.36,227.88,3064.470065,0.166667,0.166667,0.083333,0.916667,20,18,7000.0,3130.304246,0.0,12
1050.085007,1.0,0.0,0.0,0.0,468.62986,0.0,0.0,0.0,0.25,6,0,1500.0,593.781355,0.0,12
3811.587156,1.0,0.0,0.0,0.0,848.032831,0.0,0.0,0.0,0.083333,1,0,4500.0,1431.650735,0.0,12
1672.813954,1.0,299.83,117.39,182.44,113.720261,1.0,0.166667,0.916667,0.166667,2,21,1800.0,559.708549,0.0,12
7105.801894,1.0,0.0,0.0,0.0,1648.096839,0.0,0.0,0.0,0.083333,8,0,7500.0,1400.282454,0.0,12
2316.11093,0.625,86.1,86.1,0.0,4106.834043,0.125,0.125,0.0,0.25,13,1,4500.0,447.991795,0.0,8
2377.742667,1.0,2527.04,796.66,1730.38,2056.332882,1.0,0.333333,1.0,0.333333,6,92,5000.0,1461.368469,0.0,12
1178.90161,1.0,150.0,0.0,150.0,0.0,0.416667,0.0,0.333333,0.0,0,5,1200.0,360.303696,0.0,12
1007.362008,1.0,469.92,0.0,469.92,0.0,1.0,0.0,1.0,0.0,0,12,1000.0,716.423692,0.0,12
1035.853615,1.0,69.0,69.0,0.0,1147.361897,0.083333,0.083333,0.0,0.333333,16,1,1200.0,1483.636625,0.0,12
1709.693956,1.0,2.0,2.0,0.0,5246.296449,0.083333,0.083333,0.0,0.25,6,1,2500.0,4678.254753,0.083333,12
2744.473705,1.0,529.0,529.0,0.0,3082.913762,0.166667,0.166667,0.0,0.416667,7,5,6000.0,914.280246,0.0,12
4784.708882,1.0,5848.99,2604.0,3244.99,3503.547107,1.0,0.583333,1.0,0.166667,6,119,5000.0,9006.196318,0.083333,12
193.207812,1.0,1937.7,1937.7,0.0,0.0,1.0,1.0,0.0,0.0,0,30,2000.0,2100.802868,0.916667,12
4612.935167,0.9,158.2,0.0,158.2,5391.599959,0.3,0.0,0.2,0.4,9,3,6000.0,756.247099,0.0,10
1294.25883,1.0,0.0,0.0,0.0,92.841595,0.0,0.0,0.0,0.083333,1,0,1500.0,308.886492,0.0,12
3462.47534,0.909091,0.0,0.0,0.0,200.125461,0.0,0.0,0.0,0.416667,5,0,4500.0,5709.181577,0.1,12
7842.784061,1.0,5930.99,3862.79,2068.2,0.0,1.0,0.916667,1.0,0.0,0,168,11500.0,12493.77894,0.0,12
8.258214,0.545455,92.46,0.0,92.46,0.0,0.5,0.0,0.416667,0.0,0,6,300.0,127.082375,0.75,12
3474.972612,1.0,324.18,293.0,31.18,0.0,0.333333,0.166667,0.25,0.0,0,6,9500.0,950.735955,0.0,12
2928.480007,1.0,5747.76,4021.77,1725.99,0.0,1.0,0.583333,1.0,0.0,0,81,8000.0,4901.164291,0.0,12
3433.295973,1.0,4342.07,4247.87,94.2,0.0,0.833333,0.666667,0.166667,0.0,0,20,11000.0,3903.861413,0.0,12
913.520763,0.363636,0.0,0.0,0.0,2768.870906,0.0,0.0,0.0,0.083333,2,0,3000.0,384.809455,0.0,12
1262.645703,1.0,329.9,257.0,72.9,0.0,0.333333,0.166667,0.166667,0.0,0,6,1800.0,905.863527,0.0,12
4196.43487,1.0,90.01,90.01,0.0,1804.826917,0.166667,0.166667,0.0,0.25,3,3,8000.0,943.446254,0.0,12
1051.484848,1.0,3805.44,2715.52,1089.92,0.0,1.0,0.416667,1.0,0.0,0,24,1500.0,3818.15076,0.0,12
44.525353,0.142857,554.16,500.0,54.16,292.924759,0.142857,0.142857,0.142857,0.142857,1,3,1200.0,0.0,0.0,7
137.775633,1.0,0.0,0.0,0.0,1936.205406,0.0,0.0,0.0,0.166667,4,0,3000.0,2489.260383,0.083333,12
2550.025268,0.857143,0.0,0.0,0.0,4946.958466,0.0,0.0,0.0,0.428571,8,0,10000.0,266.472386,0.0,7
2828.765822,1.0,19.98,19.98,0.0,0.0,0.083333,0.083333,0.0,0.0,0,2,5500.0,593.220384,0.0,12
1452.469721,1.0,205.89,205.89,0.0,0.0,0.25,0.25,0.0,0.0,0,3,1600.0,501.655195,0.0,12
2796.379188,1.0,44.7,0.0,44.7,4765.916305,0.285714,0.0,0.142857,0.428571,4,2,9000.0,7821.035049,0.0,7
1414.878106,1.0,98.08,68.42,29.66,0.0,0.166667,0.166667,0.083333,0.0,0,3,1500.0,523.235492,0.0,12
137.636267,1.0,1567.25,60.2,1507.05,0.0,1.0,0.083333,1.0,0.0,0,232,7000.0,1541.979811,1.0,12
482.799015,0.818182,4240.41,4240.41,0.0,0.0,0.333333,0.333333,0.0,0.0,0,4,6000.0,6360.427012,1.0,12
291.510745,1.0,698.91,75.0,623.91,79.010038,1.0,0.083333,1.0,0.083333,1,38,5000.0,684.699102,0.0,12
4955.580535,1.0,0.0,0.0,0.0,3481.529635,0.0,0.0,0.0,0.916667,26,0,6500.0,1252.775151,0.0,12
876.366489,1.0,4537.12,4285.11,252.01,0.0,1.0,0.75,0.833333,0.0,0,56,2500.0,2689.043472,0.333333,12
3250.621234,1.0,247.31,0.0,247.31,823.112588,0.583333,0.0,0.5,0.416667,6,7,4000.0,1016.490545,0.0,12
8.048086,0.272727,55.5,0.0,55.5,0.0,0.166667,0.0,0.166667,0.0,0,2,1200.0,318.843744,0.0,12
788.9737,1.0,4574.79,4149.47,425.32,2604.900847,1.0,0.583333,0.833333,0.166667,4,46,9500.0,5097.91073,0.083333,12
1364.528932,0.818182,0.01,0.01,0.0,5567.596649,0.090909,0.090909,0.0,0.272727,12,1,3000.0,4022.440372,0.125,11
25.35204,1.0,355.16,0.0,355.16,0.0,1.0,0.0,0.916667,0.0,0,12,2500.0,357.776573,0.75,12
2986.422406,1.0,5132.08,4664.84,467.24,0.0,1.0,1.0,0.583333,0.0,0,66,10000.0,11454.46623,0.0,12
1389.583627,1.0,712.87,712.87,0.0,0.0,0.083333,0.083333,0.0,0.0,0,1,4500.0,801.18565,0.0,12
8636.950854,1.0,972.09,43.0,929.09,2590.575082,1.0,0.083333,1.0,0.416667,8,26,10500.0,2025.270282,0.0,12
7698.663007,1.0,673.15,574.28,98.87,6076.961711,0.833333,0.25,0.75,0.5,8,14,12000.0,1907.16983,0.0,12
1998.339616,1.0,2238.0,1170.0,1068.0,0.0,0.75,0.583333,0.416667,0.0,0,22,6500.0,1985.047114,0.0,12
2048.573881,1.0,3111.44,1671.09,1440.35,0.0,1.0,0.5,1.0,0.0,0,50,6000.0,1648.50704,0.0,12
463.512203,1.0,0.0,0.0,0.0,1166.982711,0.0,0.0,0.0,0.333333,5,0,7500.0,932.601452,0.0,12
1109.911791,1.0,3150.0,2430.0,720.0,0.0,1.0,0.083333,1.0,0.0,0,14,2500.0,2694.972436,0.083333,12
1073.42481,1.0,57.0,0.0,57.0,0.0,0.25,0.0,0.166667,0.0,0,3,1200.0,295.373115,0.0,12
3386.490883,1.0,560.98,427.22,133.76,2008.153534,1.0,0.727273,0.363636,0.545455,9,20,10100.0,1039.000037,0.0,11
1681.16287,0.454545,1138.85,0.0,1138.85,4044.377495,0.416667,0.0,0.333333,0.25,6,5,4500.0,3763.240294,0.0,12
10599.4423,1.0,4029.24,2926.43,1102.81,0.0,1.0,1.0,1.0,0.0,0,102,12500.0,2343.311066,0.0,12
840.50105,1.0,0.0,0.0,0.0,1820.493358,0.0,0.0,0.0,0.416667,5,0,6500.0,805.79629,0.0,12
7506.908599,1.0,465.36,465.36,0.0,1609.506076,0.25,0.25,0.0,0.083333,3,4,12000.0,1772.157134,0.0,12
231.983056,0.571429,0.0,0.0,0.0,1434.138511,0.0,0.0,0.0,0.142857,1,0,1500.0,2456.797947,0.5,7
4811.886042,1.0,4911.41,4005.81,905.6,10629.80756,0.75,0.75,0.25,0.416667,14,63,6000.0,10079.38741,0.111111,12
981.098292,1.0,180.0,0.0,180.0,0.0,1.0,0.0,1.0,0.0,0,12,1000.0,330.620032,0.0,12
120.220573,1.0,1348.08,230.43,1117.65,0.0,1.0,0.583333,1.0,0.0,0,50,12000.0,1196.209266,0.75,12
2598.580674,1.0,4767.11,2024.6,2742.51,3621.840163,1.0,0.25,1.0,0.25,9,95,6000.0,3774.693285,0.0,12
164.377503,0.9,0.0,0.0,0.0,470.00055,0.0,0.0,0.0,0.3,3,0,9500.0,684.398658,0.285714,10
634.521032,0.666667,0.0,0.0,0.0,1176.86169,0.0,0.0,0.0,0.333333,4,0,1200.0,80.190719,0.0,6
1134.648238,1.0,143.12,143.12,0.0,0.0,0.1,0.1,0.0,0.0,0,1,1200.0,289.967312,0.0,10
26.325409,0.636364,266.71,0.0,266.71,0.0,0.416667,0.0,0.416667,0.0,0,5,2000.0,477.592124,0.571429,12
1756.078137,1.0,0.0,0.0,0.0,954.822692,0.0,0.0,0.0,0.166667,3,0,6000.0,1083.406473,0.0,12
3214.530319,1.0,0.0,0.0,0.0,15081.6956,0.0,0.0,0.0,0.416667,16,0,11500.0,20500.17323,0.25,12
41.936627,0.545455,717.92,122.86,595.06,0.0,0.5,0.166667,0.416667,0.0,0,10,13000.0,628.811269,0.4,12
1346.309166,1.0,652.13,567.76,84.37,0.0,0.5,0.416667,0.083333,0.0,0,10,6000.0,385.145146,0.0,12
329.388289,1.0,72.84,72.84,0.0,0.0,0.083333,0.083333,0.0,0.0,0,1,3000.0,467.674193,0.0,12
2537.892884,1.0,0.0,0.0,0.0,354.346012,0.0,0.0,0.0,0.25,3,0,3000.0,622.529592,0.0,12
3287.231954,1.0,0.0,0.0,0.0,3190.532048,0.0,0.0,0.0,0.25,3,0,8500.0,1339.9697,0.0,12
84.067421,1.0,852.26,265.92,586.34,0.0,1.0,1.0,0.25,0.0,0,20,18500.0,643.541055,0.916667,12
1721.232782,1.0,0.0,0.0,0.0,369.256964,0.0,0.0,0.0,0.666667,9,0,1800.0,714.012374,0.0,12
231.995439,1.0,2310.21,1660.51,649.7,0.0,1.0,1.0,0.916667,0.0,0,67,3000.0,1871.658725,0.727273,12
430.282584,1.0,888.85,278.63,610.22,0.0,1.0,0.166667,1.0,0.0,0,27,3500.0,1134.356357,0.5,12
1956.295501,1.0,0.0,0.0,0.0,211.099323,0.0,0.0,0.0,0.333333,4,0,2100.0,634.788341,0.0,12
916.200655,1.0,1827.62,1408.82,418.8,0.0,0.833333,0.5,0.666667,0.0,0,34,1200.0,1731.206869,0.0,12
699.586726,1.0,796.11,796.11,0.0,0.0,0.083333,0.083333,0.0,0.0,0,1,6000.0,807.665219,0.0,12
4478.312669,1.0,2461.9,2461.9,0.0,202.816167,0.166667,0.166667,0.0,0.166667,2,13,5000.0,1041.825559,0.0,12
740.826233,1.0,2055.13,302.05,1753.08,0.0,1.0,0.916667,1.0,0.0,0,74,7500.0,1631.166246,0.0,12
120.984184,1.0,1122.17,802.77,319.4,0.0,1.0,1.0,0.333333,0.0,0,29,6000.0,1138.136359,0.636364,12
1477.102808,1.0,0.0,0.0,0.0,960.917825,0.0,0.0,0.0,0.111111,1,0,1800.0,338.019603,0.0,9
1301.800738,1.0,0.0,0.0,0.0,1378.856373,0.0,0.0,0.0,0.083333,2,0,4500.0,1009.40361,0.0,12
1222.164025,1.0,0.0,0.0,0.0,2397.676198,0.0,0.0,0.0,0.416667,10,0,3000.0,385.290048,0.0,12
4059.059276,1.0,0.0,0.0,0.0,4328.32727,0.0,0.0,0.0,0.333333,4,0,6500.0,1127.493221,0.0,12
1189.665497,0.909091,0.0,0.0,0.0,1454.884966,0.0,0.0,0.0,0.083333,3,0,1500.0,1656.765938,0.0,12
1220.359151,1.0,568.3,0.0,568.3,0.0,0.833333,0.0,0.75,0.0,0,10,3000.0,902.082618,0.0,12
1167.863521,1.0,94.7,94.7,0.0,187.817003,0.166667,0.166667,0.0,0.416667,5,2,1200.0,350.850434,0.0,12
2508.405988,1.0,875.05,509.9,365.15,0.0,1.0,0.5,1.0,0.0,0,29,2600.0,1261.11301,0.0,12
208.362536,1.0,2252.77,238.0,2014.77,0.0,1.0,0.333333,1.0,0.0,0,30,10000.0,2018.393951,0.833333,12
33.528505,0.818182,477.5,193.5,284.0,0.0,0.583333,0.166667,0.333333,0.0,0,17,3000.0,591.867645,0.625,12
478.834962,1.0,1060.99,1040.99,20.0,0.0,0.166667,0.083333,0.083333,0.0,0,4,1300.0,1162.790308,0.0,12
132.730466,0.909091,739.98,0.0,739.98,0.0,0.5,0.0,0.416667,0.0,0,6,9500.0,1167.353193,0.5,12
312.636004,1.0,3866.29,808.12,3058.17,0.0,1.0,1.0,1.0,0.0,0,95,7500.0,3688.890803,0.75,12
2235.729892,1.0,83.0,38.0,45.0,481.39493,0.333333,0.083333,0.166667,0.166667,5,4,2500.0,568.336744,0.0,12
7021.942957,1.0,0.0,0.0,0.0,3217.327939,0.0,0.0,0.0,0.666667,12,0,7500.0,2955.428583,0.0,12
309.150506,1.0,3157.86,1178.02,1979.84,0.0,1.0,0.916667,1.0,0.0,0,31,7000.0,3291.320691,0.833333,12
273.247883,1.0,60.0,60.0,0.0,0.0,0.083333,0.083333,0.0,0.0,0,1,2300.0,111.559902,0.0,12
31.296491,1.0,84.0,0.0,84.0,0.0,1.0,0.0,1.0,0.0,0,12,1000.0,91.67226,0.0,12
374.552852,1.0,279.0,0.0,279.0,0.0,0.333333,0.0,0.25,0.0,0,4,1400.0,426.263702,0.0,12
146.756706,1.0,1664.95,64.17,1600.78,0.0,1.0,0.166667,1.0,0.0,0,55,4000.0,1458.490552,0.75,12
422.723099,0.727273,344.86,344.86,0.0,0.0,0.25,0.25,0.0,0.0,0,4,8500.0,1499.598264,0.0,12
1571.382204,1.0,1849.26,1616.76,232.5,0.0,1.0,1.0,0.5,0.0,0,19,7000.0,1522.895942,0.0,12
2696.774474,1.0,0.0,0.0,0.0,139.395627,0.0,0.0,0.0,0.083333,1,0,3000.0,685.053764,0.0,12
3932.482783,1.0,1674.11,649.0,1025.11,0.0,1.0,0.333333,1.0,0.0,0,43,11500.0,1166.117797,0.0,12
349.086448,0.818182,2569.94,2569.94,0.0,186.415123,0.363636,0.363636,0.0,0.090909,1,8,5000.0,3362.877104,0.714286,11
12.281874,0.1,153.11,153.11,0.0,0.0,0.2,0.2,0.0,0.0,0,2,9000.0,0.0,0.0,10
6460.838794,1.0,6814.47,6814.47,0.0,0.0,1.0,1.0,0.0,0.0,0,15,13000.0,1917.817732,0.0,12
139.449391,0.727273,843.03,0.0,843.03,0.0,0.583333,0.0,0.583333,0.0,0,7,2200.0,1312.375596,0.0,12
1777.440238,1.0,78.47,0.0,78.47,332.13781,0.5,0.0,0.416667,0.083333,2,7,8500.0,3799.466293,0.0,12
805.520824,1.0,4019.28,4019.28,0.0,0.0,0.833333,0.833333,0.0,0.0,0,19,4500.0,3728.70891,0.272727,12
713.959917,1.0,542.96,452.96,90.0,268.410928,0.833333,0.416667,0.416667,0.166667,4,13,2500.0,195.490243,0.0,12
1784.421367,0.818182,0.0,0.0,0.0,3923.427657,0.0,0.0,0.0,0.25,4,0,3000.0,2804.403394,0.111111,12
1441.679257,1.0,0.0,0.0,0.0,914.794214,0.0,0.0,0.0,0.083333,1,0,6500.0,568.212802,0.0,12
226.03038,1.0,435.08,435.08,0.0,0.0,0.916667,0.916667,0.0,0.0,0,15,7500.0,3796.014359,0.2,12
13.036611,0.818182,197.0,0.0,197.0,0.0,0.5,0.0,0.416667,0.0,0,6,1000.0,224.836018,0.444444,12
4223.867789,1.0,2514.74,1597.67,917.07,3444.750251,1.0,1.0,0.833333,0.333333,11,53,5500.0,964.935365,0.0,6
5067.576984,1.0,714.68,402.68,312.0,726.955255,1.0,0.083333,1.0,0.083333,2,14,5000.0,1649.118645,0.0,12
62.788771,1.0,802.1,802.1,0.0,0.0,0.916667,0.916667,0.0,0.0,0,21,13000.0,710.240283,0.818182,12
3188.47034,1.0,0.0,0.0,0.0,1673.75234,0.0,0.0,0.0,0.083333,1,0,4500.0,715.12033,0.0,12
2737.420448,1.0,0.0,0.0,0.0,257.147835,0.0,0.0,0.0,0.25,6,0,3000.0,944.591497,0.0,12
1502.926021,1.0,2635.9,2116.92,518.98,0.0,1.0,0.75,0.75,0.0,0,54,4500.0,951.372467,0.0,12
951.061932,1.0,1699.87,1262.04,437.83,0.0,1.0,0.666667,0.75,0.0,0,31,1800.0,2096.121508,0.083333,12
10905.05381,1.0,431.93,133.5,298.43,47137.21176,0.583333,0.25,0.5,1.0,123,21,19600.0,39048.59762,0.0,12
68.20838,0.272727,780.0,780.0,0.0,0.0,0.166667,0.166667,0.0,0.0,0,2,3200.0,196.173726,0.0,12
1297.153644,1.0,839.14,419.88,419.26,0.0,0.833333,0.333333,0.666667,0.0,0,16,6000.0,362.337779,0.0,12
121.024256,1.0,1850.23,0.0,1850.23,0.0,1.0,0.0,0.916667,0.0,0,18,14000.0,1826.882329,0.833333,12
1003.704494,0.818182,50.0,50.0,0.0,457.650652,0.083333,0.083333,0.0,0.25,5,1,3500.0,3389.03546,0.0,12
1094.300448,1.0,1967.86,558.69,1409.17,0.0,1.0,0.5,1.0,0.0,0,140,11500.0,1413.122627,0.0,12
1467.162166,1.0,1313.26,0.0,1313.26,0.0,1.0,0.0,1.0,0.0,0,28,11500.0,1129.248446,0.0,12
1649.276603,1.0,0.0,0.0,0.0,253.554601,0.0,0.0,0.0,0.583333,8,0,1800.0,574.233323,0.0,12
2660.420641,1.0,0.0,0.0,0.0,382.272435,0.0,0.0,0.0,0.166667,2,0,5000.0,846.397004,0.0,12
44.204396,0.636364,504.0,0.0,504.0,0.0,1.0,0.0,0.916667,0.0,0,20,2500.0,818.64282,0.0,12
379.767959,1.0,493.5,493.5,0.0,0.0,0.25,0.25,0.0,0.0,0,3,4000.0,3308.04995,0.272727,12
7.066111,0.181818,133.16,0.0,133.16,0.0,0.166667,0.0,0.083333,0.0,0,2,16000.0,0.0,0.0,12
1051.215365,0.909091,0.0,0.0,0.0,3700.154118,0.0,0.0,0.0,0.454545,25,0,1600.0,3263.474102,0.090909,11
447.941813,1.0,1907.2,0.0,1907.2,0.0,0.833333,0.0,0.833333,0.0,0,10,9500.0,2111.91778,0.0,12
1089.528456,1.0,0.0,0.0,0.0,76.027194,0.0,0.0,0.0,0.083333,1,0,1200.0,371.902953,0.0,12
1432.326731,0.625,0.0,0.0,0.0,3771.115165,0.0,0.0,0.0,0.625,15,0,5000.0,138.855523,0.0,8
97.000375,1.0,552.09,95.0,457.09,0.0,1.0,0.083333,0.833333,0.0,0,13,12000.0,601.430928,0.083333,12
5.016768,0.909091,284.13,0.0,284.13,0.0,0.916667,0.0,0.916667,0.0,0,11,4000.0,274.729879,0.0,12
238.962984,1.0,2402.64,537.21,1865.43,0.0,1.0,1.0,1.0,0.0,0,48,8500.0,2022.102581,1.0,12
0.0,0.0,174.12,0.0,174.12,0.0,1.0,0.0,1.0,0.0,0,12,4000.0,0.0,0.0,12
4550.397004,1.0,548.0,548.0,0.0,660.523355,0.25,0.25,0.0,0.25,5,7,5000.0,1158.922139,0.0,12
2005.414367,1.0,0.0,0.0,0.0,510.618121,0.0,0.0,0.0,0.25,3,0,2100.0,746.145517,0.0,12
2494.774127,1.0,250.0,250.0,0.0,2804.350229,0.083333,0.083333,0.0,0.333333,7,1,3000.0,864.527484,0.0,12
4623.886448,1.0,883.94,741.44,142.5,0.0,1.0,1.0,0.25,0.0,0,15,6000.0,2790.54214,0.0,12
1945.906455,1.0,1650.52,0.0,1650.52,1025.434108,1.0,0.0,1.0,0.083333,2,21,2500.0,1916.054676,0.0,12
2598.802288,1.0,0.0,0.0,0.0,185.909531,0.0,0.0,0.0,0.083333,1,0,3000.0,773.831303,0.0,12
3086.75297,1.0,1015.91,293.41,722.5,0.0,0.916667,0.333333,0.833333,0.0,0,23,10500.0,938.131271,0.0,12
46.461265,0.545455,237.99,237.99,0.0,0.0,0.166667,0.166667,0.0,0.0,0,2,4500.0,543.788113,0.0,12
390.55064,1.0,1261.99,1141.99,120.0,0.0,0.5,0.416667,0.416667,0.0,0,16,3000.0,18.496532,0.0,12
250.060059,1.0,2405.97,2182.22,223.75,0.0,1.0,0.916667,0.416667,0.0,0,36,10000.0,2105.342196,0.916667,12
5570.18253,1.0,0.0,0.0,0.0,2744.808962,0.0,0.0,0.0,0.166667,3,0,6000.0,1748.960475,0.0,12
2113.287399,1.0,0.0,0.0,0.0,3130.155158,0.0,0.0,0.0,0.333333,5,0,3500.0,1927.253932,0.0,12
1205.191816,1.0,0.0,0.0,0.0,1259.175202,0.0,0.0,0.0,0.5,7,0,2500.0,281.884143,0.0,10
2586.357487,1.0,0.0,0.0,0.0,256.100571,0.0,0.0,0.0,0.083333,1,0,3000.0,658.61387,0.0,12
1543.194492,1.0,160.0,160.0,0.0,2956.595415,0.083333,0.083333,0.0,0.25,4,1,3000.0,692.776517,0.0,12
3677.471434,1.0,1.0,1.0,0.0,859.297788,0.083333,0.083333,0.0,0.083333,2,1,7000.0,944.992262,0.0,12
203.024867,0.818182,542.94,0.0,542.94,0.0,0.416667,0.0,0.416667,0.0,0,8,4000.0,955.283993,0.0,12
5926.837633,0.818182,0.0,0.0,0.0,9596.316702,0.0,0.0,0.0,0.181818,6,0,13000.0,1599.792795,0.0,11
1479.020821,1.0,958.73,0.0,958.73,0.0,0.916667,0.0,0.833333,0.0,0,30,1500.0,1187.648889,0.0,12
532.805392,1.0,59.4,59.4,0.0,2734.176725,0.083333,0.083333,0.0,0.5,11,1,10000.0,1502.934235,0.25,12
36.023577,0.181818,273.8,273.8,0.0,0.0,0.083333,0.083333,0.0,0.0,0,1,5500.0,174.52575,1.0,12
3084.618021,1.0,0.0,0.0,0.0,2506.67355,0.0,0.0,0.0,0.5,10,0,4000.0,1003.664133,0.0,12
52.575297,0.727273,282.62,33.62,249.0,0.0,0.416667,0.083333,0.25,0.0,0,5,6000.0,388.872739,0.2,12
1166.500558,1.0,73.8,0.0,73.8,595.036388,0.333333,0.0,0.333333,0.416667,6,4,2000.0,514.586639,0.0,12
1781.739723,1.0,2289.92,1584.4,705.52,0.0,0.75,0.583333,0.416667,0.0,0,37,10500.0,2065.553347,0.0,12
2882.954391,1.0,3591.81,2452.56,1139.25,554.07167,1.0,0.818182,0.818182,0.090909,2,74,10450.0,8438.775135,0.0,11
4068.162699,1.0,3387.47,1938.13,1449.34,0.0,1.0,1.0,1.0,0.0,0,86,8500.0,1312.481879,0.0,12
5432.113514,1.0,793.1,793.1,0.0,6245.023709,0.583333,0.583333,0.0,0.5,15,13,10000.0,1261.909483,0.0,12
24.463674,0.818182,254.37,0.0,254.37,0.0,0.75,0.0,0.666667,0.0,0,10,4000.0,206.073166,0.125,12
202.996947,1.0,2338.83,2338.83,0.0,1959.553078,0.916667,0.916667,0.0,0.166667,2,42,7500.0,6545.07776,0.666667,12
28.924276,1.0,324.6,0.0,324.6,0.0,1.0,0.0,1.0,0.0,0,12,3000.0,320.218246,0.833333,12
7764.210895,1.0,90.0,90.0,0.0,4032.071583,0.083333,0.083333,0.0,0.583333,13,1,11150.0,1566.916181,0.0,12
1219.914858,1.0,0.0,0.0,0.0,442.372527,0.0,0.0,0.0,0.166667,2,0,1500.0,540.400104,0.0,12
9226.107838,1.0,2217.94,990.46,1227.48,3533.146705,1.0,0.166667,1.0,0.25,5,16,10500.0,3075.113742,0.0,12
689.697644,1.0,22.68,0.0,22.68,0.0,0.083333,0.0,0.083333,0.0,0,1,11500.0,906.092735,0.0,12
4158.137668,1.0,8.4,8.4,0.0,0.0,1.0,1.0,0.0,0.0,0,12,7500.0,1001.17541,0.0,12
5995.793488,1.0,0.0,0.0,0.0,3454.101774,0.0,0.0,0.0,0.416667,12,0,6500.0,1868.475426,0.0,12
131.260514,0.5,1109.91,1109.91,0.0,0.0,0.5,0.5,0.0,0.0,0,21,9500.0,2137.485075,1.0,10
288.978275,0.909091,2555.91,694.89,1861.02,0.0,1.0,0.363636,0.727273,0.0,0,20,5000.0,12020.18009,1.0,11
331.686553,1.0,2289.42,1227.08,1062.34,0.0,1.0,1.0,0.666667,0.0,0,37,9500.0,2184.371316,0.0,12
1504.334228,0.909091,565.0,565.0,0.0,0.0,0.25,0.25,0.0,0.0,0,3,2200.0,2511.315474,0.0,12
1928.971964,1.0,2061.55,369.55,1692.0,0.0,1.0,1.0,1.0,0.0,0,30,8500.0,2200.93868,0.0,12
391.385478,1.0,0.0,0.0,0.0,0.0,0.333333,0.0,0.333333,0.0,0,0,4000.0,192.787345,0.0,12
684.658511,1.0,184.68,0.0,184.68,0.0,1.0,0.0,1.0,0.0,0,12,2900.0,2837.204108,0.4,12
5.120644,0.2,55.55,0.0,55.55,0.0,0.1,0.0,0.1,0.0,0,1,6000.0,0.0,0.0,10
1685.020731,1.0,0.0,0.0,0.0,243.61411,0.0,0.0,0.0,0.083333,1,0,1800.0,559.556519,0.0,12
313.87913,1.0,2746.84,2170.0,576.84,0.0,1.0,0.916667,0.916667,0.0,0,59,2500.0,2562.579256,0.25,12
619.974954,1.0,1219.39,464.39,755.0,4473.3497,0.666667,0.166667,0.416667,0.25,8,8,2000.0,4115.217914,0.25,12
1380.728565,1.0,0.0,0.0,0.0,126.637116,0.0,0.0,0.0,0.166667,3,0,1500.0,279.782836,0.0,12
40.343354,0.5,318.79,318.79,0.0,0.0,0.2,0.2,0.0,0.0,0,2,6000.0,603.896667,0.0,10
147.838347,1.0,0.0,0.0,0.0,68.919596,0.0,0.0,0.0,0.083333,1,0,600.0,50.406698,0.0,12
69.141919,1.0,872.94,137.3,735.64,0.0,0.916667,0.333333,0.916667,0.0,0,24,10000.0,721.050386,0.6,12
0.672519,0.090909,388.54,0.0,388.54,0.0,0.416667,0.0,0.416667,0.0,0,5,12000.0,377.974097,0.0,12
4677.021295,1.0,1798.66,1364.22,434.44,1569.577102,0.916667,0.583333,0.916667,0.416667,6,36,9000.0,1156.783897,0.0,12
33.31938,0.818182,279.56,0.0,279.56,0.0,0.666667,0.0,0.583333,0.0,0,8,3000.0,347.911693,0.285714,12
1748.310383,1.0,0.0,0.0,0.0,157.152652,0.0,0.0,0.0,0.083333,1,0,2000.0,538.443435,0.0,12
931.674532,1.0,2417.91,2303.91,114.0,3508.775536,0.583333,0.5,0.166667,0.166667,9,21,8000.0,3468.393326,0.0,12
1475.871356,1.0,826.77,664.21,162.56,0.0,1.0,1.0,0.333333,0.0,0,18,1500.0,1182.627097,0.0,12
992.424289,1.0,0.0,0.0,0.0,45.026228,0.0,0.0,0.0,0.111111,1,0,1000.0,161.400987,0.0,9
105.642966,0.818182,916.46,527.78,388.68,0.0,0.583333,0.416667,0.333333,0.0,0,12,10500.0,2243.559789,0.444444,12
1156.813935,1.0,251.38,101.28,150.1,506.605228,0.909091,0.181818,0.909091,0.181818,3,12,7500.0,2853.276447,0.181818,11
3797.995726,1.0,0.0,0.0,0.0,17278.53864,0.0,0.0,0.0,0.833333,56,0,12000.0,15884.69746,0.166667,12
107.452196,1.0,1196.35,945.79,250.56,0.0,1.0,1.0,0.5,0.0,0,37,5500.0,1597.772035,0.5,12
4181.216991,1.0,1443.33,1443.33,0.0,0.0,0.083333,0.083333,0.0,0.0,0,1,6000.0,1027.149996,0.0,12
162.94835,0.545455,400.0,400.0,0.0,0.0,0.083333,0.083333,0.0,0.0,0,1,4000.0,137.20573,0.0,12
2382.328208,1.0,899.58,413.28,486.3,450.252732,1.0,0.25,1.0,0.166667,4,34,2500.0,850.186851,0.0,12
55.707056,1.0,1224.99,0.0,1224.99,0.0,1.0,0.0,1.0,0.0,0,26,7500.0,1130.359054,1.0,12
902.491328,1.0,0.0,0.0,0.0,3936.354616,0.0,0.0,0.0,0.272727,5,0,1800.0,3633.579097,0.181818,11
1599.306976,1.0,112.57,112.57,0.0,70.564078,0.25,0.25,0.0,0.083333,1,3,1800.0,595.55337,0.0,12
970.322769,1.0,0.0,0.0,0.0,2034.69483,0.0,0.0,0.0,0.333333,14,0,2000.0,1373.649725,0.083333,12
5815.890916,1.0,1245.33,1245.33,0.0,2697.454999,0.5,0.5,0.0,0.583333,10,18,7000.0,1287.745322,0.0,12
1738.377115,1.0,140.2,140.2,0.0,0.0,1.0,1.0,0.0,0.0,0,12,6500.0,432.72779,0.0,12
21.311946,0.727273,3618.19,2804.79,813.4,0.0,1.0,1.0,0.5,0.0,0,40,15000.0,3570.597218,1.0,12
462.916347,1.0,270.97,107.15,163.82,0.0,0.333333,0.333333,0.25,0.0,0,7,10000.0,1293.523382,0.083333,12
1281.276331,1.0,792.14,703.58,88.56,0.0,0.916667,0.5,0.75,0.0,0,18,1500.0,397.388693,0.0,12
632.807858,1.0,453.91,318.91,135.0,927.939586,0.583333,0.333333,0.25,0.5,8,8,6000.0,350.387978,0.0,12
2463.60548,1.0,654.0,300.0,354.0,0.0,1.0,0.166667,1.0,0.0,0,17,2400.0,1149.733036,0.0,12
1236.635476,1.0,540.0,540.0,0.0,0.0,0.818182,0.818182,0.0,0.0,0,9,4000.0,2136.389192,0.090909,11
1563.48528,1.0,1910.13,1852.06,58.07,0.0,1.0,0.916667,0.166667,0.0,0,35,13000.0,5142.624134,0.111111,12
6877.284986,1.0,687.97,542.97,145.0,3406.90934,0.416667,0.083333,0.25,0.666667,12,11,7500.0,2358.946309,0.0,12
598.423093,1.0,5835.57,3974.7,1860.87,0.0,1.0,0.833333,0.75,0.0,0,53,9000.0,6083.426724,0.916667,12
955.415962,1.0,1060.0,1060.0,0.0,0.0,0.111111,0.111111,0.0,0.0,0,1,2100.0,189.106448,0.0,9
847.191896,1.0,11507.4,5904.78,5602.62,0.0,1.0,1.0,1.0,0.0,0,148,10500.0,10414.467,0.833333,12
44.174721,1.0,290.0,0.0,290.0,0.0,0.75,0.0,0.583333,0.0,0,9,6000.0,326.635918,0.111111,12
7820.331303,1.0,80.0,80.0,0.0,1147.891529,0.083333,0.083333,0.0,0.25,3,1,15000.0,1963.299182,0.0,12
937.276757,1.0,45.65,45.65,0.0,19.995297,0.083333,0.083333,0.0,0.083333,1,1,1000.0,335.809644,0.0,12
776.255666,1.0,6842.23,4938.13,1904.1,0.0,1.0,1.0,1.0,0.0,0,112,3500.0,5588.683151,0.5,12
815.832195,0.5,211.22,83.0,128.22,3214.78962,0.6,0.1,0.5,0.2,23,6,3500.0,1664.863771,0.0,10
4939.64603,1.0,470.54,139.38,331.16,8753.243163,0.75,0.333333,0.583333,0.916667,39,14,10000.0,11721.86573,0.083333,12
1053.59473,1.0,1450.0,1450.0,0.0,0.0,0.125,0.125,0.0,0.0,0,1,1500.0,397.090516,0.0,8
1877.424948,1.0,170.07,118.2,51.87,0.0,0.166667,0.166667,0.166667,0.0,0,2,6000.0,248.81801,0.0,6
8.928211,0.727273,105.78,105.78,0.0,0.0,0.416667,0.416667,0.0,0.0,0,6,3500.0,199.171196,0.5,12
2139.919711,1.0,330.89,71.4,259.49,2649.967098,0.5,0.083333,0.416667,0.416667,18,7,6000.0,703.005516,0.0,12
137.909416,1.0,897.42,684.12,213.3,0.0,0.916667,0.916667,0.583333,0.0,0,27,7000.0,965.182597,0.083333,12
1301.549278,1.0,0.0,0.0,0.0,72.681585,0.0,0.0,0.0,0.083333,1,0,1500.0,317.211622,0.0,12
287.140554,0.636364,316.78,0.0,316.78,0.0,0.75,0.0,0.75,0.0,0,15,4500.0,1308.806298,0.0,12
26.621291,0.363636,426.83,426.83,0.0,0.0,0.416667,0.416667,0.0,0.0,0,5,6000.0,195.490843,0.0,12
6887.915143,1.0,4340.42,3608.17,732.25,7028.901031,1.0,1.0,0.916667,0.833333,29,59,11500.0,16616.23528,0.083333,12
740.382347,1.0,1672.35,1571.35,101.0,310.806852,0.666667,0.5,0.416667,0.25,3,15,5500.0,1437.155317,0.0,12
2719.526277,1.0,448.07,448.07,0.0,3474.764847,0.25,0.25,0.0,0.333333,4,7,3000.0,3537.693441,0.083333,12
9.75539,0.909091,219.37,219.37,0.0,0.0,1.0,1.0,0.0,0.0,0,12,6000.0,216.850592,0.25,12
1689.319684,1.0,724.83,0.0,724.83,0.0,0.583333,0.0,0.583333,0.0,0,7,1500.0,1462.037592,0.0,12
62.053779,0.636364,29.6,29.6,0.0,838.60032,0.083333,0.083333,0.0,0.083333,2,1,6000.0,1576.039085,0.166667,12
1417.474456,1.0,144.49,144.49,0.0,0.0,0.416667,0.416667,0.0,0.0,0,6,1500.0,348.50421,0.0,12
1613.321542,1.0,252.0,252.0,0.0,0.0,0.166667,0.166667,0.0,0.0,0,3,1800.0,833.515706,0.0,12
392.194003,1.0,788.14,788.14,0.0,0.0,0.166667,0.166667,0.0,0.0,0,2,9000.0,1041.707049,0.0,12
936.041324,1.0,1141.24,999.08,142.16,0.0,0.666667,0.166667,0.583333,0.0,0,12,1200.0,1225.983876,0.0,12
527.761784,1.0,2702.57,1942.77,759.8,0.0,1.0,0.5,0.75,0.0,0,32,3000.0,1942.140315,0.083333,12
1283.402142,1.0,1286.34,0.0,1286.34,0.0,1.0,0.0,1.0,0.0,0,35,2100.0,1470.711716,0.0,12
5355.922523,1.0,2469.28,905.98,1563.3,5839.680075,0.916667,0.583333,0.833333,0.666667,27,33,8000.0,1226.857482,0.0,12
15.236618,0.272727,161.5,161.5,0.0,0.0,0.166667,0.166667,0.0,0.0,0,1,3000.0,912.737392,0.0,12
153.003135,1.0,96.2,0.0,96.2,0.0,0.833333,0.0,0.833333,0.0,0,10,9000.0,326.168469,0.0,12
248.200613,1.0,2329.12,1567.22,761.9,0.0,1.0,0.916667,0.583333,0.0,0,31,5500.0,812.097275,0.166667,12
1466.91925,1.0,0.0,0.0,0.0,37.691257,0.0,0.0,0.0,0.166667,2,0,1500.0,323.642185,0.0,12
1777.056105,1.0,1083.12,0.0,1083.12,0.0,1.0,0.0,1.0,0.0,0,24,4000.0,383.231247,0.0,12
475.171266,0.727273,1155.4,1155.4,0.0,0.0,0.083333,0.083333,0.0,0.0,0,1,2000.0,1264.974166,0.0,12
1117.683394,0.909091,45.65,45.65,0.0,0.0,0.090909,0.090909,0.0,0.0,0,1,1200.0,287.581425,0.0,11
6891.424677,1.0,4399.07,3705.13,693.94,1838.093797,1.0,1.0,0.333333,0.25,4,80,11150.0,1834.501318,0.0,12
14.68344,0.363636,67.44,67.44,0.0,0.0,0.083333,0.083333,0.0,0.0,0,1,4000.0,82.000743,0.0,12
1475.973063,1.0,181.63,181.63,0.0,2252.747969,0.916667,0.916667,0.0,0.5,17,13,1800.0,2588.459613,0.083333,12
986.583117,0.727273,0.0,0.0,0.0,1350.155793,0.0,0.0,0.0,0.090909,1,0,1500.0,276.229102,0.0,11
955.41412,1.0,0.0,0.0,0.0,1145.252721,0.0,0.0,0.0,0.25,4,0,1200.0,1402.659723,0.0,12
447.808002,1.0,1593.29,214.2,1379.09,0.0,1.0,0.25,0.916667,0.0,0,36,7000.0,1660.750541,0.0,12
3304.423662,1.0,0.0,0.0,0.0,1270.287892,0.0,0.0,0.0,0.416667,9,0,7000.0,1026.076088,0.0,12
1135.629139,1.0,398.64,0.0,398.64,0.0,1.0,0.0,1.0,0.0,0,12,1500.0,364.300862,0.0,12
933.150722,0.727273,0.0,0.0,0.0,1374.764359,0.0,0.0,0.0,0.090909,1,0,1500.0,360.729411,0.0,11
1055.369866,0.545455,0.0,0.0,0.0,3776.644822,0.0,0.0,0.0,0.166667,2,0,6000.0,2924.470714,0.0,12
5897.491823,1.0,0.0,0.0,0.0,3318.487381,0.0,0.0,0.0,0.333333,8,0,7500.0,1417.970244,0.0,12
0.0,0.0,176.03,176.03,0.0,0.0,0.125,0.125,0.0,0.0,0,1,7000.0,0.0,0.0,8
21.377711,0.636364,312.1,0.0,312.1,0.0,0.583333,0.0,0.583333,0.0,0,7,2000.0,497.127166,1.0,12
4920.036231,1.0,1562.43,249.24,1313.19,0.0,1.0,0.25,1.0,0.0,0,42,13000.0,1851.996908,0.0,12
4071.792166,1.0,1721.66,551.17,1170.49,0.0,1.0,0.5,1.0,0.0,0,27,10000.0,1065.894938,0.0,12
1138.534442,1.0,8665.38,6120.4,2544.98,0.0,1.0,1.0,1.0,0.0,0,104,9500.0,8216.880805,0.166667,12
1158.67621,0.909091,1036.68,150.0,886.68,1789.779133,0.916667,0.083333,0.833333,0.333333,11,22,1700.0,2790.066228,0.0,12
2093.844656,1.0,0.0,0.0,0.0,1307.898095,0.0,0.0,0.0,0.083333,2,0,3000.0,470.841807,0.0,12
299.464702,1.0,1439.49,593.0,846.49,0.0,1.0,0.166667,1.0,0.0,0,31,6000.0,1323.74446,0.0,12
21.928045,0.909091,190.45,190.45,0.0,49.196465,0.166667,0.166667,0.0,0.083333,1,2,8500.0,155.609598,0.0,12
657.223335,0.857143,1151.91,615.85,536.06,442.688396,0.714286,0.285714,0.571429,0.285714,2,13,1000.0,632.225833,0.2,7
74.34204,1.0,724.52,200.0,524.52,0.0,1.0,0.083333,1.0,0.0,0,13,4000.0,529.362717,0.916667,12
2664.700424,1.0,715.51,109.0,606.51,494.573662,0.75,0.083333,0.583333,0.083333,1,11,3500.0,918.003032,0.0,12
900.482738,1.0,0.0,0.0,0.0,77.012362,0.0,0.0,0.0,0.083333,1,0,1000.0,197.631228,0.0,12
1146.202492,1.0,0.0,0.0,0.0,58.697369,0.0,0.0,0.0,0.25,3,0,1200.0,290.331406,0.0,12
9.72453,0.272727,158.34,0.0,158.34,0.0,0.333333,0.0,0.333333,0.0,0,4,6000.0,182.175514,0.363636,12
3037.608728,1.0,173.48,173.48,0.0,382.582455,0.166667,0.166667,0.0,0.166667,6,3,3000.0,869.253948,0.0,12
25.184241,0.181818,0.0,0.0,0.0,519.538738,0.0,0.0,0.0,0.083333,5,0,6000.0,2161.530837,1.0,12
1100.941072,1.0,117.32,117.32,0.0,5573.767921,0.25,0.25,0.0,0.5,7,3,1500.0,4017.742718,0.111111,12
64.078171,0.909091,1049.0,0.0,1049.0,0.0,1.0,0.0,1.0,0.0,0,14,5000.0,1072.021707,0.727273,12
1.059425,0.363636,23.91,23.91,0.0,0.0,0.333333,0.333333,0.0,0.0,0,4,15500.0,31.845894,0.111111,12
1095.041551,1.0,1132.36,377.44,754.92,0.0,1.0,0.333333,1.0,0.0,0,43,2500.0,410.973222,0.0,12
234.700486,1.0,82.0,82.0,0.0,0.0,0.083333,0.083333,0.0,0.0,0,2,4200.0,350.773984,0.0,12
7156.345546,1.0,0.0,0.0,0.0,2506.083985,0.0,0.0,0.0,0.25,6,0,18000.0,3447.733455,0.0,12
1435.703308,1.0,664.61,45.7,618.91,945.736707,0.666667,0.083333,0.5,0.166667,3,15,7500.0,453.692206,0.0,12
325.024091,1.0,2251.62,1964.05,287.57,141.021854,0.916667,0.666667,0.5,0.083333,1,20,9500.0,2258.1657,0.888889,12
4395.237251,1.0,2514.3,985.11,1529.19,0.0,1.0,0.666667,1.0,0.0,0,32,5000.0,2095.014385,0.0,12
25.379719,0.571429,179.0,0.0,179.0,0.0,0.857143,0.0,0.714286,0.0,0,6,4000.0,308.793382,0.0,7
400.69973,1.0,3108.01,0.0,3108.01,0.0,1.0,0.0,1.0,0.0,0,16,10500.0,3166.91554,0.545455,12
3044.269636,1.0,93.31,93.31,0.0,789.697144,0.083333,0.083333,0.0,0.166667,2,1,3500.0,670.719989,0.0,12
435.905875,0.454545,2877.09,1561.04,1316.05,204.935422,1.0,0.333333,1.0,0.083333,2,51,3500.0,2975.275558,0.0,12
5257.807308,1.0,2331.68,1088.04,1243.64,10291.12574,0.75,0.333333,0.666667,0.583333,10,34,17500.0,2543.033209,0.0,12
3860.238072,1.0,11.41,11.41,0.0,0.0,0.166667,0.166667,0.0,0.0,0,2,10000.0,7280.584479,0.083333,12
1514.750841,1.0,3873.5,2642.14,1231.36,2306.919698,1.0,1.0,1.0,0.416667,6,50,8500.0,3729.948989,0.0,12
6509.334652,1.0,538.51,538.51,0.0,7232.069823,0.333333,0.333333,0.0,0.666667,20,4,12000.0,1355.948713,0.0,12
3338.863375,1.0,775.0,365.0,410.0,0.0,0.583333,0.166667,0.416667,0.0,0,8,8500.0,920.748289,0.0,12
3281.958491,1.0,398.08,0.0,398.08,6694.105562,0.416667,0.0,0.416667,0.583333,20,9,8000.0,8092.781701,0.083333,12
5932.367808,1.0,0.0,0.0,0.0,4253.311089,0.0,0.0,0.0,0.5,10,0,6000.0,2657.196453,0.0,12
994.367302,0.857143,0.0,0.0,0.0,4058.539188,0.0,0.0,0.0,0.571429,15,0,10000.0,168.100048,0.0,7
5925.120611,1.0,1763.89,258.43,1505.46,0.0,1.0,0.25,1.0,0.0,0,195,6500.0,2557.841292,0.0,12
162.54754,0.909091,405.61,0.0,405.61,0.0,0.916667,0.0,0.916667,0.0,0,23,2200.0,612.674738,0.0,12
1070.486185,1.0,818.64,0.0,818.64,0.0,1.0,0.0,1.0,0.0,0,24,1000.0,976.831849,0.0,12
4059.211725,1.0,0.0,0.0,0.0,4524.312762,0.0,0.0,0.0,0.25,4,0,5000.0,3246.575307,0.0,12
8356.277203,1.0,983.24,983.24,0.0,2329.181013,0.166667,0.166667,0.0,0.333333,7,4,14000.0,3468.13596,0.0,12
929.115076,1.0,611.71,591.71,20.0,0.0,0.5,0.5,0.166667,0.0,0,11,1200.0,1019.527645,0.0,12
2159.370933,1.0,627.23,493.48,133.75,1055.558646,0.75,0.75,0.333333,0.25,3,17,2500.0,1030.373212,0.0,12
4523.499003,1.0,0.0,0.0,0.0,966.297398,0.0,0.0,0.0,0.083333,2,0,9500.0,1348.018275,0.0,12
753.703481,1.0,0.0,0.0,0.0,899.346012,0.0,0.0,0.0,0.083333,2,0,1200.0,1065.666403,0.083333,12
3778.609797,1.0,878.29,631.27,247.02,0.0,0.583333,0.5,0.25,0.0,0,13,8500.0,883.744982,0.0,12
947.457151,1.0,1787.83,126.24,1661.59,458.961661,1.0,0.083333,1.0,0.083333,1,61,4000.0,574.055852,0.166667,12
606.323282,1.0,299.9,299.9,0.0,0.0,0.25,0.25,0.0,0.0,0,3,4200.0,502.64224,0.0,12
73.379518,1.0,875.38,0.0,875.38,0.0,1.0,0.0,1.0,0.0,0,16,6500.0,688.546903,0.75,12
516.49276,1.0,380.0,380.0,0.0,1004.279993,0.333333,0.333333,0.0,0.5,11,6,1200.0,415.924157,0.0,12
906.107168,1.0,2354.06,215.87,2138.19,0.0,1.0,0.333333,1.0,0.0,0,51,4000.0,2230.320729,0.0,12
2220.063789,1.0,2530.12,2530.12,0.0,157.109678,1.0,1.0,0.0,0.083333,3,85,2500.0,3275.790625,0.0,12
15532.33972,1.0,1168.75,0.0,1168.75,3183.037625,0.916667,0.0,0.916667,0.25,5,11,16500.0,3906.738592,0.0,12
205.123752,1.0,2066.08,1245.3,820.78,0.0,1.0,1.0,1.0,0.0,0,41,7500.0,2597.718416,0.916667,12
788.257316,1.0,9113.78,6138.57,2975.21,0.0,1.0,1.0,1.0,0.0,0,128,12000.0,7035.994095,1.0,12
1073.370435,0.818182,824.77,377.81,446.96,1214.495468,0.666667,0.416667,0.5,0.333333,6,25,1800.0,534.728641,0.0,12
1381.753281,1.0,0.0,0.0,0.0,648.228793,0.0,0.0,0.0,0.083333,1,0,2400.0,3112.377295,0.0,12
405.162601,0.545455,0.0,0.0,0.0,4679.312402,0.0,0.0,0.0,0.25,8,0,17000.0,8946.495566,0.75,12
372.924756,0.909091,462.7,162.7,300.0,0.0,0.5,0.083333,0.416667,0.0,0,7,1800.0,1193.383862,0.181818,12
55.681483,1.0,462.99,0.0,462.99,0.0,0.833333,0.0,0.833333,0.0,0,12,13500.0,519.307161,1.0,12
2092.855291,1.0,1624.05,1205.75,418.3,0.0,0.5,0.25,0.333333,0.0,0,13,8500.0,3794.796448,0.083333,12
556.912886,1.0,0.0,0.0,0.0,972.223685,0.0,0.0,0.0,0.083333,1,0,4000.0,1968.065171,0.083333,12
6.121105,0.571429,233.9,233.9,0.0,0.0,0.428571,0.428571,0.0,0.0,0,5,10500.0,33.010201,0.0,7
19.112841,1.0,504.2,0.0,504.2,0.0,1.0,0.0,1.0,0.0,0,20,1000.0,476.370018,0.727273,12
7803.470739,1.0,7184.73,6519.19,665.54,0.0,1.0,0.583333,0.916667,0.0,0,78,11500.0,2250.502094,0.0,12
5274.508501,1.0,324.96,0.0,324.96,1392.925291,1.0,0.0,1.0,0.25,5,12,5500.0,938.073283,0.0,12
1887.061349,1.0,0.0,0.0,0.0,93.437109,0.0,0.0,0.0,0.166667,3,0,2000.0,411.517239,0.0,12
152.227891,1.0,946.0,536.0,410.0,0.0,0.75,0.25,0.416667,0.0,0,18,6500.0,804.255916,0.2,12
1193.351573,0.875,0.0,0.0,0.0,1433.85482,0.0,0.0,0.0,0.125,4,0,1500.0,164.003621,0.0,8
2544.036536,1.0,0.0,0.0,0.0,107.710567,0.0,0.0,0.0,0.083333,1,0,7000.0,1064.575065,0.0,12
63.064197,1.0,1176.93,0.0,1176.93,0.0,1.0,0.0,1.0,0.0,0,23,7500.0,1319.009967,0.363636,12
3.29042,0.181818,225.6,0.0,225.6,0.0,1.0,0.0,1.0,0.0,0,12,4000.0,268.500244,0.090909,12
182.959331,1.0,847.88,0.0,847.88,0.0,0.666667,0.0,0.666667,0.0,0,11,5000.0,757.48839,0.166667,12
5082.971064,1.0,1893.89,1543.89,350.0,970.708796,1.0,1.0,0.416667,0.083333,1,27,9500.0,1607.021526,0.0,12
2817.403474,1.0,1878.54,1198.89,679.65,1154.965664,0.5,0.333333,0.333333,0.416667,8,14,3500.0,3185.017063,0.0,12
320.35306,1.0,2542.61,696.08,1846.53,0.0,1.0,0.583333,1.0,0.0,0,27,7500.0,3158.530331,0.5,12
2801.239086,0.909091,0.0,0.0,0.0,7216.489768,0.0,0.0,0.0,0.583333,9,0,10000.0,696.538922,0.0,12
126.289657,0.909091,366.68,0.0,366.68,175.284005,0.333333,0.0,0.333333,0.166667,2,4,3000.0,679.431948,0.181818,12
7985.621826,1.0,123.24,123.24,0.0,7949.596045,0.166667,0.166667,0.0,0.666667,32,2,14500.0,9438.180272,0.0,12
1084.131331,1.0,803.22,0.0,803.22,901.628291,1.0,0.0,0.916667,0.166667,3,21,1000.0,866.009167,0.0,12
5520.201751,1.0,0.0,0.0,0.0,6218.171457,0.0,0.0,0.0,0.666667,23,0,7000.0,5878.42845,0.0,12
109.594389,1.0,177.0,177.0,0.0,0.0,0.083333,0.083333,0.0,0.0,0,1,1950.0,170.47103,0.0,12
2416.771489,1.0,4201.13,3802.21,398.92,3306.574157,1.0,0.75,1.0,0.166667,11,82,5500.0,6091.906636,0.2,12
5701.848812,1.0,1126.68,1033.6,93.08,1831.160025,0.833333,0.416667,0.666667,0.333333,5,20,7000.0,1382.179262,0.0,12
2866.054641,1.0,0.0,0.0,0.0,236.955668,0.0,0.0,0.0,0.25,4,0,3000.0,714.738754,0.0,12
1352.301367,1.0,263.04,263.04,0.0,1460.777849,0.083333,0.083333,0.0,0.166667,3,1,2300.0,4228.186416,0.090909,12
495.069704,1.0,2610.3,902.6,1707.7,0.0,1.0,0.416667,1.0,0.0,0,34,8500.0,2217.869091,0.25,12
1299.93337,1.0,0.0,0.0,0.0,916.37094,0.0,0.0,0.0,0.083333,2,0,2400.0,303.052882,0.0,12
3020.900667,1.0,0.0,0.0,0.0,3417.227455,0.0,0.0,0.0,0.666667,9,0,4000.0,1171.807751,0.0,12
608.752081,1.0,5446.88,3466.22,1980.66,0.0,0.916667,0.25,0.916667,0.0,0,45,9500.0,5623.305898,1.0,12
4587.892398,1.0,140.6,140.6,0.0,953.934018,0.083333,0.083333,0.0,0.25,3,2,5500.0,1151.202909,0.0,12
4005.344926,1.0,9134.26,2002.9,7131.36,0.0,1.0,0.25,1.0,0.0,0,65,10500.0,3579.298838,0.0,12
534.75165,0.545455,3044.6,3044.6,0.0,684.269093,0.166667,0.166667,0.0,0.083333,1,2,3000.0,8987.534163,0.333333,12
34.387537,1.0,153.18,61.9,91.28,0.0,0.416667,0.083333,0.416667,0.0,0,11,2500.0,99.085409,0.0,12
11964.83264,1.0,1175.35,1031.85,143.5,2271.555171,0.75,0.583333,0.416667,0.583333,11,19,14000.0,2949.673416,0.0,12
1553.505165,1.0,522.0,0.0,522.0,0.0,1.0,0.0,1.0,0.0,0,14,1000.0,472.580919,0.0,12
10.106017,0.727273,1160.66,34.9,1125.76,0.0,1.0,0.083333,0.916667,0.0,0,37,1500.0,1152.518504,0.111111,12
397.003171,1.0,3042.08,1419.07,1623.01,0.0,1.0,1.0,1.0,0.0,0,98,8500.0,2764.893686,0.333333,12
611.561026,1.0,765.0,765.0,0.0,0.0,0.125,0.125,0.0,0.0,0,1,2000.0,204.464151,0.0,8
4840.545574,1.0,1595.93,1595.93,0.0,4359.32575,0.454545,0.454545,0.0,0.545455,17,25,6000.0,905.844846,0.090909,11
0.0,0.0,313.89,0.0,313.89,0.0,0.916667,0.0,0.916667,0.0,0,19,6000.0,0.0,0.0,12
1176.992085,1.0,890.0,400.0,490.0,0.0,0.583333,0.083333,0.416667,0.0,0,7,3000.0,640.607666,0.0,12
47.107274,0.818182,2226.06,0.0,2226.06,0.0,1.0,0.0,1.0,0.0,0,14,8500.0,2507.587709,0.3,12
289.529643,0.272727,110.0,110.0,0.0,1134.891542,0.083333,0.083333,0.0,0.166667,7,1,1200.0,697.009124,0.0,12
2689.040221,1.0,0.0,0.0,0.0,2928.671045,0.0,0.0,0.0,0.083333,2,0,9000.0,854.431761,0.0,12
14.871714,0.545455,62.7,62.7,0.0,0.0,0.083333,0.083333,0.0,0.0,0,1,3000.0,125.780361,0.0,12
35.360897,1.0,587.34,0.0,587.34,0.0,1.0,0.0,1.0,0.0,0,14,11500.0,549.036894,0.888889,12
1902.665938,1.0,4666.51,4464.76,201.75,4120.44084,0.916667,0.833333,0.5,0.166667,10,46,7500.0,6153.484827,0.0,12
17.026818,1.0,453.24,0.0,453.24,0.0,1.0,0.0,1.0,0.0,0,12,2000.0,435.997908,0.25,12
229.540732,1.0,694.91,37.5,657.41,0.0,0.916667,0.166667,0.833333,0.0,0,15,7500.0,1016.090423,0.083333,12
186.706199,1.0,868.0,0.0,868.0,0.0,0.5,0.0,0.416667,0.0,0,6,4000.0,618.964215,0.0,12
1264.152747,1.0,2358.28,2171.8,186.48,144.017573,1.0,0.5,0.833333,0.166667,2,28,2500.0,1175.753031,0.166667,12
160.15008,1.0,1639.97,971.97,668.0,0.0,1.0,1.0,0.416667,0.0,0,20,7000.0,1579.491353,0.916667,12
12856.15251,1.0,775.42,649.42,126.0,7362.379262,0.416667,0.25,0.333333,0.166667,11,16,14000.0,2885.335197,0.0,12
3034.686119,1.0,0.0,0.0,0.0,370.098258,0.0,0.0,0.0,0.083333,2,0,3000.0,91.692752,0.0,12
2537.257188,1.0,0.0,0.0,0.0,557.526465,0.0,0.0,0.0,0.166667,2,0,2750.0,933.01991,0.0,12
2376.483239,1.0,858.5,858.5,0.0,356.570057,0.333333,0.333333,0.0,0.166667,3,13,7000.0,748.290167,0.0,12
3625.207579,1.0,0.0,0.0,0.0,1274.199991,0.0,0.0,0.0,0.090909,1,0,6000.0,1009.287105,0.0,11
3904.008546,1.0,600.0,0.0,600.0,1433.189324,0.5,0.0,0.416667,0.5,6,6,4700.0,1154.910275,0.0,12
59.263479,0.181818,300.68,0.0,300.68,0.0,0.090909,0.0,0.090909,0.0,0,1,5000.0,3142.651675,0.0,11
1114.56327,0.727273,0.0,0.0,0.0,298.659126,0.0,0.0,0.0,0.083333,1,0,6000.0,3842.787673,0.111111,12
1128.717636,1.0,55.69,55.69,0.0,56.453676,0.083333,0.083333,0.0,0.083333,1,3,1200.0,266.286419,0.0,12
451.905949,1.0,4468.71,3870.15,598.56,0.0,1.0,1.0,0.416667,0.0,0,53,4000.0,4009.961094,1.0,12
6074.986862,1.0,1000.0,1000.0,0.0,4360.872498,0.083333,0.083333,0.0,0.5,7,1,14000.0,1365.324882,0.0,12
3490.186741,1.0,816.0,638.91,177.09,0.0,0.583333,0.25,0.5,0.0,0,15,11500.0,947.039165,0.0,12
1368.99507,1.0,521.31,140.0,381.31,0.0,1.0,0.083333,1.0,0.0,0,20,3000.0,616.095965,0.0,12
60.52124,0.8,469.0,0.0,469.0,0.0,0.6,0.0,0.5,0.0,0,6,1000.0,541.359082,0.833333,10
1961.322415,1.0,476.16,0.0,476.16,0.0,1.0,0.0,1.0,0.0,0,48,2000.0,791.091826,0.0,12
4153.477506,1.0,561.25,375.25,186.0,1222.725542,0.333333,0.083333,0.166667,0.583333,15,4,8000.0,1854.156679,0.0,12
22.523964,0.428571,346.3,0.0,346.3,0.0,1.0,0.0,1.0,0.0,0,7,1800.0,340.376582,1.0,7
7593.590618,1.0,0.0,0.0,0.0,3843.962731,0.0,0.0,0.0,0.083333,2,0,8000.0,1534.809766,0.0,12
46.054436,1.0,812.97,598.09,214.88,0.0,1.0,0.916667,1.0,0.0,0,24,6000.0,1314.537349,1.0,12
8771.507851,1.0,1082.98,497.08,585.9,4504.545269,1.0,0.5,0.833333,0.666667,26,26,18500.0,1964.195588,0.0,12
3008.66367,1.0,1137.62,659.62,478.0,3116.44095,0.75,0.416667,0.5,0.416667,12,16,6200.0,536.091856,0.0,12
215.213174,1.0,2326.52,136.8,2189.72,0.0,1.0,0.166667,1.0,0.0,0,75,3500.0,2374.80576,0.833333,12
96.155647,1.0,1070.73,432.8,637.93,0.0,1.0,1.0,0.75,0.0,0,27,10000.0,1229.025203,1.0,12
1101.656754,1.0,1398.21,1243.5,154.71,0.0,0.75,0.416667,0.416667,0.0,0,16,7000.0,257.24454,0.0,12
4779.786334,1.0,1470.24,882.78,587.46,4962.936839,1.0,0.416667,1.0,0.666667,33,29,7000.0,4760.677367,0.0,12
765.880394,0.909091,0.0,0.0,0.0,1966.812413,0.0,0.0,0.0,0.083333,1,0,8500.0,2953.858729,0.181818,12
4705.294706,1.0,0.0,0.0,0.0,9894.067335,0.0,0.0,0.0,0.916667,30,0,9000.0,8778.87795,0.0,12
2008.461205,1.0,0.0,0.0,0.0,2436.107429,0.0,0.0,0.0,0.083333,4,0,2900.0,3092.937061,0.083333,12
2856.16815,1.0,29.5,29.5,0.0,103.141056,0.1,0.1,0.0,0.3,4,1,3000.0,508.056466,0.0,10
198.12512,1.0,0.0,0.0,0.0,973.656086,0.0,0.0,0.0,0.166667,5,0,1200.0,253.475631,0.083333,12
27.851354,0.636364,262.71,0.0,262.71,0.0,0.583333,0.0,0.5,0.0,0,7,4000.0,404.572322,0.8,12
1487.657507,1.0,4115.98,3975.98,140.0,0.0,0.75,0.666667,0.25,0.0,0,31,5000.0,3922.394684,0.083333,12
10915.55075,1.0,0.0,0.0,0.0,23130.82106,0.0,0.0,0.0,0.583333,23,0,15000.0,18341.95467,0.0,12
107.944741,0.875,118.16,118.16,0.0,472.818286,0.125,0.125,0.0,0.125,1,2,2500.0,192.781455,0.25,8
117.777688,0.727273,853.3,853.3,0.0,0.0,0.25,0.25,0.0,0.0,0,3,2000.0,851.921672,0.0,12
862.481024,1.0,2267.38,1674.75,592.63,282.991201,1.0,1.0,0.666667,0.166667,2,41,4500.0,3644.186477,0.333333,12
7.153512,0.3,104.95,0.0,104.95,0.0,0.4,0.0,0.3,0.0,0,4,1500.0,271.567821,0.0,10
48.242289,0.727273,470.69,57.0,413.69,0.0,0.416667,0.083333,0.333333,0.0,0,5,18000.0,746.951133,0.416667,12
490.368785,1.0,932.03,231.87,700.16,987.069944,0.416667,0.083333,0.25,0.083333,1,5,5500.0,3170.370677,0.083333,12
1848.248809,1.0,307.12,307.12,0.0,0.0,0.083333,0.083333,0.0,0.0,0,2,8500.0,3421.846931,0.0,12
1417.979193,1.0,0.0,0.0,0.0,97.106059,0.0,0.0,0.0,0.285714,4,0,1500.0,201.425194,0.0,7
510.504804,0.727273,57.0,57.0,0.0,10239.08859,0.083333,0.083333,0.0,0.166667,6,1,12500.0,15043.66508,0.142857,12
339.294514,1.0,2601.6,0.0,2601.6,0.0,1.0,0.0,1.0,0.0,0,12,1800.0,2582.18354,0.909091,12
5151.912071,1.0,0.0,0.0,0.0,2873.077058,0.0,0.0,0.0,0.166667,4,0,7000.0,1362.424363,0.0,12
1203.464556,1.0,440.0,0.0,440.0,1472.061257,0.333333,0.0,0.25,0.083333,3,4,3000.0,584.787421,0.0,12
6437.92423,1.0,716.76,54.46,662.3,2365.445125,1.0,0.083333,0.916667,0.416667,10,33,7000.0,1364.331914,0.0,12
407.177714,0.909091,4236.36,2325.16,1911.2,0.0,0.833333,0.5,0.75,0.0,0,29,18500.0,3746.674803,1.0,12
3929.705042,1.0,935.71,0.0,935.71,5093.44832,0.833333,0.0,0.75,0.166667,3,34,6000.0,6409.769007,0.0,12
6909.058266,1.0,473.51,70.0,403.51,1031.583943,0.583333,0.083333,0.5,0.166667,4,11,7500.0,1593.897063,0.0,12
1054.905969,1.0,885.44,0.0,885.44,0.0,0.833333,0.0,0.833333,0.0,0,111,1000.0,1057.25415,0.0,12
3664.282588,1.0,493.34,260.0,233.34,0.0,0.416667,0.083333,0.416667,0.0,0,6,9500.0,1050.91005,0.0,12
6443.077147,0.909091,2155.13,1325.34,829.79,1650.039631,1.0,0.583333,1.0,0.416667,17,75,7500.0,9689.602075,0.0,12
4570.04875,1.0,888.98,888.98,0.0,1825.929322,0.416667,0.416667,0.0,0.166667,2,7,6000.0,1179.34586,0.0,12
3573.583803,0.888889,2513.46,2513.46,0.0,6181.23369,0.222222,0.222222,0.0,0.444444,12,6,9000.0,4776.370808,0.0,9
96.699394,0.545455,1475.23,1475.23,0.0,0.0,1.0,1.0,0.0,0.0,0,14,4000.0,1595.023315,0.0,12
4968.771623,1.0,3441.3,2416.7,1024.6,0.0,1.0,0.333333,0.833333,0.0,0,26,11500.0,1385.717858,0.0,12
1031.936983,0.727273,2308.0,608.0,1700.0,0.0,0.416667,0.083333,0.333333,0.0,0,9,3000.0,245.914697,0.0,12
3.847042,0.5,182.08,0.0,182.08,0.0,1.0,0.0,0.875,0.0,0,8,1500.0,191.067061,0.5,8
166.258538,0.909091,1377.31,827.35,549.96,133.878836,1.0,0.083333,1.0,0.083333,1,14,16000.0,1770.052426,0.090909,12
1589.449271,1.0,255.75,187.0,68.75,0.0,0.333333,0.166667,0.166667,0.0,0,5,3500.0,599.044421,0.0,12
2305.313527,1.0,255.7,229.02,26.68,14.222216,0.545455,0.454545,0.181818,0.090909,1,8,6500.0,620.437714,0.0,11
818.310935,0.545455,1071.8,1020.0,51.8,752.292181,0.333333,0.25,0.166667,0.166667,3,6,2500.0,4763.080391,0.2,12
102.751154,1.0,1063.69,0.0,1063.69,0.0,1.0,0.0,1.0,0.0,0,29,7000.0,1928.089519,0.454545,12
11416.64736,1.0,1347.7,0.0,1347.7,0.0,0.583333,0.0,0.583333,0.0,0,9,15500.0,2704.076105,0.0,12
2008.004976,1.0,75.5,75.5,0.0,0.0,0.166667,0.166667,0.0,0.0,0,2,5000.0,485.389275,0.0,12
5880.218671,0.666667,0.0,0.0,0.0,10590.41113,0.0,0.0,0.0,0.166667,1,0,11500.0,1828.239171,0.0,6
5354.109275,1.0,0.0,0.0,0.0,2660.070252,0.0,0.0,0.0,0.333333,7,0,7000.0,1408.437818,0.0,12
3207.605367,0.909091,0.0,0.0,0.0,3766.7883,0.0,0.0,0.0,0.090909,5,0,9000.0,750.543668,0.0,11
4319.531807,1.0,0.0,0.0,0.0,9085.908764,0.0,0.0,0.0,0.666667,19,0,7500.0,10339.93845,0.0,12
1343.165153,1.0,291.62,0.0,291.62,1461.717523,1.0,0.0,0.857143,0.142857,4,7,1500.0,276.342352,0.0,7
705.645246,1.0,1325.21,1017.21,308.0,0.0,0.75,0.583333,0.416667,0.0,0,14,3000.0,860.265446,0.0,12
112.01046,1.0,229.0,229.0,0.0,0.0,0.181818,0.181818,0.0,0.0,0,4,150.0,119.62682,0.0,11
1978.041097,1.0,0.0,0.0,0.0,1922.461395,0.0,0.0,0.0,0.166667,4,0,5500.0,1481.136548,0.0,12
468.769607,1.0,585.68,445.98,139.7,856.77615,0.666667,0.416667,0.416667,0.75,19,12,4500.0,1368.204953,0.0,12
15.531077,0.090909,0.0,0.0,0.0,1630.319983,0.0,0.0,0.0,0.083333,4,0,2000.0,1898.347582,0.0,12
1003.058842,1.0,1627.0,1627.0,0.0,0.0,0.333333,0.333333,0.0,0.0,0,12,1200.0,1897.171179,0.0,12
220.938626,1.0,2310.61,1375.61,935.0,0.0,1.0,1.0,0.5,0.0,0,33,18000.0,2588.893066,1.0,12
5236.290986,1.0,1780.79,1080.65,700.14,657.93913,1.0,0.666667,1.0,0.166667,5,93,17000.0,1230.806488,0.0,12
505.333425,0.909091,5176.62,5176.62,0.0,0.0,0.666667,0.666667,0.0,0.0,0,33,8500.0,4971.981428,0.6,12
17.896575,0.909091,265.97,0.0,265.97,0.0,1.0,0.0,0.916667,0.0,0,14,1000.0,224.528678,0.545455,12
5550.171932,1.0,1026.26,1026.26,0.0,256.963408,0.583333,0.583333,0.0,0.083333,1,12,11000.0,1322.74282,0.0,12
236.507753,1.0,2692.65,2072.32,620.33,0.0,1.0,1.0,0.583333,0.0,0,45,1500.0,2375.560677,1.0,12
1132.282217,1.0,0.0,0.0,0.0,68.520455,0.0,0.0,0.0,0.083333,1,0,1200.0,281.613657,0.0,12
247.857188,0.454545,0.0,0.0,0.0,872.983058,0.0,0.0,0.0,0.333333,10,0,1200.0,253.663706,0.0,12
3312.222433,1.0,3729.7,2169.35,1560.35,0.0,1.0,1.0,1.0,0.0,0,81,8000.0,4974.329762,0.0,12
1373.252757,1.0,0.0,0.0,0.0,79.435812,0.0,0.0,0.0,0.166667,3,0,1500.0,303.776791,0.0,12
71.542751,1.0,561.38,0.0,561.38,0.0,1.0,0.0,1.0,0.0,0,32,1500.0,482.868194,0.416667,12
0.0,0.0,609.0,0.0,609.0,0.0,1.0,0.0,1.0,0.0,0,12,2500.0,893.429001,0.0,12
147.418569,0.181818,1074.0,1074.0,0.0,0.0,0.083333,0.083333,0.0,0.0,0,2,5500.0,0.0,0.0,12
774.645244,1.0,190.54,0.0,190.54,2467.204866,0.416667,0.0,0.333333,0.25,4,6,1200.0,2365.524893,0.166667,12
727.467671,1.0,420.88,0.0,420.88,429.481253,0.416667,0.0,0.333333,0.333333,4,7,4500.0,1190.41941,0.0,12
1115.208504,1.0,30.0,30.0,0.0,1484.671104,0.083333,0.083333,0.0,0.416667,11,1,1500.0,1839.908719,0.083333,12
366.441008,0.636364,0.0,0.0,0.0,2838.753109,0.0,0.0,0.0,0.083333,3,0,3000.0,4634.133777,0.25,12
3891.346976,1.0,3629.8,50.0,3579.8,2538.561644,1.0,0.083333,1.0,0.166667,5,254,7500.0,8259.411897,0.083333,12
7442.599092,1.0,1080.0,0.0,1080.0,3968.684047,0.666667,0.0,0.666667,0.25,29,24,8500.0,4365.058558,0.0,12
752.485849,0.727273,0.0,0.0,0.0,1075.239192,0.0,0.0,0.0,0.083333,4,0,1200.0,1321.798347,0.0,12
537.491488,1.0,1672.99,972.01,700.98,0.0,0.583333,0.416667,0.416667,0.0,0,25,1600.0,1306.526458,0.25,12
1890.946618,1.0,0.0,0.0,0.0,4561.090005,0.0,0.0,0.0,0.25,7,0,2500.0,4847.513095,0.090909,12
11.269672,0.636364,248.31,0.0,248.31,0.0,0.416667,0.0,0.416667,0.0,0,10,9500.0,36.844388,0.0,12
50.006512,0.454545,701.25,0.0,701.25,0.0,0.333333,0.0,0.25,0.0,0,5,3500.0,1834.431851,1.0,12
5115.712849,1.0,4378.8,3195.58,1183.22,0.0,0.833333,0.333333,0.75,0.0,0,19,10000.0,2241.246911,0.0,12
984.724235,1.0,10243.48,4316.82,5926.66,0.0,1.0,0.333333,1.0,0.0,0,56,7500.0,11112.38396,1.0,12
952.379745,1.0,481.75,431.75,50.0,0.0,0.833333,0.666667,0.416667,0.0,0,20,1200.0,449.280028,0.0,12
160.681189,0.909091,993.5,896.0,97.5,0.0,0.333333,0.166667,0.166667,0.0,0,9,6500.0,980.963861,0.090909,12
3461.183622,1.0,200.0,200.0,0.0,108.408059,0.083333,0.083333,0.0,0.083333,1,1,3500.0,1322.74089,0.0,12
232.638142,1.0,3161.02,2012.38,1148.64,0.0,1.0,0.583333,1.0,0.0,0,22,7000.0,2608.402427,0.4,12
126.134681,1.0,1197.12,1197.12,0.0,0.0,1.0,1.0,0.0,0.0,0,12,9000.0,936.326494,0.454545,12
1958.649839,0.857143,1759.46,1759.46,0.0,3240.789709,0.571429,0.571429,0.0,0.857143,16,11,7000.0,226.879675,0.0,7
24.099873,1.0,294.0,0.0,294.0,0.0,1.0,0.0,1.0,0.0,0,12,5000.0,303.409519,0.666667,12
4424.767314,0.833333,0.0,0.0,0.0,7013.528326,0.0,0.0,0.0,0.666667,13,0,7000.0,864.1411,0.0,6
2297.708974,1.0,0.0,0.0,0.0,797.536774,0.0,0.0,0.0,0.083333,2,0,3000.0,893.62955,0.0,12
1667.269812,1.0,86.69,86.69,0.0,715.747319,0.083333,0.083333,0.0,0.083333,2,1,5500.0,313.750208,0.0,12
74.254958,1.0,952.16,463.04,489.12,0.0,1.0,0.916667,0.583333,0.0,0,24,7000.0,913.302873,1.0,12
9.526312,0.545455,92.02,0.0,92.02,0.0,0.5,0.0,0.5,0.0,0,6,1600.0,100.915736,0.5,12
95.853493,0.545455,796.9,0.0,796.9,0.0,0.75,0.0,0.75,0.0,0,9,1950.0,1475.770687,0.222222,12
772.206384,1.0,1319.19,1296.69,22.5,1581.026455,0.666667,0.666667,0.083333,0.333333,6,27,1200.0,2853.125011,0.166667,12
533.163378,0.909091,0.0,0.0,0.0,930.378581,0.0,0.0,0.0,0.166667,2,0,1800.0,1753.60425,0.111111,12
66.65712,1.0,585.87,585.87,0.0,0.0,1.0,1.0,0.0,0.0,0,12,10000.0,570.478919,1.0,12
918.401897,0.454545,0.0,0.0,0.0,3176.804663,0.0,0.0,0.0,0.166667,2,0,3500.0,4404.853578,0.0,12
1630.676858,1.0,0.0,0.0,0.0,275.166058,0.0,0.0,0.0,0.090909,1,0,1950.0,558.164261,0.0,11
2384.257016,1.0,0.0,0.0,0.0,99.110887,0.0,0.0,0.0,0.166667,2,0,2500.0,564.37975,0.0,12
25.706551,0.909091,133.86,0.0,133.86,0.0,0.333333,0.0,0.25,0.0,0,6,9500.0,148.214416,0.222222,12
956.303408,0.857143,1451.5,1451.5,0.0,0.0,0.571429,0.571429,0.0,0.0,0,54,1200.0,210.435488,0.0,7
40.627614,1.0,528.08,528.08,0.0,0.0,1.0,1.0,0.0,0.0,0,16,2000.0,384.322913,0.333333,12
5010.879703,1.0,0.0,0.0,0.0,2181.390333,0.0,0.0,0.0,0.25,7,0,7000.0,1327.690018,0.0,12
1822.259235,1.0,0.0,0.0,0.0,1672.653551,0.0,0.0,0.0,0.25,4,0,2500.0,589.389711,0.0,12
4936.913341,1.0,407.81,351.81,56.0,2790.468488,0.333333,0.25,0.083333,0.333333,7,4,5000.0,2189.546633,0.0,12
93.964086,1.0,815.34,149.04,666.3,0.0,0.916667,0.25,0.75,0.0,0,14,2500.0,361.786239,0.3,12
512.946312,1.0,4391.87,3943.37,448.5,422.496562,1.0,1.0,0.666667,0.166667,2,46,16500.0,4962.461845,0.916667,12
680.889818,1.0,2445.24,2253.76,191.48,0.0,1.0,1.0,0.333333,0.0,0,36,3400.0,2082.619124,0.0,12
2177.338711,1.0,0.0,0.0,0.0,430.534073,0.0,0.0,0.0,0.083333,2,0,2500.0,943.909555,0.0,12
1055.833418,1.0,351.54,61.54,290.0,0.0,1.0,0.083333,0.916667,0.0,0,13,3000.0,585.022975,0.0,12
153.949311,0.363636,0.0,0.0,0.0,3988.242395,0.0,0.0,0.0,0.25,7,0,11500.0,2699.969008,0.0,12
5906.184924,1.0,141.8,141.8,0.0,1651.286918,0.125,0.125,0.0,1.125,12,2,10000.0,933.969974,0.0,8
1061.394006,1.0,0.0,0.0,0.0,320.869981,0.0,0.0,0.0,0.333333,8,0,8500.0,273.383468,0.0,12
8.187263,0.111111,0.0,0.0,0.0,793.848237,0.0,0.0,0.0,0.111111,1,0,1350.0,0.0,0.0,9
126.018616,1.0,1218.24,0.0,1218.24,0.0,1.0,0.0,1.0,0.0,0,18,5000.0,1040.640647,0.272727,12
462.598215,1.0,1319.26,1319.26,0.0,0.0,0.083333,0.083333,0.0,0.0,0,1,3500.0,98.018318,0.0,12
195.575108,1.0,2984.34,2754.92,229.42,0.0,1.0,1.0,0.416667,0.0,0,28,14500.0,1885.940209,1.0,12
4759.70237,1.0,614.01,473.01,141.0,6791.261503,1.0,1.0,0.083333,0.5,8,14,7500.0,7324.826511,0.0,12
1581.742203,1.0,0.0,0.0,0.0,335.348071,0.0,0.0,0.0,0.166667,2,0,1800.0,463.88804,0.0,12
1026.201421,1.0,0.0,0.0,0.0,244.88819,0.0,0.0,0.0,0.166667,2,0,1200.0,440.519737,0.0,12
1585.806548,1.0,0.0,0.0,0.0,274.3843,0.0,0.0,0.0,0.083333,1,0,2000.0,566.302426,0.0,12
645.181409,0.636364,0.0,0.0,0.0,2014.386387,0.0,0.0,0.0,0.166667,2,0,1400.0,2185.891694,0.0,12
237.861439,1.0,569.02,246.89,322.13,1431.673728,0.5,0.083333,0.416667,0.083333,3,6,3200.0,589.35887,0.083333,12
297.004363,1.0,2729.0,1409.0,1320.0,0.0,1.0,0.083333,1.0,0.0,0,14,16500.0,1275.398838,0.25,12
2895.765754,0.909091,2753.35,1960.0,793.35,0.0,0.727273,0.090909,0.636364,0.0,0,8,9000.0,861.251403,0.0,11
14.58126,0.272727,87.3,0.0,87.3,0.0,0.083333,0.0,0.083333,0.0,0,1,8000.0,669.767901,0.75,12
310.795046,0.909091,0.0,0.0,0.0,2810.45573,0.0,0.0,0.0,0.166667,2,0,7500.0,2811.544882,0.1,12
3470.333673,1.0,1184.98,757.95,427.03,6370.145895,0.5,0.333333,0.333333,0.666667,18,14,7000.0,4291.341088,0.0,12
989.022229,1.0,0.0,0.0,0.0,559.200528,0.0,0.0,0.0,0.416667,5,0,1200.0,1071.879544,0.0,12
2048.834742,1.0,3342.9,1907.9,1435.0,436.15809,1.0,0.3,0.9,0.1,5,45,2500.0,1685.441335,0.0,10
3037.476732,0.727273,1225.79,0.0,1225.79,6560.352738,1.0,0.0,1.0,0.25,10,58,5100.0,7799.250959,0.0,12
1072.257388,1.0,0.0,0.0,0.0,39.265903,0.0,0.0,0.0,0.083333,1,0,1200.0,286.46296,0.0,12
5097.916969,1.0,139.67,139.67,0.0,3365.390269,0.5,0.5,0.0,0.25,22,6,6000.0,3313.162847,0.0,12
975.820862,1.0,66.72,0.0,66.72,0.0,0.333333,0.0,0.333333,0.0,0,4,1000.0,254.277454,0.0,12
5827.830678,1.0,577.98,358.02,219.96,2191.528662,1.0,0.083333,1.0,0.333333,7,13,6000.0,1771.36501,0.0,12
7543.580736,1.0,0.0,0.0,0.0,2925.55754,0.0,0.0,0.0,0.083333,9,0,8500.0,1738.415018,0.0,12
87.802127,0.818182,803.95,803.95,0.0,0.0,0.5,0.5,0.0,0.0,0,8,1000.0,1134.379946,0.666667,12
3268.304631,1.0,340.57,250.48,90.09,2671.441618,0.583333,0.083333,0.5,0.333333,10,8,6000.0,1282.359,0.0,12
45.295495,1.0,451.01,0.0,451.01,0.0,1.0,0.0,1.0,0.0,0,78,7500.0,481.372024,0.666667,12
234.183227,1.0,617.3,169.8,447.5,282.667958,0.916667,0.166667,0.75,0.25,4,12,2500.0,1436.234437,0.25,12
36.868847,1.0,360.0,0.0,360.0,0.0,0.5,0.0,0.416667,0.0,0,6,3000.0,286.431721,0.0,12
334.1265,0.818182,0.0,0.0,0.0,1783.362859,0.0,0.0,0.0,0.416667,10,0,1400.0,1811.558237,0.181818,12
193.12654,1.0,1955.98,0.0,1955.98,0.0,1.0,0.0,1.0,0.0,0,53,2500.0,1891.721179,0.666667,12
443.202789,1.0,350.31,0.0,350.31,153.173663,0.25,0.0,0.166667,0.25,3,3,4500.0,398.335288,0.0,12
23.39023,0.636364,291.7,0.0,291.7,0.0,0.583333,0.0,0.583333,0.0,0,7,2500.0,453.889925,0.857143,12
1872.934017,1.0,382.5,310.0,72.5,0.0,0.416667,0.416667,0.083333,0.0,0,7,1950.0,463.938794,0.0,12
2490.787594,1.0,176.65,66.69,109.96,152.712134,1.0,0.25,0.833333,0.083333,1,14,2500.0,857.979134,0.0,12
3212.093869,1.0,2203.68,1776.68,427.0,1076.466158,1.0,1.0,0.75,0.166667,3,25,6000.0,2007.453777,0.0,12
339.406259,1.0,14.28,0.0,14.28,0.0,0.416667,0.0,0.416667,0.0,0,5,10500.0,1263.292815,0.083333,12
11077.99148,1.0,3419.92,3419.92,0.0,7837.414142,0.5,0.5,0.0,0.583333,12,8,12000.0,10934.50273,0.0,12
899.195559,0.909091,921.94,256.1,665.84,5903.784384,0.916667,0.25,0.833333,0.333333,6,20,5000.0,6368.638423,0.090909,12
1154.410108,0.909091,0.0,0.0,0.0,2593.398852,0.0,0.0,0.0,0.083333,1,0,3000.0,2607.110273,0.090909,12
846.223191,0.545455,437.6,437.6,0.0,4638.435613,0.083333,0.083333,0.0,0.333333,7,1,14500.0,1092.822745,0.0,12
597.44365,1.0,0.0,0.0,0.0,36.582227,0.0,0.0,0.0,0.083333,1,0,1500.0,1572.905114,0.181818,12
4413.803457,1.0,0.0,0.0,0.0,2007.044461,0.0,0.0,0.0,0.666667,11,0,5000.0,1305.912583,0.0,12
3586.05105,1.0,141.0,40.0,101.0,1072.395255,0.5,0.083333,0.416667,0.25,3,7,4350.0,3843.798591,0.0,12
1965.755378,1.0,889.66,580.09,309.57,0.0,1.0,0.583333,1.0,0.0,0,34,2500.0,2612.998677,0.0,12
19.897641,0.727273,375.23,0.0,375.23,0.0,0.916667,0.0,0.833333,0.0,0,11,6000.0,390.112154,0.444444,12
2740.10065,1.0,169.19,169.19,0.0,464.040014,0.083333,0.083333,0.0,0.083333,1,2,3200.0,1108.374243,0.0,12
393.700868,1.0,0.0,0.0,0.0,673.644618,0.0,0.0,0.0,0.166667,3,0,1000.0,319.088414,0.0,12
459.134859,1.0,223.34,0.0,223.34,0.0,0.666667,0.0,0.666667,0.0,0,9,500.0,498.401939,0.0,12
4805.164203,1.0,0.0,0.0,0.0,949.587804,0.0,0.0,0.0,0.083333,2,0,8500.0,1260.875219,0.0,12
6668.982024,1.0,0.0,0.0,0.0,2230.439984,0.0,0.0,0.0,0.333333,7,0,7500.0,1752.332514,0.0,12
1238.049848,1.0,45.65,45.65,0.0,2475.656139,0.083333,0.083333,0.0,0.416667,10,1,1500.0,2643.105215,0.083333,12
7801.511533,1.0,231.4,231.4,0.0,4109.465221,0.1,0.1,0.0,1.1,20,3,13500.0,1593.617739,0.0,10
1114.506863,1.0,602.07,0.0,602.07,0.0,1.0,0.0,0.833333,0.0,0,15,1800.0,676.487532,0.0,12
1212.426549,1.0,265.22,265.22,0.0,0.0,0.166667,0.166667,0.0,0.0,0,2,3000.0,332.755679,0.0,12
210.870503,1.0,664.05,664.05,0.0,0.0,0.2,0.2,0.0,0.0,0,5,7500.0,728.19268,0.0,10
6493.033342,1.0,447.5,447.5,0.0,1664.47374,0.416667,0.416667,0.0,0.583333,8,6,8000.0,1907.59974,0.0,12
3106.036183,1.0,2128.56,1036.24,1092.32,2346.894867,0.916667,0.416667,0.75,0.416667,8,27,7200.0,5564.776852,0.0,12
909.560162,1.0,912.1,669.88,242.22,752.060162,0.25,0.25,0.166667,0.416667,11,16,1200.0,1476.333722,0.083333,12
3633.533005,1.0,383.2,383.2,0.0,49.167984,0.083333,0.083333,0.0,0.083333,1,2,11000.0,1061.683135,0.0,12
86.650277,0.727273,910.51,0.0,910.51,0.0,0.583333,0.0,0.5,0.0,0,14,7000.0,884.056926,0.666667,12
86.547135,0.818182,789.45,789.45,0.0,0.0,0.416667,0.416667,0.0,0.0,0,5,2500.0,1370.171713,0.111111,12
144.513072,0.727273,758.5,0.0,758.5,0.0,0.666667,0.0,0.583333,0.0,0,12,3000.0,860.545375,0.142857,12
1182.324933,1.0,0.0,0.0,0.0,258.13761,0.0,0.0,0.0,0.583333,8,0,1200.0,503.164651,0.0,12
32.821775,1.0,644.99,0.0,644.99,0.0,1.0,0.0,1.0,0.0,0,33,4000.0,579.016837,0.3,12
1.365808,0.142857,60.0,60.0,0.0,0.0,0.142857,0.142857,0.0,0.0,0,1,4000.0,0.0,0.0,7
119.604008,1.0,1068.28,0.0,1068.28,0.0,1.0,0.0,0.888889,0.0,0,18,1000.0,828.169919,1.0,9
134.238558,1.0,420.0,287.0,133.0,0.0,0.583333,0.083333,0.416667,0.0,0,7,7500.0,519.436959,0.0,12
128.48978,1.0,462.86,0.0,462.86,0.0,1.0,0.0,1.0,0.0,0,34,3000.0,381.3599,0.0,12
749.168331,0.777778,164.9,164.9,0.0,1806.070919,0.111111,0.111111,0.0,0.666667,10,2,2000.0,190.995312,0.0,9
1544.585361,1.0,0.0,0.0,0.0,549.062884,0.0,0.0,0.0,0.083333,2,0,2000.0,408.068987,0.0,12
172.131105,1.0,1666.95,0.0,1666.95,0.0,1.0,0.0,1.0,0.0,0,38,2500.0,1326.099687,0.916667,12
266.475852,0.272727,0.0,0.0,0.0,1560.735908,0.0,0.0,0.0,0.166667,2,0,1500.0,792.623374,0.0,12
549.915249,1.0,1556.66,912.7,643.96,0.0,1.0,1.0,1.0,0.0,0,41,11000.0,2285.324243,0.0,12
0.0,0.0,1090.69,815.7,274.99,0.0,0.5,0.166667,0.416667,0.0,0,17,1800.0,0.0,0.0,12
8559.236795,1.0,170.0,170.0,0.0,3260.296078,0.083333,0.083333,0.0,0.25,11,1,9000.0,1541.113331,0.0,12
6810.401782,1.0,635.76,164.32,471.44,3863.40531,0.916667,0.083333,0.916667,0.25,13,17,10000.0,3161.148768,0.0,12
2917.656276,1.0,141.81,141.81,0.0,2431.292076,0.166667,0.166667,0.0,0.583333,10,2,8000.0,993.289914,0.0,12
542.807485,1.0,220.62,220.62,0.0,0.0,0.166667,0.166667,0.0,0.0,0,3,2000.0,608.782428,0.0,12
2362.643772,1.0,2826.99,1496.59,1330.4,0.0,1.0,0.75,1.0,0.0,0,97,3000.0,1748.687628,0.0,12
4164.796859,1.0,784.63,617.54,167.09,0.0,0.454545,0.454545,0.181818,0.0,0,16,9000.0,1072.433416,0.0,11
1304.460033,1.0,0.0,0.0,0.0,78.763096,0.0,0.0,0.0,0.166667,2,0,1500.0,395.136073,0.0,12
1601.692049,1.0,61.46,0.0,61.46,0.0,0.25,0.0,0.25,0.0,0,6,4000.0,399.369214,0.0,12
4556.537803,0.909091,1450.0,1450.0,0.0,2260.73569,0.090909,0.090909,0.0,0.181818,2,1,9000.0,1010.845518,0.0,11
751.398349,1.0,1977.5,747.5,1230.0,611.974158,0.833333,0.5,0.5,0.083333,1,21,3500.0,1068.053378,0.1,12
1510.111755,1.0,1895.25,541.57,1353.68,0.0,1.0,0.166667,0.75,0.0,0,23,9000.0,1711.89518,0.0,12
3490.855736,1.0,1039.48,1039.48,0.0,4200.991254,0.083333,0.083333,0.0,0.25,10,3,9000.0,1091.424125,0.0,12
6384.360491,1.0,1856.84,1394.21,462.63,2144.180453,0.333333,0.333333,0.166667,0.75,26,19,7500.0,2275.686606,0.0,12
1327.653853,1.0,20.9,20.9,0.0,0.0,0.083333,0.083333,0.0,0.0,0,1,1500.0,287.690115,0.0,12
9226.646604,1.0,671.31,671.31,0.0,6171.934509,0.5,0.5,0.0,0.5,12,12,12000.0,2726.318749,0.0,12
3441.516174,1.0,358.68,0.0,358.68,0.0,1.0,0.0,0.916667,0.0,0,12,7500.0,1376.000823,0.0,12
1117.34082,1.0,474.96,0.0,474.96,0.0,1.0,0.0,1.0,0.0,0,12,1000.0,609.837201,0.0,12
1828.62196,1.0,0.0,0.0,0.0,689.185829,0.0,0.0,0.0,0.083333,1,0,2300.0,2466.964742,0.0,12
3011.469977,1.0,582.28,0.0,582.28,3325.302419,1.0,0.0,1.0,0.333333,8,14,6500.0,2975.129814,0.0,12
99.680638,0.818182,0.0,0.0,0.0,437.399211,0.0,0.0,0.0,0.333333,5,0,10500.0,661.87877,0.333333,12
1517.559661,1.0,0.0,0.0,0.0,456.396077,0.0,0.0,0.0,0.166667,2,0,1950.0,473.175712,0.0,12
101.025128,0.454545,0.0,0.0,0.0,1846.252071,0.0,0.0,0.0,0.333333,10,0,6500.0,5321.022187,1.0,12
12.737355,0.909091,152.73,0.0,152.73,0.0,0.75,0.0,0.666667,0.0,0,9,1200.0,159.150457,0.555556,12
1135.816377,1.0,520.24,520.24,0.0,0.0,0.583333,0.583333,0.0,0.0,0,10,1200.0,706.605439,0.0,12
24.1725,0.727273,270.0,0.0,270.0,0.0,0.818182,0.0,0.818182,0.0,0,6,8500.0,378.193141,0.714286,11
763.696095,1.0,1229.42,1229.42,0.0,0.0,1.0,1.0,0.0,0.0,0,34,7000.0,2422.735455,0.0,12
8073.909084,1.0,0.0,0.0,0.0,3860.699586,0.0,0.0,0.0,0.916667,25,0,8500.0,2414.311297,0.0,12
745.157677,1.0,485.17,485.17,0.0,0.0,0.166667,0.166667,0.0,0.0,0,2,3000.0,191.111587,0.0,12
32.915398,0.727273,192.99,68.6,124.39,0.0,0.333333,0.083333,0.25,0.0,0,5,6000.0,153.983501,0.090909,12
8198.627284,1.0,0.0,0.0,0.0,2909.753084,0.0,0.0,0.0,0.416667,6,0,14000.0,2141.722429,0.0,12
623.955961,0.818182,0.0,0.0,0.0,2119.702403,0.0,0.0,0.0,0.166667,3,0,1200.0,1838.851003,0.25,12
2123.483416,1.0,2453.18,2051.52,401.66,0.0,0.583333,0.5,0.5,0.0,0,33,7500.0,517.974559,0.0,12
939.348677,1.0,50.0,50.0,0.0,0.0,0.083333,0.083333,0.0,0.0,0,1,1000.0,315.440785,0.0,12
1372.486104,1.0,3005.25,1507.99,1497.26,315.120089,1.0,0.833333,1.0,0.166667,2,61,3000.0,3462.386054,0.0,12
123.05867,1.0,151.92,0.0,151.92,0.0,1.0,0.0,1.0,0.0,0,12,3500.0,447.181346,0.083333,12
72.794263,1.0,227.64,0.0,227.64,0.0,1.0,0.0,1.0,0.0,0,12,2500.0,159.044676,0.0,12
2376.965338,1.0,0.0,0.0,0.0,1321.906162,0.0,0.0,0.0,0.333333,4,0,3000.0,549.457948,0.0,12
57.257195,0.818182,472.5,472.5,0.0,0.0,0.75,0.75,0.0,0.0,0,9,7227.272727,598.240579,0.9,12
7499.658084,1.0,160.0,160.0,0.0,3603.787202,0.166667,0.166667,0.0,0.166667,3,2,13550.0,1962.972636,0.0,12
1564.3964,0.727273,1330.0,0.0,1330.0,1906.43522,0.416667,0.0,0.416667,0.083333,1,6,8000.0,1078.907798,0.142857,12
4644.779013,1.0,4820.68,4063.61,757.07,0.0,0.833333,0.75,0.5,0.0,0,54,9200.0,1076.138168,0.0,12
7418.314012,1.0,901.62,858.82,42.8,0.0,0.333333,0.166667,0.166667,0.0,0,4,14500.0,2273.945099,0.0,12
6001.428376,1.0,0.0,0.0,0.0,2404.829712,0.0,0.0,0.0,0.166667,2,0,9000.0,1369.894805,0.0,12
1127.139413,1.0,185.0,140.0,45.0,737.622804,0.166667,0.166667,0.166667,0.166667,2,4,6100.0,2166.388477,0.0,12
41.217844,0.363636,221.48,221.48,0.0,0.0,0.25,0.25,0.0,0.0,0,4,13500.0,1242.51149,0.666667,12
1565.577135,1.0,0.0,0.0,0.0,2676.476175,0.0,0.0,0.0,0.333333,6,0,3000.0,3418.679368,0.090909,12
5459.785308,1.0,262.0,0.0,262.0,4212.521736,0.75,0.0,0.75,0.75,19,9,7000.0,1733.828367,0.0,12
166.295463,0.909091,449.26,449.26,0.0,7894.578816,1.0,1.0,0.0,0.083333,1,12,9000.0,662.951526,0.181818,12
19.294559,1.0,283.8,0.0,283.8,0.0,0.666667,0.0,0.666667,0.0,0,12,2000.0,267.972404,0.75,12
2478.086158,0.727273,531.48,0.0,531.48,6394.923585,0.333333,0.0,0.25,0.083333,1,7,7000.0,11480.8742,0.25,12
5425.936219,1.0,209.9,0.0,209.9,8223.638112,0.5,0.0,0.416667,0.5,15,6,7000.0,7723.416753,0.083333,12
5239.381493,0.625,0.0,0.0,0.0,9798.167329,0.0,0.0,0.0,0.125,1,0,10000.0,1345.580941,0.0,8
142.278809,0.909091,164.68,32.74,131.94,0.0,0.833333,0.083333,0.666667,0.0,0,10,2500.0,539.762925,0.0,12
4192.143919,1.0,450.0,450.0,0.0,2480.749691,0.083333,0.083333,0.0,0.166667,4,1,4500.0,1271.396821,0.0,12
2711.995096,1.0,600.0,600.0,0.0,5352.991545,0.833333,0.833333,0.0,0.583333,8,10,5000.0,1536.48483,0.1,12
432.793131,1.0,540.13,315.3,224.83,0.0,0.666667,0.166667,0.5,0.0,0,13,6500.0,737.522982,0.0,12
127.808682,1.0,2802.08,2213.43,588.65,0.0,1.0,1.0,0.583333,0.0,0,36,6500.0,2384.646953,0.363636,12
374.276019,1.0,3589.05,3138.48,450.57,0.0,1.0,0.833333,0.5,0.0,0,31,6000.0,3493.186695,0.636364,12
20.758677,0.818182,548.01,0.0,548.01,0.0,0.666667,0.0,0.583333,0.0,0,8,1900.0,1049.636065,0.0,12
2061.835735,1.0,0.0,0.0,0.0,4320.771337,0.0,0.0,0.0,0.5,12,0,4000.0,5451.599084,0.2,12
1744.956833,1.0,0.0,0.0,0.0,198.295367,0.0,0.0,0.0,0.25,5,0,1800.0,525.461839,0.0,12
2241.092286,0.909091,1260.0,0.0,1260.0,2992.621714,0.333333,0.0,0.25,0.166667,2,4,6000.0,4582.168916,0.111111,12
2857.598022,0.636364,0.0,0.0,0.0,5423.546535,0.0,0.0,0.0,0.166667,3,0,6000.0,10794.66803,0.166667,12
1530.725391,1.0,0.0,0.0,0.0,59.670168,0.0,0.0,0.0,0.083333,1,0,1600.0,347.028845,0.0,12
337.478135,1.0,0.0,0.0,0.0,1620.674351,0.0,0.0,0.0,0.416667,9,0,3000.0,978.290582,0.0,12
5145.092629,1.0,1975.72,679.3,1296.42,11834.20581,0.833333,0.333333,0.833333,0.333333,8,33,13500.0,9059.242461,0.0,12
4659.388091,1.0,1754.19,764.16,990.03,1248.153277,1.0,0.5,1.0,0.333333,10,32,9500.0,1042.244606,0.0,12
2416.555714,1.0,2266.01,1291.62,974.39,0.0,0.916667,0.75,0.666667,0.0,0,46,4000.0,4075.880525,0.0,12
1467.212481,0.636364,107.0,107.0,0.0,5203.612362,0.083333,0.083333,0.0,0.166667,6,1,6000.0,268.310194,0.0,12
1555.053764,1.0,168.0,0.0,168.0,0.0,0.333333,0.0,0.25,0.0,0,6,1500.0,192.947097,0.0,12
127.062095,0.818182,453.3,330.8,122.5,0.0,0.583333,0.416667,0.166667,0.0,0,9,7000.0,593.965783,0.166667,12
259.623619,1.0,377.79,290.29,87.5,0.0,0.666667,0.25,0.583333,0.0,0,10,1500.0,1575.021839,0.0,12
28.445432,0.545455,166.2,166.2,0.0,0.0,0.25,0.25,0.0,0.0,0,3,5500.0,236.022703,0.181818,12
0.01968,0.090909,188.02,0.0,188.02,0.0,0.5,0.0,0.5,0.0,0,6,7500.0,129.791835,0.0,12
1258.769693,1.0,142.0,42.0,100.0,0.0,0.166667,0.083333,0.083333,0.0,0,2,1200.0,300.672826,0.0,12
2865.386926,1.0,0.0,0.0,0.0,965.180677,0.0,0.0,0.0,0.416667,7,0,6500.0,1186.905688,0.0,12
276.446975,1.0,1429.39,100.0,1329.39,0.0,1.0,0.083333,1.0,0.0,0,21,2800.0,1296.041874,0.1,12
2878.528369,1.0,0.0,0.0,0.0,1563.518213,0.0,0.0,0.0,0.25,4,0,3000.0,653.306123,0.0,12
499.409588,1.0,6636.91,6157.74,479.17,109.211535,1.0,0.583333,1.0,0.083333,1,44,8000.0,4290.962037,0.8,12
2489.057383,1.0,0.0,0.0,0.0,1668.403386,0.0,0.0,0.0,0.166667,2,0,3000.0,1209.422549,0.0,12
44.463463,0.545455,154.86,0.0,154.86,0.0,0.416667,0.0,0.416667,0.0,0,5,2500.0,182.661133,0.0,12
201.463946,1.0,2364.85,2364.85,0.0,0.0,1.0,1.0,0.0,0.0,0,13,5000.0,1883.762278,0.444444,12
2508.850418,1.0,0.0,0.0,0.0,58.981572,0.0,0.0,0.0,0.166667,1,0,6000.0,454.176213,0.0,6
35.942931,0.818182,425.67,257.72,167.95,0.0,0.333333,0.083333,0.166667,0.0,0,4,6500.0,439.687694,0.0,12
440.186713,1.0,985.2,531.0,454.2,1055.502083,0.916667,0.25,0.916667,0.333333,12,19,6000.0,1670.869438,0.083333,12
783.550476,0.777778,175.8,175.8,0.0,2052.878473,0.444444,0.444444,0.0,0.444444,6,5,2500.0,1647.886436,0.0,9
511.569448,0.727273,2938.32,1685.35,1252.97,0.0,0.666667,0.5,0.583333,0.0,0,69,7500.0,832.586508,0.166667,12
5901.592192,1.0,1704.95,1141.55,563.4,0.0,0.583333,0.25,0.333333,0.0,0,9,8000.0,1886.692272,0.0,12
210.618047,1.0,290.0,0.0,290.0,0.0,0.833333,0.0,0.833333,0.0,0,10,2700.0,239.005926,0.0,12
168.473316,0.454545,0.0,0.0,0.0,866.594079,0.0,0.0,0.0,0.25,4,0,1200.0,653.510107,0.0,12
1136.796512,1.0,869.38,391.86,477.52,0.0,1.0,1.0,0.5,0.0,0,23,7000.0,1785.242525,0.0,12
738.956988,1.0,0.0,0.0,0.0,1561.133958,0.0,0.0,0.0,0.333333,6,0,1500.0,1979.193103,0.1,12
858.180885,0.909091,3034.74,2214.86,819.88,418.127352,1.0,0.833333,1.0,0.166667,2,42,6500.0,5159.89613,0.181818,12
2065.035103,1.0,1462.6,1262.6,200.0,0.0,0.583333,0.333333,0.416667,0.0,0,17,3500.0,3587.267621,0.083333,12
16.052971,0.545455,127.0,127.0,0.0,0.0,0.166667,0.166667,0.0,0.0,0,2,4500.0,190.19504,0.0,12
2263.795064,0.875,320.0,320.0,0.0,4510.237702,0.5,0.5,0.0,0.875,15,5,10000.0,5215.482973,0.0,8
1527.905897,1.0,0.0,0.0,0.0,2918.216386,0.0,0.0,0.0,0.333333,4,0,6500.0,337.499565,0.0,12
5266.121863,1.0,9030.08,6345.65,2684.43,0.0,0.916667,0.25,0.833333,0.0,0,28,6000.0,7973.983573,0.083333,12
6804.186841,1.0,640.03,227.6,412.43,1898.318709,0.416667,0.416667,0.416667,0.166667,4,20,7100.0,1891.669441,0.0,12
2836.605817,1.0,0.0,0.0,0.0,2025.02275,0.0,0.0,0.0,0.25,8,0,3000.0,508.048005,0.0,12
21.328087,0.545455,512.35,0.0,512.35,0.0,1.0,0.0,1.0,0.0,0,18,2000.0,716.296679,0.545455,12
259.15982,1.0,1971.9,1580.98,390.92,19.395458,0.833333,0.5,0.5,0.083333,1,20,1800.0,2170.921218,0.166667,12
414.196362,0.909091,794.53,794.53,0.0,0.0,0.090909,0.090909,0.0,0.0,0,9,2000.0,814.33642,0.1,11
141.781912,0.545455,1401.4,0.0,1401.4,0.0,1.0,0.0,1.0,0.0,0,47,1500.0,2759.94906,0.0,12
30.530541,0.363636,360.1,192.0,168.1,0.0,0.333333,0.083333,0.25,0.0,0,6,1500.0,872.540799,1.0,12
1198.763306,1.0,0.0,0.0,0.0,57.645727,0.0,0.0,0.0,0.083333,2,0,1200.0,128.39674,0.0,12
6187.219303,1.0,2029.03,1044.28,984.75,5933.125159,0.916667,0.416667,0.75,0.5,13,20,15000.0,8518.845677,0.0,12
45.625764,0.545455,0.0,0.0,0.0,385.950518,0.0,0.0,0.0,0.25,3,0,10000.0,256.794478,0.1,12
358.011796,0.545455,0.0,0.0,0.0,1795.200197,0.0,0.0,0.0,0.083333,1,0,1950.0,4702.661168,0.25,12
810.52348,0.727273,985.33,856.09,129.24,0.0,0.416667,0.166667,0.166667,0.0,0,10,5500.0,5964.049531,0.090909,12
2910.425009,1.0,0.0,0.0,0.0,2121.504999,0.0,0.0,0.0,0.333333,6,0,7500.0,3855.512387,0.0,12
6784.258276,1.0,12.64,0.0,12.64,4516.162598,0.083333,0.0,0.083333,0.416667,13,1,10000.0,10813.82933,0.083333,12
229.295689,1.0,2099.89,2099.89,0.0,0.0,1.0,1.0,0.0,0.0,0,14,3000.0,2470.255953,0.0,12
1465.716156,1.0,555.71,113.45,442.26,1304.049707,1.0,0.166667,0.916667,0.25,4,16,1800.0,566.364739,0.0,12
2315.997841,1.0,3643.93,2971.8,672.13,780.459161,0.916667,0.583333,0.833333,0.083333,1,36,7500.0,1256.695062,0.0,12
4202.1695,1.0,462.0,462.0,0.0,4776.10477,0.166667,0.166667,0.0,0.416667,10,2,8000.0,1010.799168,0.0,12
2085.013555,1.0,198.27,198.27,0.0,0.0,0.166667,0.166667,0.0,0.0,0,2,8000.0,748.549629,0.0,12
51.794504,1.0,800.11,50.59,749.52,92.971171,1.0,0.166667,1.0,0.083333,1,14,4000.0,877.523458,0.916667,12
13.363762,0.428571,238.9,0.0,238.9,0.0,0.857143,0.0,0.714286,0.0,0,9,1000.0,197.86349,1.0,7
1141.349418,1.0,6003.86,3474.35,2529.51,0.0,1.0,0.916667,1.0,0.0,0,110,2500.0,6848.237541,0.083333,12
766.261051,1.0,1462.73,1100.23,362.5,0.0,0.666667,0.5,0.416667,0.0,0,26,6000.0,202.561336,0.0,12
155.566852,1.0,1303.78,207.09,1096.69,0.0,0.916667,0.25,0.916667,0.0,0,24,10000.0,1392.740366,0.083333,12
1168.692032,1.0,0.0,0.0,0.0,1027.967584,0.0,0.0,0.0,0.333333,4,0,5000.0,588.925093,0.0,12
78.027358,0.454545,377.07,377.07,0.0,367.672276,0.25,0.25,0.0,0.083333,2,8,1500.0,1547.271973,0.25,12
6671.450524,1.0,369.52,369.52,0.0,2578.596448,0.583333,0.583333,0.0,0.25,7,7,7500.0,1303.259619,0.0,12
3057.553683,1.0,0.0,0.0,0.0,2037.648071,0.0,0.0,0.0,0.25,3,0,12500.0,7265.976143,0.0,12
343.003474,1.0,3429.49,2789.85,639.64,0.0,1.0,1.0,0.666667,0.0,0,40,10500.0,2700.228732,0.416667,12
4360.245187,1.0,703.23,703.23,0.0,0.0,1.0,1.0,0.0,0.0,0,12,4500.0,1372.421202,0.0,12
2900.668727,1.0,3056.73,260.68,2796.05,0.0,1.0,0.25,1.0,0.0,0,54,10000.0,5402.934943,0.0,12
3569.826878,1.0,3056.06,1994.34,1061.72,0.0,1.0,1.0,0.833333,0.0,0,50,8500.0,2333.314296,0.0,12
3412.603461,1.0,3790.29,1516.3,2273.99,1384.954139,1.0,0.75,1.0,0.333333,4,110,9500.0,3362.90923,0.0,12
1519.396916,1.0,0.0,0.0,0.0,1825.201472,0.0,0.0,0.0,0.333333,11,0,2000.0,412.126381,0.0,12
1388.825312,1.0,974.42,901.92,72.5,1563.646228,1.0,1.0,0.4,0.6,25,33,1500.0,1071.874614,0.0,10
12.313357,0.636364,107.41,0.0,107.41,0.0,0.5,0.0,0.416667,0.0,0,6,2500.0,128.572704,0.555556,12
300.140362,1.0,2366.36,555.0,1811.36,0.0,1.0,0.166667,1.0,0.0,0,23,4000.0,2324.527168,0.666667,12
267.88449,0.454545,129.0,129.0,0.0,2496.787814,0.083333,0.083333,0.0,0.25,3,1,12000.0,1974.293695,0.090909,12
179.882212,1.0,828.0,0.0,828.0,0.0,1.0,0.0,1.0,0.0,0,12,1000.0,649.951462,0.3,12
49.901311,0.727273,790.65,538.01,252.64,0.0,0.75,0.333333,0.583333,0.0,0,17,4000.0,680.166806,0.181818,12
468.138723,0.545455,0.0,0.0,0.0,1478.624512,0.0,0.0,0.0,0.083333,1,0,1500.0,3198.435463,0.25,12
1197.052656,1.0,298.51,97.5,201.01,1362.13765,0.636364,0.090909,0.454545,0.090909,2,8,1700.0,2048.896136,0.111111,11
2632.469367,1.0,0.0,0.0,0.0,535.955512,0.0,0.0,0.0,0.25,4,0,3000.0,737.932369,0.0,12
24.479088,1.0,90.0,0.0,90.0,0.0,0.5,0.0,0.5,0.0,0,6,2500.0,128.865057,0.0,12
1391.33075,1.0,530.5,530.5,0.0,0.0,0.25,0.25,0.0,0.0,0,3,1600.0,573.866182,0.0,12
2748.868773,1.0,598.5,598.5,0.0,0.0,0.333333,0.333333,0.0,0.0,0,34,2000.0,518.300462,0.0,12
1525.273429,1.0,133.4,0.0,133.4,0.0,0.333333,0.0,0.333333,0.0,0,4,1500.0,568.44997,0.0,12
149.345328,1.0,1424.4,1330.91,93.49,0.0,1.0,1.0,0.083333,0.0,0,17,5000.0,1214.676732,0.75,12
1364.390161,1.0,786.0,646.0,140.0,0.0,0.5,0.166667,0.416667,0.0,0,10,5000.0,599.435586,0.0,12
2274.992396,1.0,1794.82,1618.72,176.1,2373.651556,1.0,1.0,0.416667,0.416667,5,30,7000.0,722.123971,0.0,12
2611.487156,1.0,0.0,0.0,0.0,2527.237714,0.0,0.0,0.0,0.583333,16,0,6500.0,1155.285734,0.0,12
11930.78446,1.0,37.03,0.0,37.03,5171.710442,0.25,0.0,0.25,0.5,14,3,14000.0,3042.925661,0.0,12
95.843629,0.818182,1210.95,201.99,1008.96,0.0,0.75,0.25,0.666667,0.0,0,21,8000.0,1110.838265,0.727273,12
2518.248504,1.0,1086.17,1013.17,73.0,487.263992,0.75,0.583333,0.25,0.25,7,17,3000.0,708.689089,0.0,12
6380.474771,1.0,4381.33,2080.87,2300.46,0.0,0.666667,0.416667,0.5,0.0,0,45,11500.0,1297.408037,0.0,12
937.052256,1.0,2003.98,455.62,1548.36,0.0,1.0,0.166667,1.0,0.0,0,49,1200.0,1033.879447,0.0,12
1693.287862,1.0,90.0,90.0,0.0,432.820851,0.083333,0.083333,0.0,0.25,3,1,1800.0,350.714526,0.0,12
111.902733,1.0,1554.86,1499.12,55.74,0.0,0.833333,0.833333,0.083333,0.0,0,25,4000.0,1411.67445,0.272727,12
13.925681,0.272727,462.78,422.78,40.0,0.0,0.25,0.25,0.083333,0.0,0,17,2000.0,1047.090159,1.0,12
3003.711667,1.0,349.45,0.0,349.45,0.0,0.636364,0.0,0.636364,0.0,0,7,2750.0,195.830629,0.0,11
13.75098,0.181818,214.38,214.38,0.0,0.0,0.083333,0.083333,0.0,0.0,0,1,1500.0,1458.242991,0.0,12
176.478557,0.545455,600.0,600.0,0.0,0.0,0.083333,0.083333,0.0,0.0,0,1,1500.0,690.478077,0.0,12
2124.720599,1.0,1006.01,686.01,320.0,0.0,0.25,0.166667,0.166667,0.0,0,10,5000.0,583.205075,0.0,12
6043.926807,1.0,0.0,0.0,0.0,538.044813,0.0,0.0,0.0,0.583333,17,0,6500.0,1454.548208,0.0,12
801.513783,1.0,1697.02,1217.02,480.0,0.0,1.0,1.0,1.0,0.0,0,40,5500.0,959.353093,0.0,12
2791.652315,1.0,0.0,0.0,0.0,229.417213,0.0,0.0,0.0,0.272727,3,0,3000.0,548.068694,0.0,11
1452.868602,1.0,93.34,0.0,93.34,0.0,0.333333,0.0,0.333333,0.0,0,4,1500.0,361.630594,0.0,12
5311.500998,1.0,2339.79,2339.79,0.0,5930.115233,1.0,1.0,0.0,0.25,8,12,6500.0,6865.05666,0.0,12
58.142915,0.4,0.0,0.0,0.0,151.730077,0.0,0.0,0.0,0.1,1,0,1200.0,79.965023,0.0,10
1738.454303,1.0,0.0,0.0,0.0,187.666429,0.0,0.0,0.0,0.25,3,0,7000.0,500.128525,0.0,12
115.376754,1.0,448.15,448.15,0.0,0.0,1.0,1.0,0.0,0.0,0,13,9000.0,423.564594,0.0,12
1615.436077,1.0,2610.29,2406.97,203.32,884.570862,0.916667,0.666667,0.333333,0.25,3,39,3600.0,689.414058,0.0,12
111.789941,1.0,1157.94,943.94,214.0,0.0,1.0,1.0,0.583333,0.0,0,22,7000.0,1209.840603,0.916667,12
11.4334,0.090909,250.0,250.0,0.0,0.0,0.083333,0.083333,0.0,0.0,0,1,1800.0,1445.844749,0.0,12
169.019496,1.0,4769.98,1164.35,3605.63,0.0,1.0,0.583333,1.0,0.0,0,56,4500.0,3998.399141,1.0,12
1016.583226,1.0,120.0,0.0,120.0,0.0,0.5,0.0,0.5,0.0,0,9,1000.0,358.031022,0.0,12
111.729154,0.454545,824.1,824.1,0.0,344.286557,0.166667,0.166667,0.0,0.083333,2,9,6500.0,2961.848966,1.0,12
2486.194077,1.0,2869.17,1761.23,1107.94,0.0,0.833333,0.5,0.666667,0.0,0,41,5500.0,718.693733,0.0,12
2728.076143,1.0,155.32,0.0,155.32,713.751955,0.333333,0.0,0.25,0.166667,2,4,4500.0,630.56085,0.0,12
467.220993,1.0,1110.17,640.17,470.0,814.088229,0.416667,0.083333,0.333333,0.25,3,6,4000.0,2514.118359,0.25,12
165.192464,1.0,206.32,0.0,206.32,0.0,0.833333,0.0,0.833333,0.0,0,10,3000.0,271.234786,0.0,12
2414.43578,1.0,689.4,689.4,0.0,1156.608975,1.0,1.0,0.0,0.25,3,12,8500.0,1582.886402,0.0,12
2432.276042,1.0,7156.11,5921.26,1234.85,1543.726862,0.833333,0.833333,0.666667,0.166667,3,198,9500.0,1914.832296,0.083333,12
1485.081634,1.0,48.22,48.22,0.0,106.224702,0.083333,0.083333,0.0,0.083333,1,1,1700.0,338.531014,0.0,12
1723.637852,1.0,660.61,437.08,223.53,144.154129,0.75,0.416667,0.583333,0.083333,1,16,2000.0,396.20761,0.0,12
1738.802811,1.0,395.0,395.0,0.0,0.0,0.166667,0.166667,0.0,0.0,0,2,6000.0,566.494736,0.0,12
1912.691045,0.666667,0.0,0.0,0.0,9553.955906,0.0,0.0,0.0,0.166667,1,0,10000.0,19998.38969,0.5,6
302.142293,1.0,3612.24,3340.05,272.19,0.0,1.0,1.0,0.083333,0.0,0,35,10500.0,2866.24778,1.0,12
185.725079,0.818182,456.05,0.0,456.05,0.0,0.416667,0.0,0.333333,0.0,0,8,3000.0,446.660021,0.0,12
2269.800656,0.714286,0.0,0.0,0.0,3359.844146,0.0,0.0,0.0,0.142857,3,0,3500.0,403.640958,0.0,7
750.070967,1.0,311.2,311.2,0.0,0.0,0.166667,0.166667,0.0,0.0,0,4,1000.0,544.179931,0.0,12
2287.854278,0.909091,0.0,0.0,0.0,1176.120124,0.0,0.0,0.0,0.166667,7,0,6000.0,3532.758968,0.0,12
7.817753,0.272727,170.02,0.0,170.02,0.0,0.5,0.0,0.5,0.0,0,6,2000.0,373.02841,0.5,12
877.603886,1.0,7786.4,215.0,7571.4,0.0,1.0,0.083333,1.0,0.0,0,68,6500.0,7328.487542,0.916667,12
11642.60156,1.0,15108.47,2370.0,12738.47,0.0,1.0,0.5,1.0,0.0,0,298,12000.0,16005.45204,0.0,12
2893.135916,1.0,0.0,0.0,0.0,1188.127404,0.0,0.0,0.0,0.166667,4,0,4000.0,877.652143,0.0,12
1589.083369,1.0,0.0,0.0,0.0,1527.089071,0.0,0.0,0.0,0.428571,4,0,2000.0,287.350882,0.0,7
2540.711001,1.0,844.38,844.38,0.0,197.620055,0.5,0.5,0.0,0.083333,1,11,7000.0,576.312714,0.0,12
1023.124791,1.0,1537.93,1093.67,444.26,247.04197,0.75,0.583333,0.583333,0.083333,1,25,9000.0,1070.149971,0.0,12
3937.87556,1.0,0.0,0.0,0.0,1767.100074,0.0,0.0,0.0,0.25,3,0,12000.0,2108.79056,0.0,12
1079.008102,1.0,0.0,0.0,0.0,1259.571764,0.0,0.0,0.0,0.545455,9,0,1200.0,1379.635287,0.090909,11
2545.614986,1.0,0.0,0.0,0.0,1353.803704,0.0,0.0,0.0,0.333333,8,0,3000.0,716.417015,0.0,12
1659.414215,1.0,324.0,324.0,0.0,2039.735576,0.166667,0.166667,0.0,0.25,7,3,4000.0,510.211233,0.0,12
4484.839808,1.0,591.3,0.0,591.3,1402.722044,0.75,0.0,0.75,0.083333,1,23,6500.0,1476.731171,0.0,12
335.360271,1.0,3237.47,3237.47,0.0,0.0,0.75,0.75,0.0,0.0,0,19,2000.0,3137.11501,0.571429,12
8214.860286,1.0,5213.41,2396.6,2816.81,0.0,1.0,0.833333,0.916667,0.0,0,79,15000.0,2137.637765,0.0,12
745.72702,0.727273,137.7,35.0,102.7,0.0,0.166667,0.083333,0.166667,0.0,0,3,2000.0,2443.972329,0.0,12
302.091029,0.818182,0.0,0.0,0.0,3688.086261,0.0,0.0,0.0,0.166667,8,0,2000.0,4032.526313,0.1,12
438.550144,1.0,3647.61,3403.79,243.82,0.0,1.0,1.0,0.916667,0.0,0,65,7500.0,3130.109064,0.25,12
646.745968,0.818182,0.0,0.0,0.0,889.412824,0.0,0.0,0.0,0.333333,6,0,1350.0,789.132988,0.0,12
9266.08054,1.0,100.0,0.0,100.0,4383.296268,0.333333,0.0,0.25,0.166667,3,4,17500.0,2444.123547,0.0,12
2735.480264,0.636364,100.0,0.0,100.0,6964.780053,0.333333,0.0,0.25,0.5,11,4,9000.0,1129.128267,0.0,12
160.530303,0.363636,299.38,299.38,0.0,836.768709,0.166667,0.166667,0.0,0.083333,4,5,1200.0,41.244164,0.0,12
2.386716,0.454545,115.0,0.0,115.0,0.0,1.0,0.0,0.916667,0.0,0,12,8500.0,99.456136,0.0,12
199.753857,1.0,1569.23,940.51,628.72,0.0,1.0,0.666667,0.833333,0.0,0,42,7500.0,1480.652512,0.916667,12
1647.990537,1.0,127.46,127.46,0.0,0.0,0.083333,0.083333,0.0,0.0,0,2,3500.0,414.257207,0.0,12
1362.551313,1.0,0.0,0.0,0.0,73.99384,0.0,0.0,0.0,0.090909,1,0,1500.0,312.512407,0.0,11
2221.252825,0.545455,0.0,0.0,0.0,6448.247202,0.0,0.0,0.0,0.333333,12,0,7000.0,397.799248,0.0,12
101.138672,1.0,1411.82,546.02,865.8,0.0,1.0,1.0,0.833333,0.0,0,42,3500.0,1357.403057,0.75,12
19.411374,1.0,229.92,0.0,229.92,0.0,1.0,0.0,1.0,0.0,0,12,2000.0,254.145406,0.5,12
189.11961,1.0,429.88,0.0,429.88,0.0,1.0,0.0,1.0,0.0,0,19,10000.0,723.776734,0.0,12
67.86054,0.363636,295.64,189.0,106.64,0.0,0.666667,0.083333,0.666667,0.0,0,9,3000.0,374.782336,0.0,12
1338.317684,0.909091,0.0,0.0,0.0,1961.77281,0.0,0.0,0.0,0.083333,1,0,2000.0,2313.97005,0.111111,12
5099.850196,1.0,805.45,695.9,109.55,587.441992,0.833333,0.416667,0.666667,0.25,4,22,5000.0,1922.297415,0.0,12
68.222735,0.909091,537.68,0.0,537.68,0.0,0.916667,0.0,0.916667,0.0,0,22,3000.0,577.379225,0.454545,12
4028.756012,1.0,361.07,104.38,256.69,0.0,1.0,0.166667,1.0,0.0,0,18,4300.0,1279.931508,0.0,12
9.730297,0.636364,99.24,0.0,99.24,0.0,0.583333,0.0,0.583333,0.0,0,8,1000.0,195.347822,0.142857,12
224.915345,0.545455,2330.0,0.0,2330.0,0.0,0.5,0.0,0.416667,0.0,0,6,7500.0,3795.415177,1.0,12
1378.911019,1.0,0.0,0.0,0.0,454.311051,0.0,0.0,0.0,0.416667,5,0,1500.0,782.706659,0.0,12
2017.948347,1.0,1137.55,1137.55,0.0,145.93864,0.333333,0.333333,0.0,0.166667,2,14,2500.0,2416.247973,0.0,12
409.194212,0.545455,1213.23,1213.23,0.0,1751.419465,0.25,0.25,0.0,0.416667,8,9,6000.0,5997.800728,0.0,12
3130.53708,1.0,428.16,428.16,0.0,688.362421,0.333333,0.333333,0.0,0.25,3,7,4300.0,734.931543,0.0,12
1143.409012,1.0,0.0,0.0,0.0,47.241537,0.0,0.0,0.0,0.083333,1,0,1200.0,283.066151,0.0,12
4215.771256,1.0,0.0,0.0,0.0,7870.352952,0.0,0.0,0.0,0.416667,16,0,7500.0,5197.380969,0.083333,12
54.952957,0.636364,470.12,0.0,470.12,0.0,0.333333,0.0,0.333333,0.0,0,4,10000.0,1042.208975,0.666667,12
1539.46423,1.0,629.78,423.89,205.89,0.0,0.333333,0.083333,0.166667,0.0,0,6,2000.0,559.336578,0.0,12
2589.500085,1.0,0.0,0.0,0.0,2529.709392,0.0,0.0,0.0,0.166667,4,0,5000.0,1647.938923,0.0,12
798.070226,1.0,660.02,530.19,129.83,189.780271,0.333333,0.333333,0.25,0.083333,2,16,2050.0,1238.467693,0.0,12
6877.333016,1.0,0.0,0.0,0.0,3801.1506,0.0,0.0,0.0,0.25,3,0,9000.0,1370.858877,0.0,12
234.544023,1.0,2453.46,408.97,2044.49,0.0,1.0,0.333333,1.0,0.0,0,54,6500.0,2869.929774,0.75,12
4420.693904,1.0,0.0,0.0,0.0,3202.933702,0.0,0.0,0.0,1.0,32,0,4600.0,2831.140832,0.0,12
5757.919072,1.0,5544.45,3169.2,2375.25,2722.524205,1.0,0.75,1.0,0.416667,8,59,7000.0,2370.147958,0.0,12
2341.625484,1.0,2153.83,1260.08,893.75,0.0,0.916667,0.083333,0.916667,0.0,0,13,7500.0,774.4989,0.0,12
1022.687467,1.0,409.92,0.0,409.92,177.186666,1.0,0.0,1.0,0.25,6,12,1000.0,774.611541,0.0,12
1497.869891,1.0,806.64,681.69,124.95,0.0,0.833333,0.75,0.416667,0.0,0,26,1700.0,826.296904,0.0,12
115.340163,1.0,54.67,0.0,54.67,727.568806,0.166667,0.0,0.166667,0.166667,2,2,1200.0,410.867044,0.0,12
1175.749847,1.0,848.26,115.0,733.26,1032.462268,0.916667,0.083333,0.833333,0.083333,2,12,1200.0,2117.531771,0.083333,12
512.058666,0.818182,921.2,664.73,256.47,0.0,0.416667,0.166667,0.25,0.0,0,7,5500.0,1851.553319,0.0,12
40.645069,1.0,636.83,636.83,0.0,0.0,0.666667,0.666667,0.0,0.0,0,8,7500.0,670.205252,0.416667,12
12323.84536,1.0,989.32,989.32,0.0,0.0,0.090909,0.090909,0.0,0.0,0,2,18000.0,9542.247486,0.0,11
967.177679,1.0,208.4,0.0,208.4,0.0,0.333333,0.0,0.333333,0.0,0,4,1000.0,431.402414,0.0,12
97.453056,0.818182,334.73,334.73,0.0,19.551802,0.083333,0.083333,0.0,0.083333,1,1,2500.0,234.271939,0.25,12
346.782576,1.0,961.12,961.12,0.0,0.0,0.333333,0.333333,0.0,0.0,0,4,7000.0,409.11342,0.0,12
32.228288,0.636364,73.45,73.45,0.0,0.0,0.166667,0.166667,0.0,0.0,0,2,4000.0,25.162565,0.0,12
39.642014,1.0,0.0,0.0,0.0,45.175571,0.0,0.0,0.0,0.083333,1,0,5000.0,0.0,0.0,12
1902.444082,1.0,0.0,0.0,0.0,2272.984507,0.0,0.0,0.0,0.083333,3,0,2500.0,2751.373324,0.083333,12
600.777518,1.0,760.38,269.53,490.85,0.0,1.0,0.166667,1.0,0.0,0,35,4500.0,829.712416,0.0,12
2864.644318,0.9,135.0,70.0,65.0,4345.320169,0.5,0.2,0.4,0.5,10,7,7000.0,1626.504396,0.0,10
4994.957253,1.0,0.0,0.0,0.0,2539.708186,0.0,0.0,0.0,0.416667,7,0,6400.0,1107.988488,0.0,12
5392.29598,1.0,0.0,0.0,0.0,4020.9308,0.0,0.0,0.0,0.25,5,0,8000.0,8237.315179,0.090909,12
1841.606048,1.0,0.0,0.0,0.0,2592.516363,0.0,0.0,0.0,0.625,10,0,2500.0,372.508487,0.0,8
2809.125422,1.0,65.5,65.5,0.0,0.0,0.083333,0.083333,0.0,0.0,0,1,3000.0,534.051634,0.0,12
1305.724538,1.0,509.88,0.0,509.88,93.018864,1.0,0.0,1.0,0.083333,1,24,1200.0,913.23046,0.0,12
258.148852,1.0,433.2,0.0,433.2,0.0,1.0,0.0,1.0,0.0,0,24,6000.0,229.824503,0.0,12
162.722336,1.0,222.7,94.7,128.0,0.0,0.5,0.166667,0.333333,0.0,0,8,4250.0,367.719858,0.0,12
4007.610043,1.0,83.0,83.0,0.0,9003.084705,0.083333,0.083333,0.0,0.25,12,1,10000.0,1308.070478,0.0,12
11.759081,0.181818,100.94,0.0,100.94,0.0,0.166667,0.0,0.166667,0.0,0,2,6000.0,567.062237,0.666667,12
1384.008582,1.0,0.0,0.0,0.0,102.319161,0.0,0.0,0.0,0.166667,1,0,1500.0,183.35091,0.0,6
6980.228444,1.0,4400.0,4000.0,400.0,913.382295,0.333333,0.083333,0.333333,0.083333,1,5,10000.0,1530.593874,0.0,12
2964.124423,1.0,118.05,0.0,118.05,157.301178,0.083333,0.0,0.083333,0.25,4,2,3000.0,359.886515,0.0,12
78.287038,1.0,1045.76,63.2,982.56,0.0,1.0,0.083333,1.0,0.0,0,25,7000.0,944.999337,0.4,12
1307.937701,1.0,1280.58,237.4,1043.18,0.0,0.833333,0.083333,0.833333,0.0,0,28,1800.0,544.411381,0.0,12
27.93791,0.727273,205.92,0.0,205.92,0.0,0.666667,0.0,0.666667,0.0,0,24,1200.0,327.268542,0.181818,12
77.305919,0.727273,171.06,0.0,171.06,0.0,0.5,0.0,0.5,0.0,0,6,1500.0,329.587528,0.0,12
807.091888,1.0,1272.53,356.64,915.89,0.0,1.0,0.5,1.0,0.0,0,66,6000.0,2274.388713,0.25,12
5423.576453,1.0,1672.55,107.89,1564.66,2768.037239,1.0,0.083333,1.0,0.166667,9,40,8500.0,2411.575976,0.0,12
1290.524209,1.0,1518.26,1024.83,493.43,39.054692,1.0,0.333333,0.916667,0.083333,1,22,1700.0,294.227995,0.0,12
34.869037,1.0,356.32,0.0,356.32,0.0,1.0,0.0,0.875,0.0,0,8,1000.0,286.841222,0.571429,8
811.564879,1.0,558.08,492.04,66.04,0.0,0.583333,0.416667,0.166667,0.0,0,12,8500.0,694.594504,0.0,12
1109.109473,1.0,113.0,113.0,0.0,189.801109,0.1,0.1,0.0,0.1,1,2,2500.0,200.741855,0.0,10
969.034643,1.0,50.85,50.85,0.0,0.0,0.166667,0.166667,0.0,0.0,0,2,1200.0,256.061264,0.0,12
80.167956,0.545455,1053.52,1053.52,0.0,0.0,0.416667,0.416667,0.0,0.0,0,12,3000.0,970.48092,0.125,12
607.912561,1.0,205.84,205.84,0.0,1076.492197,0.25,0.25,0.0,0.25,3,3,6000.0,258.631069,0.0,12
0.0,0.0,199.73,22.0,177.73,0.0,0.454545,0.090909,0.454545,0.0,0,6,9000.0,5557.460834,0.0,11
1758.703148,1.0,3955.35,3502.36,452.99,0.0,0.916667,0.916667,0.166667,0.0,0,29,7500.0,3561.755293,0.0,12
169.062888,1.0,1556.66,209.33,1347.33,0.0,0.916667,0.083333,0.833333,0.0,0,23,1000.0,1234.677121,0.25,12
268.577278,0.181818,0.0,0.0,0.0,5625.798427,0.0,0.0,0.0,0.083333,1,0,9000.0,34107.07499,1.0,12
1431.670328,1.0,1020.76,0.0,1020.76,0.0,1.0,0.0,1.0,0.0,0,27,5000.0,524.610416,0.0,12
241.097264,1.0,790.6,63.9,726.7,0.0,1.0,0.083333,1.0,0.0,0,42,1500.0,478.948292,0.166667,12
1484.705242,1.0,2673.3,2272.02,401.28,4104.024116,0.916667,0.666667,1.0,0.5,29,26,5000.0,6169.78218,0.0,12
54.80309,0.636364,462.32,0.0,462.32,0.0,0.583333,0.0,0.5,0.0,0,8,5000.0,422.709468,0.454545,12
1687.570137,1.0,162.04,73.04,89.0,0.0,0.25,0.083333,0.166667,0.0,0,4,1800.0,331.015115,0.0,12
1182.045732,1.0,130.0,70.0,60.0,0.0,0.416667,0.166667,0.166667,0.0,0,5,1200.0,279.439759,0.0,12
2304.087171,1.0,0.0,0.0,0.0,3511.369006,0.0,0.0,0.0,0.166667,3,0,3000.0,3004.655015,0.083333,12
8030.872986,1.0,0.0,0.0,0.0,4904.289845,0.0,0.0,0.0,0.833333,50,0,8500.0,5467.375109,0.0,12
1.151323,0.181818,60.3,60.3,0.0,0.0,0.083333,0.083333,0.0,0.0,0,1,1200.0,697.573197,0.0,12
188.701762,0.454545,900.45,900.45,0.0,0.0,0.083333,0.083333,0.0,0.0,0,1,1200.0,1002.783773,0.0,12
2136.814161,1.0,0.0,0.0,0.0,2120.653422,0.0,0.0,0.0,0.333333,5,0,6000.0,1164.792197,0.0,12
1747.858092,1.0,3048.4,2500.8,547.6,119.336811,0.75,0.666667,0.333333,0.083333,1,30,3000.0,1390.388571,0.0,12
2637.334329,1.0,0.0,0.0,0.0,1204.068667,0.0,0.0,0.0,0.583333,14,0,3000.0,525.003763,0.0,12
499.437461,1.0,0.0,0.0,0.0,496.939698,0.0,0.0,0.0,0.083333,1,0,1200.0,956.458532,0.0,12
21.32716,1.0,309.74,0.0,309.74,0.0,1.0,0.0,1.0,0.0,0,19,8500.0,444.809305,0.454545,12
1534.294061,1.0,6508.72,3342.9,3165.82,0.0,1.0,0.25,1.0,0.0,0,44,6000.0,4954.001262,0.0,12
61.954938,1.0,477.42,0.0,477.42,0.0,1.0,0.0,1.0,0.0,0,36,6000.0,584.052195,0.583333,12
1294.324002,1.0,0.0,0.0,0.0,101.183886,0.0,0.0,0.0,0.083333,1,0,1500.0,495.527043,0.0,12
657.831607,1.0,612.25,0.0,612.25,1422.284696,1.0,0.0,1.0,0.083333,1,20,1500.0,2223.160653,0.142857,12
2708.9687,1.0,0.0,0.0,0.0,1655.456304,0.0,0.0,0.0,0.166667,4,0,3000.0,647.36814,0.0,12
689.764098,0.818182,0.0,0.0,0.0,2289.78885,0.0,0.0,0.0,0.416667,8,0,1800.0,2476.929255,0.0,12
6329.586806,0.714286,0.0,0.0,0.0,5489.844176,0.0,0.0,0.0,0.571429,6,0,14600.0,18091.01347,0.25,7
4446.40675,1.0,0.0,0.0,0.0,245.067148,0.0,0.0,0.0,0.083333,1,0,5000.0,1193.527453,0.0,12
1173.662921,0.818182,0.0,0.0,0.0,1422.490362,0.0,0.0,0.0,0.083333,1,0,1800.0,238.582391,0.0,12
21.881488,1.0,168.08,0.0,168.08,0.0,0.666667,0.0,0.666667,0.0,0,8,1500.0,197.731378,0.545455,12
1518.638794,0.727273,0.0,0.0,0.0,5187.029833,0.0,0.0,0.0,0.25,12,0,5500.0,6744.953537,0.125,12
1061.439175,1.0,0.0,0.0,0.0,137.757459,0.0,0.0,0.0,0.083333,1,0,1200.0,446.265741,0.0,12
1579.728772,1.0,0.0,0.0,0.0,124.941315,0.0,0.0,0.0,0.083333,1,0,1800.0,464.305701,0.0,12
6.149295,0.181818,169.01,0.0,169.01,0.0,0.25,0.0,0.25,0.0,0,3,10000.0,731.852542,0.666667,12
2848.735428,1.0,95.67,95.67,0.0,272.559361,0.083333,0.083333,0.0,0.083333,1,1,5500.0,679.138272,0.0,12
32.215585,1.0,0.0,0.0,0.0,758.123122,0.0,0.0,0.0,0.083333,3,0,7500.0,838.652563,0.083333,12
5823.907919,1.0,0.0,0.0,0.0,3225.842654,0.0,0.0,0.0,0.666667,24,0,9500.0,1214.067137,0.0,12
978.567283,1.0,1401.54,0.0,1401.54,0.0,1.0,0.0,1.0,0.0,0,14,4500.0,1769.181653,0.0,12
1588.447753,1.0,825.96,825.96,0.0,913.94708,0.333333,0.333333,0.0,0.166667,4,4,4000.0,258.557194,0.0,6
1530.883538,1.0,964.67,964.67,0.0,0.0,0.3,0.3,0.0,0.0,0,10,3000.0,288.366557,0.0,10
180.230777,0.818182,1653.91,997.1,656.81,0.0,0.75,0.666667,0.583333,0.0,0,35,11500.0,1785.782313,0.555556,12
256.182628,0.181818,111.39,111.39,0.0,0.0,0.166667,0.166667,0.0,0.0,0,4,10000.0,16842.39187,0.333333,12
1794.484219,1.0,197.7,197.7,0.0,271.900257,0.25,0.25,0.0,0.083333,1,3,1950.0,587.264565,0.0,12
1103.988247,1.0,0.0,0.0,0.0,2070.856333,0.0,0.0,0.0,0.666667,13,0,6500.0,333.050357,0.0,12
1783.622522,1.0,0.0,0.0,0.0,99.516488,0.0,0.0,0.0,0.083333,1,0,2000.0,453.767518,0.0,12
3560.734141,1.0,0.0,0.0,0.0,1466.123982,0.0,0.0,0.0,0.083333,3,0,4000.0,886.116717,0.0,12
4751.340645,1.0,309.86,0.0,309.86,0.0,0.5,0.0,0.5,0.0,0,5,8600.0,5883.427252,0.0,12
33.663794,1.0,585.6,0.0,585.6,0.0,1.0,0.0,1.0,0.0,0,12,1000.0,578.786142,0.916667,12
124.739834,1.0,1004.3,0.0,1004.3,0.0,0.916667,0.0,0.833333,0.0,0,11,4000.0,970.981432,1.0,12
2786.494499,1.0,0.0,0.0,0.0,1547.268611,0.0,0.0,0.0,0.25,5,0,8000.0,837.844106,0.0,12
6538.064926,1.0,1554.42,193.1,1361.32,1329.288028,1.0,0.166667,1.0,0.5,10,69,7500.0,1213.586463,0.0,12
4360.032452,1.0,0.0,0.0,0.0,655.669266,0.0,0.0,0.0,0.833333,11,0,4500.0,1345.389329,0.0,12
1013.23312,0.909091,0.0,0.0,0.0,603.491005,0.0,0.0,0.0,0.272727,3,0,1200.0,535.726687,0.0,11
7215.745096,1.0,0.0,0.0,0.0,3682.382663,0.0,0.0,0.0,0.75,14,0,12000.0,1946.227099,0.0,12
2320.402196,1.0,436.0,0.0,436.0,3298.084294,0.5,0.0,0.416667,0.25,4,6,4000.0,4664.822102,0.083333,12
8791.161142,1.0,0.0,0.0,0.0,3706.755143,0.0,0.0,0.0,0.333333,4,0,12000.0,2244.627566,0.0,12
22.720976,0.545455,853.75,123.5,730.25,0.0,0.583333,0.166667,0.333333,0.0,0,8,6000.0,594.205112,0.0,12
1083.787792,1.0,110.0,110.0,0.0,342.027342,0.083333,0.083333,0.0,0.333333,7,1,1200.0,504.434613,0.0,12
3.744802,0.272727,154.5,154.5,0.0,0.0,0.083333,0.083333,0.0,0.0,0,1,3800.0,178.897596,0.0,12
5968.583246,1.0,22381.97,19150.02,3231.95,0.0,1.0,1.0,0.583333,0.0,0,87,14500.0,20343.28681,0.0,12
2249.367093,1.0,902.43,902.43,0.0,0.0,0.5,0.5,0.0,0.0,0,10,2500.0,789.29843,0.0,12
326.648686,1.0,1086.16,188.0,898.16,0.0,1.0,0.166667,1.0,0.0,0,17,7000.0,2579.973654,0.666667,12
3481.400783,1.0,188.0,188.0,0.0,2747.982493,0.166667,0.166667,0.0,0.416667,10,2,8500.0,844.591086,0.0,12
2237.238086,1.0,120.0,120.0,0.0,0.0,0.125,0.125,0.0,0.0,0,1,2500.0,343.102984,0.0,8
1611.720259,1.0,955.59,873.85,81.74,0.0,0.916667,0.916667,0.083333,0.0,0,19,5000.0,703.220116,0.0,12
3294.951011,1.0,2923.07,2762.0,161.07,3801.850865,1.0,0.916667,0.583333,0.166667,2,35,13000.0,6320.790788,0.0,12
1436.783799,1.0,258.86,25.52,233.34,143.228646,0.666667,0.083333,0.666667,0.083333,1,13,1500.0,662.396392,0.0,12
78.44322,1.0,1367.73,0.0,1367.73,0.0,1.0,0.0,1.0,0.0,0,58,6000.0,1229.147513,1.0,12
3586.66025,1.0,342.0,177.0,165.0,5409.095889,0.333333,0.166667,0.166667,0.416667,18,5,6000.0,5949.072074,0.0,12
1119.464067,1.0,0.0,0.0,0.0,748.241727,0.0,0.0,0.0,0.25,4,0,3000.0,1951.116757,0.0,12
190.872836,0.545455,3011.36,0.0,3011.36,0.0,0.5,0.0,0.416667,0.0,0,6,7500.0,2543.018081,0.3,12
4881.395564,0.909091,849.78,849.78,0.0,0.0,0.454545,0.454545,0.0,0.0,0,7,11500.0,1097.471776,0.0,11
891.111576,0.909091,698.99,0.0,698.99,1208.994937,0.545455,0.0,0.454545,0.363636,13,6,1500.0,2152.76797,0.125,11
124.732546,0.818182,301.07,301.07,0.0,0.0,0.083333,0.083333,0.0,0.0,0,1,5000.0,732.951933,0.0,12
1820.216623,1.0,4877.66,2341.16,2536.5,0.0,1.0,1.0,1.0,0.0,0,154,4500.0,1297.994539,0.166667,12
212.080181,1.0,618.0,333.0,285.0,0.0,0.5,0.083333,0.333333,0.0,0,7,6000.0,378.383325,0.0,12
2135.406047,1.0,1600.09,1425.13,174.96,78.600122,0.833333,0.666667,0.25,0.083333,1,28,2500.0,699.818277,0.0,12
523.329585,1.0,5819.46,4646.02,1173.44,0.0,1.0,1.0,1.0,0.0,0,114,6000.0,5279.91437,0.916667,12
2655.715643,1.0,0.0,0.0,0.0,2179.449214,0.0,0.0,0.0,0.416667,7,0,3000.0,893.586488,0.0,12
17.415068,0.727273,147.7,0.0,147.7,0.0,0.666667,0.0,0.666667,0.0,0,14,4000.0,177.088102,0.181818,12
347.577293,0.857143,26.8,26.8,0.0,470.846474,0.142857,0.142857,0.0,0.428571,11,1,500.0,28.654864,0.0,7
2201.533726,1.0,0.0,0.0,0.0,2719.782919,0.0,0.0,0.0,0.166667,4,0,3000.0,3436.911086,0.083333,12
169.850339,1.0,1693.03,39.0,1654.03,0.0,1.0,0.083333,0.916667,0.0,0,15,4000.0,1382.622524,0.454545,12
1584.358415,1.0,0.0,0.0,0.0,440.692946,0.0,0.0,0.0,0.083333,1,0,4000.0,805.264643,0.0,12
5030.927831,1.0,99.0,99.0,0.0,2999.769235,0.166667,0.166667,0.0,0.583333,10,2,6000.0,1144.381323,0.0,12
982.165343,1.0,435.72,45.65,390.07,0.0,0.5,0.083333,0.5,0.0,0,20,2300.0,917.52463,0.0,12
233.376877,1.0,1178.12,901.5,276.62,0.0,1.0,0.25,1.0,0.0,0,28,6000.0,1098.390459,0.0,12
1201.149593,1.0,851.21,260.45,590.76,0.0,0.833333,0.25,0.75,0.0,0,21,3600.0,978.569968,0.0,12
36.607995,0.545455,224.4,224.4,0.0,0.0,0.166667,0.166667,0.0,0.0,0,2,2100.0,372.093413,0.0,12
2380.291402,1.0,1433.2,487.74,945.46,254.450638,0.666667,0.416667,0.583333,0.166667,3,33,7000.0,1877.023036,0.0,12
198.377577,0.636364,0.0,0.0,0.0,3882.683613,0.0,0.0,0.0,0.25,7,0,9000.0,6200.550587,0.5,12
27.585915,0.090909,0.0,0.0,0.0,1209.369868,0.0,0.0,0.0,0.083333,1,0,11000.0,14176.74867,0.0,12
1369.969909,1.0,1770.0,1770.0,0.0,460.484164,0.166667,0.166667,0.0,0.083333,1,2,1800.0,1692.52541,0.0,12
100.037595,1.0,414.48,0.0,414.48,0.0,1.0,0.0,1.0,0.0,0,12,1000.0,234.619774,0.0,12
1412.593167,1.0,1278.5,1278.5,0.0,0.0,0.166667,0.166667,0.0,0.0,0,6,10500.0,1296.772849,0.0,12
3473.463277,1.0,1182.95,718.75,464.2,0.0,1.0,0.583333,1.0,0.0,0,36,6000.0,955.667752,0.0,12
411.894578,1.0,2948.1,2706.59,241.51,0.0,0.916667,0.916667,0.5,0.0,0,22,4000.0,2520.35969,0.333333,12
3380.990237,1.0,984.31,984.31,0.0,508.157584,1.0,1.0,0.0,0.25,4,12,3800.0,1694.781649,0.0,12
381.959463,0.545455,1013.6,1013.6,0.0,476.74727,0.166667,0.166667,0.0,0.083333,1,12,3500.0,2246.428764,0.0,12
449.456201,1.0,3597.02,2833.13,763.89,0.0,1.0,1.0,1.0,0.0,0,65,2000.0,3901.786339,0.25,12
1134.830372,1.0,833.98,833.98,0.0,0.0,1.0,1.0,0.0,0.0,0,11,7500.0,285.23111,0.0,8
1358.798385,1.0,0.0,0.0,0.0,174.369769,0.0,0.0,0.0,0.166667,2,0,1500.0,337.074078,0.0,12
177.550964,1.0,2188.88,101.0,2087.88,0.0,1.0,0.166667,1.0,0.0,0,48,7500.0,2372.21499,0.333333,12
1310.839573,1.0,646.28,422.17,224.11,2350.427153,0.666667,0.333333,0.5,0.416667,17,15,1500.0,1758.379933,0.0,12
1088.568358,1.0,436.8,150.0,286.8,0.0,1.0,0.166667,1.0,0.0,0,16,1000.0,363.125659,0.0,12
341.233281,1.0,277.06,0.0,277.06,0.0,0.583333,0.0,0.5,0.0,0,7,2800.0,2859.947327,0.75,12
1289.327381,1.0,892.0,563.0,329.0,0.0,0.583333,0.25,0.25,0.0,0,14,3500.0,655.143647,0.0,12
597.297664,0.636364,689.67,228.87,460.8,73.693002,0.666667,0.25,0.666667,0.083333,1,15,3511.111111,2327.014381,0.125,12
894.081947,1.0,1901.71,1853.11,48.6,206.61878,0.666667,0.666667,0.416667,0.083333,1,33,1500.0,947.130141,0.0,12
1492.035204,1.0,2429.23,1680.7,748.53,0.0,1.0,0.166667,1.0,0.0,0,44,7000.0,4373.664316,0.0,12
112.514659,0.6,459.51,274.65,184.86,0.0,0.5,0.2,0.3,0.0,0,13,1200.0,211.625556,0.0,10
795.401963,1.0,3408.01,3408.01,0.0,0.0,0.916667,0.916667,0.0,0.0,0,11,5000.0,5797.060195,0.083333,12
1987.474619,1.0,2254.03,1607.39,646.64,988.51815,0.75,0.416667,0.75,0.083333,1,30,3000.0,898.751834,0.0,12
6995.3025,1.0,999.77,0.0,999.77,6507.113368,0.75,0.0,0.75,0.583333,16,14,8000.0,2863.397049,0.0,12
72.518075,1.0,525.0,0.0,525.0,0.0,1.0,0.0,1.0,0.0,0,12,1000.0,553.4725,0.4,12
541.61305,1.0,554.79,554.79,0.0,468.601675,0.916667,0.916667,0.0,0.25,5,12,7000.0,2500.847222,0.416667,12
1919.443036,1.0,0.0,0.0,0.0,5427.830151,0.0,0.0,0.0,0.333333,7,0,5500.0,2936.557193,0.0,12
60.837925,1.0,387.42,0.0,387.42,0.0,0.916667,0.0,0.916667,0.0,0,11,1500.0,347.63772,0.363636,12
33.954525,0.454545,158.0,0.0,158.0,0.0,0.333333,0.0,0.25,0.0,0,4,1200.0,178.116509,0.0,12
491.91535,1.0,4527.64,4327.31,200.33,0.0,1.0,1.0,0.333333,0.0,0,49,2300.0,4139.307545,0.090909,12
733.988674,1.0,83.47,83.47,0.0,0.0,0.083333,0.083333,0.0,0.0,0,1,9000.0,195.17029,0.0,12
5606.778018,1.0,283.88,124.88,159.0,3637.857309,0.416667,0.166667,0.166667,0.333333,10,6,14500.0,12124.63957,0.083333,12
408.310297,1.0,0.0,0.0,0.0,777.912775,0.0,0.0,0.0,0.333333,10,0,1500.0,1488.832955,0.083333,12
580.649334,0.636364,0.0,0.0,0.0,1133.582799,0.0,0.0,0.0,0.25,4,0,1200.0,215.025138,0.0,12
2709.099711,1.0,354.92,354.92,0.0,340.821615,0.25,0.25,0.0,0.416667,6,3,8500.0,997.929231,0.0,12
3821.413393,1.0,197.0,80.5,116.5,3926.684678,0.833333,0.083333,0.75,0.333333,11,11,7000.0,700.151706,0.0,12
1224.95436,1.0,0.0,0.0,0.0,292.385578,0.0,0.0,0.0,0.083333,1,0,1400.0,350.078829,0.0,12
3846.74253,1.0,0.0,0.0,0.0,1932.460679,0.0,0.0,0.0,1.5,18,0,5600.0,496.245836,0.0,6
5500.316126,1.0,0.0,0.0,0.0,4930.998256,0.0,0.0,0.0,0.166667,6,0,9000.0,10036.80464,0.083333,12
364.516232,1.0,0.0,0.0,0.0,720.251306,0.0,0.0,0.0,0.2,2,0,6500.0,94.932543,0.0,10
688.993252,1.0,803.57,0.0,803.57,0.0,1.0,0.0,1.0,0.0,0,53,2000.0,253.769944,0.0,12
3781.053716,1.0,764.19,0.0,764.19,279.13821,0.666667,0.0,0.666667,0.166667,3,29,7000.0,1640.238914,0.0,12
1394.445085,1.0,0.0,0.0,0.0,279.693602,0.0,0.0,0.0,0.333333,4,0,1600.0,389.817084,0.0,12
117.205812,0.818182,215.0,215.0,0.0,0.0,0.083333,0.083333,0.0,0.0,0,1,1750.0,86.403222,0.0,12
4373.439331,0.888889,1959.04,1570.04,389.0,5124.126997,0.666667,0.444444,0.555556,0.555556,6,12,7000.0,820.851704,0.0,9
2931.237524,1.0,150.0,150.0,0.0,1434.135353,0.083333,0.083333,0.0,0.083333,3,3,3000.0,577.725789,0.0,12
310.666963,1.0,881.87,509.87,372.0,0.0,0.545455,0.363636,0.272727,0.0,0,12,7500.0,274.936052,0.0,11
970.120944,1.0,120.0,120.0,0.0,394.626936,0.083333,0.083333,0.0,0.25,8,1,1500.0,1646.068152,0.0,12
931.144615,0.666667,1864.5,1864.5,0.0,148.542419,0.333333,0.333333,0.0,0.333333,4,6,2000.0,194.303595,0.0,6
1484.996584,1.0,170.0,170.0,0.0,0.0,0.416667,0.416667,0.0,0.0,0,5,1500.0,406.189673,0.0,12
1967.931753,1.0,1344.85,1344.85,0.0,2509.019799,0.416667,0.416667,0.0,0.25,5,6,3500.0,3772.740721,0.166667,12
74.653975,0.818182,603.6,253.6,350.0,0.0,0.666667,0.25,0.416667,0.0,0,11,2500.0,431.710102,0.090909,12
84.783684,1.0,203.6,0.0,203.6,0.0,0.666667,0.0,0.666667,0.0,0,8,1500.0,206.472169,0.0,12
668.742738,1.0,951.97,664.83,287.14,0.0,0.666667,0.083333,0.583333,0.0,0,12,1000.0,1362.945215,0.083333,12
3790.510114,1.0,2626.06,2236.68,389.38,0.0,1.0,1.0,1.0,0.0,0,62,7500.0,2057.425716,0.0,12
58.241599,1.0,792.35,0.0,792.35,0.0,1.0,0.0,0.916667,0.0,0,17,10000.0,762.107502,0.636364,12
226.804333,1.0,669.19,669.19,0.0,0.0,1.0,1.0,0.0,0.0,0,25,8000.0,1093.526476,0.083333,12
216.595085,1.0,270.21,270.21,0.0,232.881575,1.0,1.0,0.0,0.083333,2,12,6000.0,453.391188,0.0,12
1552.53528,1.0,2072.43,1518.4,554.03,0.0,0.833333,0.5,0.5,0.0,0,30,7000.0,2522.068213,0.0,12
1131.445959,1.0,0.0,0.0,0.0,1498.390707,0.0,0.0,0.0,0.333333,5,0,1950.0,662.653149,0.0,12
1048.403657,1.0,652.24,652.24,0.0,0.0,0.583333,0.583333,0.0,0.0,0,7,4000.0,2274.855647,0.0,12
460.956973,1.0,145.28,35.25,110.03,1404.503073,0.833333,0.25,0.75,0.416667,28,14,8000.0,1235.201553,0.166667,12
5873.201628,1.0,146.68,42.66,104.02,2206.510074,0.25,0.083333,0.166667,0.333333,7,5,8000.0,1951.218091,0.0,12
281.349361,1.0,473.34,0.0,473.34,0.0,0.833333,0.0,0.833333,0.0,0,10,1500.0,153.209881,0.083333,12
1207.886609,1.0,143.0,0.0,143.0,1358.395174,0.166667,0.0,0.083333,0.166667,2,2,3000.0,398.257086,0.0,12
9.12851,0.181818,80.06,80.06,0.0,0.0,0.083333,0.083333,0.0,0.0,0,1,1600.0,0.0,0.0,12
929.473356,1.0,0.0,0.0,0.0,1335.247069,0.0,0.0,0.0,0.166667,3,0,6000.0,430.236948,0.0,12
907.120507,0.363636,98.0,0.0,98.0,2683.566903,0.333333,0.0,0.25,0.083333,3,4,3000.0,514.338268,0.0,12
744.112849,1.0,1628.08,626.23,1001.85,0.0,1.0,0.666667,0.75,0.0,0,27,6000.0,892.732912,0.0,12
0.0,0.0,63.3,0.0,63.3,0.0,0.25,0.0,0.25,0.0,0,3,2700.0,0.0,0.0,12
1499.324936,1.0,0.0,0.0,0.0,18.123413,0.0,0.0,0.0,0.083333,1,0,1500.0,309.565852,0.0,12
89.229937,0.909091,830.0,0.0,830.0,0.0,0.583333,0.0,0.416667,0.0,0,8,4000.0,923.299373,1.0,12
1057.142919,1.0,789.96,739.96,50.0,0.0,1.0,1.0,0.166667,0.0,0,21,8000.0,1328.926056,0.0,12
2160.127684,1.0,353.22,127.28,225.94,185.02165,0.916667,0.166667,0.916667,0.25,3,13,2500.0,3745.594702,0.0,12
740.231763,1.0,150.0,150.0,0.0,0.0,0.083333,0.083333,0.0,0.0,0,2,1800.0,1810.018994,0.0,12
666.314773,0.545455,0.0,0.0,0.0,1435.898249,0.0,0.0,0.0,0.083333,1,0,1500.0,444.852002,0.0,12
1293.044047,1.0,0.0,0.0,0.0,1425.748356,0.0,0.0,0.0,0.333333,5,0,1500.0,294.30747,0.0,12
1360.795674,1.0,0.0,0.0,0.0,462.861443,0.0,0.0,0.0,0.272727,6,0,1500.0,303.031979,0.0,11
13.362018,0.363636,119.46,60.27,59.19,0.0,0.25,0.166667,0.083333,0.0,0,4,7500.0,534.740352,0.0,12
2878.715983,1.0,909.16,513.78,395.38,2600.803827,0.75,0.25,0.666667,0.25,13,28,3000.0,4103.582568,0.083333,12
1792.255588,1.0,582.85,482.21,100.64,0.0,0.833333,0.416667,0.833333,0.0,0,25,11500.0,4247.404958,0.0,12
1939.822738,0.909091,1130.25,1130.25,0.0,1811.549006,0.583333,0.583333,0.0,0.5,20,29,3000.0,566.13825,0.0,12
2939.047848,1.0,749.0,299.0,450.0,7130.160309,0.583333,0.166667,0.416667,0.833333,50,8,5000.0,4161.642762,0.0,12
888.023397,0.909091,0.0,0.0,0.0,252.318137,0.0,0.0,0.0,0.090909,3,0,1500.0,1734.981714,0.181818,11
13.959639,0.636364,149.88,29.9,119.98,0.0,0.583333,0.083333,0.5,0.0,0,8,4000.0,235.74496,0.75,12
4413.461158,1.0,55.12,55.12,0.0,0.0,0.083333,0.083333,0.0,0.0,0,1,5000.0,1433.807814,0.0,12
2900.59088,1.0,588.48,588.48,0.0,0.0,0.166667,0.166667,0.0,0.0,0,2,3000.0,1189.418494,0.0,12
2600.500163,1.0,1301.9,1169.9,132.0,0.0,0.833333,0.666667,0.416667,0.0,0,21,4500.0,530.552146,0.0,12
4075.540208,1.0,0.0,0.0,0.0,3502.346314,0.0,0.0,0.0,0.25,4,0,14000.0,8012.84957,0.0,12
791.117673,1.0,854.2,854.2,0.0,0.0,0.25,0.25,0.0,0.0,0,3,7350.0,5346.679636,0.416667,12
950.31308,1.0,1022.84,1022.84,0.0,0.0,0.166667,0.166667,0.0,0.0,0,5,1500.0,818.113846,0.0,12
3.64248,0.272727,71.65,0.0,71.65,0.0,0.166667,0.0,0.166667,0.0,0,3,2000.0,270.73449,1.0,12
6773.941979,1.0,14215.0,14215.0,0.0,464.795495,0.583333,0.583333,0.0,0.083333,1,30,9000.0,5773.661106,0.0,12
906.830419,1.0,129.0,129.0,0.0,2168.295882,0.083333,0.083333,0.0,0.166667,2,1,1700.0,2152.93568,0.083333,12
1705.435895,0.666667,0.0,0.0,0.0,3719.359585,0.0,0.0,0.0,0.5,4,0,4000.0,282.620956,0.0,6
2311.164692,1.0,318.85,0.0,318.85,3541.752608,0.75,0.0,0.75,0.333333,4,9,5000.0,526.713137,0.0,12
2262.825216,0.727273,221.2,221.2,0.0,0.0,0.166667,0.166667,0.0,0.0,0,4,9000.0,6791.182982,0.125,12
380.351858,0.909091,1216.21,1216.21,0.0,145.058195,0.166667,0.166667,0.0,0.083333,1,9,3000.0,1605.939594,0.111111,12
3218.51979,1.0,0.0,0.0,0.0,1335.303813,0.0,0.0,0.0,0.583333,13,0,14500.0,804.616908,0.0,12
2089.451704,1.0,1256.49,879.61,376.88,1381.853089,0.666667,0.583333,0.5,0.166667,2,32,2500.0,637.044684,0.090909,12
103.611789,1.0,960.24,0.0,960.24,0.0,1.0,0.0,0.818182,0.0,0,13,2700.0,938.788924,0.2,11
1589.141901,1.0,0.0,0.0,0.0,1387.07837,0.0,0.0,0.0,0.25,10,0,3000.0,454.856663,0.0,12
6369.895861,1.0,335.68,0.0,335.68,2607.530791,0.666667,0.0,0.583333,0.5,7,8,9000.0,1592.064294,0.0,12
4028.315428,1.0,0.0,0.0,0.0,275.691831,0.0,0.0,0.0,0.083333,1,0,4500.0,892.224219,0.0,12
725.529062,1.0,8754.59,8636.73,117.86,0.0,1.0,1.0,0.25,0.0,0,116,4000.0,8648.305093,0.916667,12
1766.619204,1.0,261.12,233.54,27.58,958.092503,0.5,0.416667,0.166667,0.916667,21,8,1950.0,1508.080601,0.0,12
1935.116931,0.727273,0.0,0.0,0.0,4195.104578,0.0,0.0,0.0,0.583333,17,0,7000.0,680.591231,0.0,12
1487.517111,1.0,614.53,311.22,303.31,0.0,0.666667,0.333333,0.333333,0.0,0,15,1700.0,570.147403,0.0,12
4037.543707,1.0,1005.72,220.0,785.72,6203.612318,0.833333,0.25,0.833333,0.666667,19,13,6000.0,3724.247764,0.083333,12
7.954284,0.272727,56.0,56.0,0.0,0.0,0.083333,0.083333,0.0,0.0,0,1,10500.0,312.280331,0.0,12
147.193451,1.0,2863.92,0.0,2863.92,0.0,1.0,0.0,1.0,0.0,0,12,2500.0,2589.303082,1.0,12
1125.539048,1.0,645.96,59.9,586.06,1214.196152,1.0,0.166667,0.916667,0.166667,2,35,1500.0,693.631165,0.1,12
1950.956894,0.833333,0.0,0.0,0.0,2844.307484,0.0,0.0,0.0,0.166667,2,0,3000.0,300.71395,0.0,6
972.283554,0.363636,0.0,0.0,0.0,3210.308898,0.0,0.0,0.0,0.083333,5,0,6000.0,413.800076,0.0,12
5931.699858,1.0,218.0,218.0,0.0,2527.492866,0.083333,0.083333,0.0,0.25,4,2,8000.0,1309.816518,0.0,12
1956.708852,1.0,1351.68,903.4,448.28,94.976442,0.833333,0.416667,0.583333,0.083333,1,19,2500.0,1240.372707,0.0,12
1384.792038,1.0,133.34,0.0,133.34,0.0,0.333333,0.0,0.333333,0.0,0,4,2900.0,1877.881775,0.0,12
7857.659056,1.0,1760.55,53.0,1707.55,7418.467899,1.0,0.083333,1.0,0.333333,9,142,15000.0,2114.977167,0.0,12
0.0,0.0,70.65,70.65,0.0,0.0,0.083333,0.083333,0.0,0.0,0,1,4000.0,95.733701,0.0,12
5211.684904,1.0,0.0,0.0,0.0,2994.309677,0.0,0.0,0.0,0.666667,15,0,6000.0,1376.037807,0.0,12
1832.096639,1.0,1560.21,1310.25,249.96,1862.018701,1.0,0.166667,1.0,0.083333,1,28,4000.0,60.712768,0.0,12
607.20006,1.0,549.08,216.95,332.13,67.423321,1.0,0.333333,1.0,0.083333,1,33,4500.0,471.103957,0.0,12
9753.114706,1.0,10199.63,4585.44,5614.19,113.120409,1.0,0.916667,1.0,0.166667,2,131,15000.0,8292.65306,0.0,12
66.163293,0.909091,259.32,0.0,259.32,0.0,1.0,0.0,1.0,0.0,0,12,1500.0,384.275314,0.090909,12
859.588282,0.909091,48.16,48.16,0.0,9139.119365,0.166667,0.166667,0.0,0.166667,13,2,10000.0,376.383077,0.0,12
44.081566,1.0,503.25,0.0,503.25,0.0,0.916667,0.0,0.833333,0.0,0,11,8500.0,500.251341,1.0,12
3776.150532,1.0,0.0,0.0,0.0,3335.783756,0.0,0.0,0.0,0.333333,12,0,6000.0,881.37316,0.0,12
99.527723,0.818182,1059.59,1059.59,0.0,0.0,0.666667,0.666667,0.0,0.0,0,14,2500.0,1438.379172,0.833333,12
2972.931391,1.0,60.54,0.0,60.54,988.385871,0.25,0.0,0.166667,0.083333,1,3,8500.0,5693.080357,0.0,12
1941.315169,1.0,262.08,0.0,262.08,0.0,1.0,0.0,1.0,0.0,0,23,5000.0,557.258278,0.0,12
2852.354665,1.0,424.84,424.84,0.0,0.0,0.416667,0.416667,0.0,0.0,0,6,3000.0,725.815797,0.0,12
432.058764,1.0,817.62,254.14,563.48,0.0,0.916667,0.25,0.666667,0.0,0,25,5100.0,2797.052769,0.0,12
240.814517,0.181818,59.0,59.0,0.0,196.906234,0.083333,0.083333,0.0,0.083333,1,2,5000.0,5135.531491,0.0,12
978.091862,1.0,550.53,0.0,550.53,0.0,1.0,0.0,1.0,0.0,0,39,1200.0,1068.923263,0.0,12
7387.803893,1.0,208.0,208.0,0.0,6728.679523,0.25,0.25,0.0,0.416667,7,3,14000.0,1613.637071,0.0,12
1454.188994,1.0,70.0,70.0,0.0,296.081137,0.083333,0.083333,0.0,0.416667,5,1,1500.0,688.566665,0.0,12
21.968945,0.454545,335.0,0.0,335.0,0.0,0.416667,0.0,0.416667,0.0,0,5,1000.0,742.772271,0.333333,12
56.091512,0.818182,405.0,0.0,405.0,0.0,0.75,0.0,0.75,0.0,0,9,6727.272727,553.440125,0.6,12
5920.486917,1.0,899.8,0.0,899.8,1694.266621,1.0,0.0,1.0,0.25,4,25,6500.0,1654.932016,0.0,12
216.702671,1.0,2205.51,1073.49,1132.02,0.0,1.0,1.0,1.0,0.0,0,53,7500.0,1941.251813,0.454545,12
9629.808851,1.0,0.0,0.0,0.0,4372.393835,0.0,0.0,0.0,0.545455,9,0,12000.0,2468.988022,0.0,11
870.774939,1.0,169.03,20.0,149.03,432.747965,0.666667,0.083333,0.5,0.083333,1,8,5000.0,444.462463,0.0,12
867.244416,1.0,804.18,0.0,804.18,0.0,0.416667,0.0,0.416667,0.0,0,10,3700.0,1175.28625,0.0,12
429.887213,1.0,898.34,295.0,603.34,0.0,0.416667,0.25,0.416667,0.0,0,11,6500.0,865.94452,0.0,12
1884.252524,1.0,1358.88,116.63,1242.25,0.0,1.0,0.166667,1.0,0.0,0,79,1200.0,303.560901,0.0,12
1801.045046,1.0,1684.29,1620.69,63.6,0.0,1.0,0.916667,0.166667,0.0,0,18,8000.0,4376.057598,0.0,12
464.445178,1.0,436.3,0.0,436.3,0.0,0.5,0.0,0.4,0.0,0,5,1800.0,523.180176,0.0,10
1876.290248,1.0,63.62,63.62,0.0,0.0,0.083333,0.083333,0.0,0.0,0,1,2000.0,383.273938,0.0,12
1471.557317,1.0,577.58,0.0,577.58,529.067202,1.0,0.0,1.0,0.25,4,29,1500.0,1265.924345,0.0,12
410.021801,0.636364,1438.76,1060.66,378.1,0.0,0.583333,0.5,0.333333,0.0,0,24,3000.0,424.595959,0.0,12
292.688812,1.0,2815.82,2047.65,768.17,0.0,1.0,1.0,1.0,0.0,0,71,7000.0,4382.773241,0.5,12
5176.531297,1.0,67.84,67.84,0.0,2665.236381,0.083333,0.083333,0.0,0.333333,8,1,6000.0,1178.560867,0.0,12
7776.4369,1.0,107.33,107.33,0.0,3404.231913,0.083333,0.083333,0.0,0.333333,7,1,8500.0,1891.304756,0.0,12
1562.698176,1.0,354.04,354.04,0.0,0.0,0.916667,0.916667,0.0,0.0,0,16,6000.0,2975.946627,0.0,12
7682.12519,1.0,663.0,663.0,0.0,5515.966342,0.083333,0.083333,0.0,0.666667,30,2,9000.0,3206.54505,0.0,12
2251.631886,1.0,3727.77,3227.85,499.92,0.0,1.0,0.083333,1.0,0.0,0,14,3150.0,3516.064225,0.083333,12
2783.614341,1.0,1725.05,700.05,1025.0,1004.424902,0.916667,0.333333,0.75,0.416667,5,18,5000.0,812.534656,0.0,12
2392.332606,1.0,2556.32,1566.42,989.9,4091.326388,0.583333,0.5,0.416667,0.5,14,54,6500.0,1336.30247,0.0,12
4418.554352,1.0,960.0,0.0,960.0,958.069623,1.0,0.0,1.0,0.25,8,12,4500.0,1656.726415,0.0,12
226.35396,0.909091,2455.75,2230.75,225.0,0.0,0.75,0.666667,0.25,0.0,0,17,6000.0,1999.316204,0.727273,12
148.7321,1.0,532.66,342.66,190.0,0.0,0.416667,0.166667,0.25,0.0,0,12,3000.0,476.194293,0.083333,12
793.005227,1.0,4.99,4.99,0.0,0.0,0.083333,0.083333,0.0,0.0,0,1,2500.0,1127.028432,0.083333,12
960.221148,0.727273,0.0,0.0,0.0,1357.652469,0.0,0.0,0.0,0.083333,3,0,1500.0,308.039409,0.0,12
2011.929899,1.0,208.5,0.0,208.5,0.0,0.25,0.0,0.25,0.0,0,3,7000.0,517.558081,0.0,12
7293.108794,1.0,0.0,0.0,0.0,1877.531533,0.0,0.0,0.0,0.333333,4,0,8500.0,1816.195475,0.0,12
1033.41108,1.0,1020.3,1020.3,0.0,180.93905,0.25,0.25,0.0,0.166667,2,16,1200.0,809.176783,0.0,12
1375.427868,1.0,0.0,0.0,0.0,1658.888269,0.0,0.0,0.0,0.166667,2,0,3000.0,474.560258,0.0,12
0.683939,0.181818,17.7,17.7,0.0,0.0,0.083333,0.083333,0.0,0.0,0,1,1500.0,18.825023,0.0,12
1328.569532,1.0,140.0,140.0,0.0,0.0,0.083333,0.083333,0.0,0.0,0,1,1600.0,326.461136,0.0,12
87.931814,0.909091,617.5,0.0,617.5,0.0,0.833333,0.0,0.833333,0.0,0,10,4000.0,740.045839,0.818182,12
8897.437228,1.0,3710.57,1600.0,2110.57,588.051695,1.0,0.083333,0.916667,0.083333,2,75,9000.0,2434.069001,0.0,12
140.120632,1.0,644.16,0.0,644.16,0.0,0.916667,0.0,0.833333,0.0,0,11,1500.0,399.905138,0.0,12
488.00991,1.0,102.98,0.0,102.98,0.0,0.166667,0.0,0.166667,0.0,0,2,7000.0,186.660086,0.0,12
3356.816523,1.0,0.0,0.0,0.0,1831.109653,0.0,0.0,0.0,0.1,1,0,3500.0,661.24329,0.0,10
2.796865,0.272727,170.92,170.92,0.0,0.0,0.583333,0.583333,0.0,0.0,0,7,4000.0,227.392057,0.0,12
2453.444449,1.0,622.16,0.0,622.16,0.0,0.666667,0.0,0.583333,0.0,0,8,2500.0,1205.366513,0.0,12
2146.005518,0.909091,469.83,469.83,0.0,0.0,0.818182,0.818182,0.0,0.0,0,10,8500.0,1025.916057,0.0,11
4504.79334,1.0,0.0,0.0,0.0,4707.988554,0.0,0.0,0.0,1.0,34,0,7500.0,1786.385347,0.0,12
1406.388339,1.0,542.7,542.7,0.0,305.496366,0.333333,0.333333,0.0,0.166667,2,8,1600.0,505.060863,0.0,12
4013.183067,1.0,2591.77,1956.09,635.68,1437.475493,1.0,0.75,1.0,0.25,4,54,8500.0,8342.187656,0.083333,12
11631.32337,1.0,14686.1,0.0,14686.1,3422.724703,1.0,0.0,1.0,0.083333,2,347,13600.0,11400.6013,0.0,12
1839.93046,1.0,26.12,26.12,0.0,158.971239,0.083333,0.083333,0.0,0.083333,1,1,1950.0,525.947589,0.0,12
845.307601,0.181818,0.0,0.0,0.0,5452.074197,0.0,0.0,0.0,0.083333,1,0,6000.0,1148.343858,0.0,12
1202.869845,1.0,0.0,0.0,0.0,1408.583789,0.0,0.0,0.0,0.142857,1,0,1500.0,388.040315,0.0,7
1076.586375,1.0,2204.54,877.89,1326.65,0.0,1.0,0.166667,1.0,0.0,0,50,1000.0,2514.502136,0.0,12
1593.619532,1.0,0.0,0.0,0.0,209.211041,0.0,0.0,0.0,0.166667,2,0,1800.0,612.459086,0.0,12
0.0,0.0,61.21,61.21,0.0,0.0,0.083333,0.083333,0.0,0.0,0,1,2600.0,0.0,0.0,12
22.242824,1.0,236.28,236.28,0.0,0.0,0.833333,0.833333,0.0,0.0,0,10,4000.0,258.45701,0.545455,12
132.993735,0.454545,1383.67,1358.77,24.9,0.0,0.416667,0.333333,0.166667,0.0,0,10,7000.0,1270.735859,0.0,12
5438.546318,1.0,287.43,0.0,287.43,1661.975726,0.75,0.0,0.666667,0.5,17,15,6500.0,1297.428044,0.0,12
666.123984,1.0,1999.7,351.0,1648.7,0.0,0.916667,0.25,0.75,0.0,0,15,3100.0,667.118376,0.2,12
1862.269621,0.909091,0.0,0.0,0.0,2934.816408,0.0,0.0,0.0,0.5,10,0,3000.0,970.716436,0.0,12
3616.001088,1.0,365.0,365.0,0.0,377.340385,0.166667,0.166667,0.0,0.083333,1,2,9500.0,1215.577201,0.0,12
1763.755481,1.0,2233.3,2233.3,0.0,0.0,0.083333,0.083333,0.0,0.0,0,2,13000.0,2209.056302,0.0,12
452.094148,1.0,5073.53,4752.26,321.27,0.0,1.0,1.0,0.666667,0.0,0,54,7000.0,3923.560419,1.0,12
64.162396,1.0,541.6,0.0,541.6,0.0,0.833333,0.0,0.75,0.0,0,10,7500.0,377.067598,0.363636,12
9342.15857,1.0,0.0,0.0,0.0,3666.845105,0.0,0.0,0.0,0.416667,7,0,11000.0,2308.545227,0.0,12
2267.245868,1.0,0.0,0.0,0.0,2577.952598,0.0,0.0,0.0,0.416667,5,0,3000.0,510.067074,0.0,12
1461.259621,1.0,178.67,0.0,178.67,0.0,0.5,0.0,0.5,0.0,0,6,6500.0,666.357134,0.0,12
844.837833,1.0,2196.38,1868.83,327.55,2716.83907,1.0,1.0,0.166667,0.416667,7,23,5000.0,3274.100331,0.0,12
1402.44598,1.0,0.0,0.0,0.0,109.398095,0.0,0.0,0.0,0.083333,1,0,1500.0,438.031669,0.0,12
1838.159648,1.0,0.0,0.0,0.0,713.245337,0.0,0.0,0.0,0.166667,9,0,3500.0,2958.852784,0.0,12
333.810017,1.0,4678.63,3389.73,1288.9,0.0,1.0,1.0,1.0,0.0,0,60,2500.0,3789.993246,1.0,12
4526.591303,1.0,1806.5,976.5,830.0,4354.491196,0.5,0.416667,0.166667,0.333333,5,11,9000.0,1329.600846,0.0,12
74.0153,1.0,546.7,0.0,546.7,0.0,0.833333,0.0,0.75,0.0,0,10,4000.0,673.234502,0.363636,12
88.492683,0.727273,0.0,0.0,0.0,438.517219,0.0,0.0,0.0,0.083333,1,0,2500.0,481.996972,0.083333,12
1508.80711,1.0,372.16,325.32,46.84,1172.467897,0.416667,0.25,0.333333,0.166667,9,11,2500.0,2948.81126,0.083333,12
3.925627,0.454545,17.8,17.8,0.0,0.0,0.083333,0.083333,0.0,0.0,0,1,2500.0,649.54356,0.5,12
65.207898,0.454545,350.0,350.0,0.0,0.0,0.083333,0.083333,0.0,0.0,0,1,8000.0,369.369235,0.0,12
10871.08518,1.0,0.0,0.0,0.0,4822.559803,0.0,0.0,0.0,0.166667,3,0,18000.0,2735.624602,0.0,12
1845.113513,1.0,258.9,258.9,0.0,251.188184,0.166667,0.166667,0.0,0.166667,2,3,2000.0,486.093032,0.0,12
4432.514906,1.0,1543.75,1543.75,0.0,2188.478475,0.75,0.75,0.0,0.5,11,12,9000.0,1042.51532,0.0,12
1133.652007,1.0,34.83,34.83,0.0,0.0,0.166667,0.166667,0.0,0.0,0,2,1200.0,309.340005,0.0,12
1054.466688,1.0,142.8,142.8,0.0,0.0,0.166667,0.166667,0.0,0.0,0,2,1200.0,515.767434,0.0,12
449.123098,1.0,65.0,65.0,0.0,354.816958,0.090909,0.090909,0.0,0.272727,6,1,2500.0,118.654655,0.0,11
1760.407415,1.0,0.0,0.0,0.0,364.974098,0.0,0.0,0.0,0.083333,1,0,3500.0,1868.315118,0.0,12
2308.191918,1.0,47.8,0.0,47.8,0.0,0.083333,0.0,0.083333,0.0,0,1,3000.0,617.883193,0.0,12
2007.080218,1.0,75.0,0.0,75.0,1270.19897,0.25,0.0,0.166667,0.166667,4,3,2500.0,453.694102,0.0,12
6045.192228,1.0,0.0,0.0,0.0,2628.993114,0.0,0.0,0.0,0.666667,17,0,8500.0,1507.863241,0.0,12
4393.939007,1.0,417.08,417.08,0.0,2126.961648,0.25,0.25,0.0,0.416667,7,3,5300.0,1026.406336,0.0,12
969.346477,0.545455,0.0,0.0,0.0,7217.705353,0.0,0.0,0.0,0.25,5,0,5200.0,7122.694558,0.166667,12
784.897871,1.0,0.0,0.0,0.0,312.283682,0.0,0.0,0.0,0.166667,3,0,1600.0,287.326954,0.0,12
509.900317,0.363636,21.0,0.0,21.0,0.0,0.083333,0.0,0.083333,0.0,0,1,11500.0,23150.57184,0.333333,12
124.561589,0.636364,1674.16,1674.16,0.0,0.0,0.583333,0.583333,0.0,0.0,0,60,1800.0,2397.018501,1.0,12
175.930384,0.333333,264.98,0.0,264.98,1556.629433,0.222222,0.0,0.111111,0.333333,3,6,1500.0,5379.820725,1.0,9
250.493739,1.0,500.67,500.67,0.0,0.0,0.166667,0.166667,0.0,0.0,0,3,12000.0,589.69489,0.166667,12
1735.137321,1.0,1879.92,1879.92,0.0,934.051432,0.454545,0.454545,0.0,0.272727,3,8,4000.0,3986.076109,0.090909,11
89.708187,1.0,1808.6,1808.6,0.0,450.417925,0.916667,0.916667,0.0,0.166667,3,26,7500.0,1890.186096,0.444444,12
1954.920348,1.0,1016.34,1016.34,0.0,0.0,0.333333,0.333333,0.0,0.0,0,9,7500.0,481.559934,0.0,12
81.860834,0.909091,710.09,392.0,318.09,0.0,0.583333,0.166667,0.416667,0.0,0,8,7500.0,684.774819,0.1,12
165.544411,0.818182,468.6,335.4,133.2,18.126683,1.0,0.25,1.0,0.083333,1,15,1700.0,1389.092134,0.0,12
935.778608,1.0,645.83,645.83,0.0,2607.507856,0.583333,0.583333,0.0,0.916667,43,12,6500.0,5524.371958,0.25,12
1574.330411,1.0,869.26,0.0,869.26,0.0,0.75,0.0,0.75,0.0,0,9,1500.0,1341.941189,0.0,12
833.62924,1.0,1171.28,856.28,315.0,0.0,1.0,1.0,1.0,0.0,0,24,6500.0,1034.871633,0.0,12
0.0,0.0,103.68,103.68,0.0,0.0,0.111111,0.111111,0.0,0.0,0,1,2500.0,230.652819,0.0,9
56.837819,0.727273,584.34,584.34,0.0,0.0,0.5,0.5,0.0,0.0,0,8,9500.0,1074.374998,0.1,12
51.759686,0.818182,256.5,0.0,256.5,0.0,0.583333,0.0,0.416667,0.0,0,7,4000.0,282.494417,0.0,12
2675.636728,1.0,1257.27,1115.92,141.35,0.0,0.916667,0.916667,0.583333,0.0,0,28,6000.0,1380.967309,0.0,12
1907.364819,1.0,192.88,138.0,54.88,0.0,0.583333,0.083333,0.5,0.0,0,9,7500.0,1484.679588,0.0,12
182.085903,1.0,1935.16,1935.16,0.0,0.0,0.833333,0.833333,0.0,0.0,0,26,13500.0,2559.793542,0.416667,12
243.590067,1.0,1995.25,410.21,1585.04,0.0,1.0,0.416667,1.0,0.0,0,49,5700.0,2413.9198,0.166667,12
2130.117689,1.0,63.38,0.0,63.38,1131.804112,0.166667,0.0,0.166667,0.25,5,3,2500.0,1125.751115,0.0,12
4660.384868,1.0,0.0,0.0,0.0,782.193415,0.0,0.0,0.0,0.333333,5,0,5000.0,1161.791759,0.0,12
129.314624,1.0,94.5,0.0,94.5,0.0,0.583333,0.0,0.583333,0.0,0,7,1500.0,132.94586,0.0,12
1963.239125,1.0,67.55,0.0,67.55,1935.971876,0.25,0.0,0.166667,0.333333,6,3,2500.0,459.929854,0.0,12
1166.660018,1.0,2452.69,1541.69,911.0,0.0,0.666667,0.416667,0.416667,0.0,0,13,1500.0,1259.60563,0.083333,12
42.996921,1.0,230.04,230.04,0.0,0.0,0.25,0.25,0.0,0.0,0,4,200.0,187.489678,0.0,12
4064.615698,1.0,351.0,0.0,351.0,2412.0422,0.75,0.0,0.666667,0.083333,3,9,5000.0,702.91438,0.0,12
25.095678,0.888889,177.76,0.0,177.76,0.0,0.888889,0.0,0.777778,0.0,0,8,1500.0,138.239594,0.285714,9
1149.160308,1.0,30.6,30.6,0.0,112.385792,0.083333,0.083333,0.0,0.25,3,1,3000.0,3169.387626,0.0,12
210.670699,1.0,2675.53,1132.69,1542.84,0.0,1.0,0.5,1.0,0.0,0,42,5000.0,2496.741743,0.727273,12
896.347796,1.0,0.0,0.0,0.0,989.764347,0.0,0.0,0.0,0.25,13,0,2500.0,280.037759,0.0,12
5709.486507,0.833333,0.0,0.0,0.0,2794.326341,0.0,0.0,0.0,1.166667,10,0,6000.0,550.513331,0.0,6
68.207625,0.363636,536.0,0.0,536.0,0.0,0.333333,0.0,0.25,0.0,0,4,4000.0,1204.801315,0.666667,12
82.483732,1.0,1301.05,30.0,1271.05,0.0,1.0,0.083333,1.0,0.0,0,22,7500.0,1264.358895,0.833333,12
95.267927,1.0,571.64,0.0,571.64,0.0,0.75,0.0,0.666667,0.0,0,14,8800.0,558.81781,0.0,12
4788.283283,1.0,0.0,0.0,0.0,437.808586,0.0,0.0,0.0,0.166667,2,0,5000.0,823.840717,0.0,12
13.922594,0.909091,182.1,0.0,182.1,0.0,0.833333,0.0,0.833333,0.0,0,10,5500.0,231.561711,0.8,12
6246.069586,1.0,0.0,0.0,0.0,5518.29804,0.0,0.0,0.0,0.166667,4,0,10000.0,1462.274274,0.0,12
409.38122,0.545455,3197.42,3197.42,0.0,1668.819905,0.333333,0.333333,0.0,0.166667,2,6,6000.0,5000.150942,1.0,12
3688.371995,1.0,0.0,0.0,0.0,10746.54538,0.0,0.0,0.0,1.0,63,0,7000.0,10906.06846,0.083333,12
2924.640322,1.0,0.0,0.0,0.0,6817.656826,0.0,0.0,0.0,0.333333,10,0,6500.0,2455.218599,0.0,12
67.869072,0.454545,502.52,0.0,502.52,0.0,0.333333,0.0,0.333333,0.0,0,4,1000.0,1297.259048,0.5,12
8571.315438,1.0,0.0,0.0,0.0,6543.824302,0.0,0.0,0.0,0.5,15,0,10000.0,2274.349191,0.0,12
6209.488896,1.0,0.0,0.0,0.0,3674.314806,0.0,0.0,0.0,0.166667,3,0,8500.0,1417.16906,0.0,12
73.189931,0.636364,199.96,199.96,0.0,0.0,0.083333,0.083333,0.0,0.0,0,1,2000.0,362.012001,0.0,12
8341.513474,1.0,5410.31,2265.38,3144.93,0.0,1.0,0.5,1.0,0.0,0,111,11100.0,4058.304036,0.0,12
1377.184745,1.0,0.0,0.0,0.0,173.972384,0.0,0.0,0.0,0.5,7,0,1500.0,366.247349,0.0,12
5532.653003,1.0,2491.83,1449.12,1042.71,3504.619697,0.916667,0.5,0.75,0.416667,16,37,10500.0,1683.540792,0.0,12
4445.044609,1.0,5714.5,3055.5,2659.0,3575.55006,1.0,0.166667,1.0,0.5,22,47,5000.0,9315.869127,0.083333,12
3747.079869,1.0,0.0,0.0,0.0,3970.509167,0.0,0.0,0.0,0.333333,6,0,6000.0,6841.765563,0.083333,12
124.117838,0.363636,14.98,14.98,0.0,0.0,0.083333,0.083333,0.0,0.0,0,1,1700.0,607.535166,0.0,12
5905.955278,1.0,1642.94,1642.94,0.0,2154.941692,0.333333,0.333333,0.0,0.416667,5,4,12200.0,1439.105644,0.0,12
4861.692801,1.0,54.25,0.0,54.25,2986.039891,0.333333,0.0,0.333333,0.333333,6,4,9000.0,1609.448663,0.0,12
7579.855749,1.0,4544.7,1583.96,2960.74,470.690431,1.0,0.5,1.0,0.166667,5,54,11500.0,1967.604336,0.0,12
13.141343,0.545455,850.44,150.0,700.44,0.0,1.0,0.083333,1.0,0.0,0,22,1000.0,766.489028,0.0,12
6023.720208,1.0,1182.08,432.25,749.83,4295.168396,1.0,0.083333,0.833333,0.083333,5,20,10000.0,3888.521014,0.0,12
189.722981,1.0,1771.78,231.23,1540.55,0.0,0.916667,0.166667,0.916667,0.0,0,27,6700.0,1678.622679,0.166667,12
1179.878115,1.0,0.0,0.0,0.0,127.034,0.0,0.0,0.0,0.333333,4,0,1200.0,400.481025,0.0,12
4653.854929,1.0,360.0,360.0,0.0,4267.21357,0.5,0.5,0.0,0.5,17,6,5000.0,2676.029302,0.0,12
355.125926,1.0,269.75,269.75,0.0,0.0,0.75,0.75,0.0,0.0,0,9,2000.0,960.623536,0.0,12
3122.507074,1.0,10755.68,6488.74,4266.94,573.846921,0.916667,0.833333,0.833333,0.166667,2,151,10000.0,5199.074518,0.0,12
2101.04762,1.0,184.0,184.0,0.0,1881.773648,0.166667,0.166667,0.0,0.666667,24,3,2500.0,2231.251407,0.0,12
76.046682,1.0,1440.93,26.61,1414.32,0.0,0.916667,0.083333,0.75,0.0,0,15,12000.0,1311.209483,0.875,12
868.808006,1.0,39.83,33.5,6.33,0.0,0.166667,0.083333,0.083333,0.0,0,2,1950.0,264.721497,0.0,12
1484.693487,1.0,399.96,0.0,399.96,0.0,1.0,0.0,1.0,0.0,0,12,1200.0,185.006776,0.0,12
826.019814,1.0,6856.25,6856.25,0.0,0.0,0.833333,0.833333,0.0,0.0,0,46,10500.0,6429.084786,0.4,12
423.629272,1.0,2485.54,2349.3,136.24,0.0,0.75,0.166667,0.583333,0.0,0,10,4500.0,2590.141003,0.375,12
2806.343181,1.0,0.0,0.0,0.0,274.463254,0.0,0.0,0.0,0.083333,3,0,3000.0,797.82877,0.0,12
1455.180323,1.0,81.1,81.1,0.0,249.897384,0.083333,0.083333,0.0,0.25,5,1,1800.0,377.255832,0.0,12
4839.379685,1.0,503.64,503.64,0.0,7811.002437,0.166667,0.166667,0.0,0.666667,17,2,10000.0,8307.329219,0.083333,12
3642.140907,1.0,3338.1,218.82,3119.28,0.0,1.0,0.166667,1.0,0.0,0,32,6000.0,1793.138722,0.0,12
305.506746,1.0,0.0,0.0,0.0,381.399683,0.0,0.0,0.0,0.333333,4,0,6000.0,402.20014,0.0,12
5379.384053,1.0,501.09,501.09,0.0,0.0,0.416667,0.416667,0.0,0.0,0,6,9000.0,1480.283481,0.0,12
1132.615315,1.0,136.19,136.19,0.0,0.0,0.166667,0.166667,0.0,0.0,0,2,5100.0,346.986446,0.0,12
172.316897,0.181818,368.49,368.49,0.0,1731.561995,0.083333,0.083333,0.0,0.166667,16,2,2500.0,0.0,0.0,12
215.015895,0.285714,0.0,0.0,0.0,1034.617513,0.0,0.0,0.0,0.285714,4,0,1500.0,0.0,0.0,7
2120.098679,1.0,0.0,0.0,0.0,4834.483762,0.0,0.0,0.0,0.25,10,0,6000.0,2856.303303,0.083333,12
1647.461444,1.0,323.55,323.55,0.0,0.0,0.75,0.75,0.0,0.0,0,9,5000.0,669.943854,0.0,12
2837.322217,1.0,35.0,35.0,0.0,804.52054,0.083333,0.083333,0.0,0.666667,12,1,3000.0,618.234466,0.0,12
926.218872,1.0,1218.92,0.0,1218.92,0.0,1.0,0.0,1.0,0.0,0,18,13000.0,2913.075304,0.0,12
1309.983442,1.0,504.5,207.6,296.9,2800.75903,0.833333,0.166667,0.75,0.583333,16,18,7500.0,1795.634727,0.083333,12
3.93442,0.636364,29.99,29.99,0.0,0.0,0.083333,0.083333,0.0,0.0,0,1,1800.0,18.769077,0.0,12
306.084815,0.888889,3200.0,0.0,3200.0,0.0,0.888889,0.0,0.777778,0.0,0,14,2500.0,3017.573426,0.2,9
2854.716657,1.0,0.0,0.0,0.0,333.917678,0.0,0.0,0.0,0.166667,2,0,3000.0,712.005753,0.0,12
10.811047,0.454545,85.5,0.0,85.5,0.0,0.25,0.0,0.166667,0.0,0,3,1500.0,245.987433,1.0,12
185.984965,0.454545,482.24,392.24,90.0,903.843591,0.272727,0.181818,0.090909,0.272727,8,8,1200.0,2333.997439,0.25,11
6533.312256,1.0,504.33,234.39,269.94,2308.315512,0.5,0.166667,0.5,0.25,5,8,11000.0,1670.6627,0.0,12
50.582235,0.909091,428.0,110.0,318.0,0.0,0.5,0.083333,0.333333,0.0,0,7,1700.0,541.419745,0.428571,12
545.767741,1.0,102.4,0.01,102.39,526.948456,0.75,0.083333,0.666667,0.083333,2,13,1500.0,812.543364,0.0,12
1592.974511,1.0,0.0,0.0,0.0,147.114012,0.0,0.0,0.0,0.333333,5,0,1700.0,326.19924,0.0,9
80.178891,1.0,1200.0,0.0,1200.0,0.0,1.0,0.0,0.916667,0.0,0,12,1200.0,1037.62728,1.0,12
715.044288,1.0,249.96,0.0,249.96,828.943053,1.0,0.0,0.833333,0.166667,2,6,1000.0,189.02697,0.0,6
752.26105,1.0,4019.86,3627.86,392.0,5632.549503,0.916667,0.916667,0.583333,0.333333,10,19,3000.0,7574.577354,0.875,12
168.909599,0.909091,2313.68,125.4,2188.28,0.0,1.0,0.166667,1.0,0.0,0,22,8000.0,2987.023425,0.909091,12
1256.034535,1.0,545.74,110.0,435.74,381.203187,0.583333,0.166667,0.5,0.166667,2,9,7000.0,561.983691,0.0,12
533.990908,0.545455,1286.1,1129.82,156.28,95.526303,0.5,0.25,0.416667,0.083333,1,29,1200.0,55.766782,0.0,12
79.462211,0.727273,1073.97,1073.97,0.0,0.0,0.416667,0.416667,0.0,0.0,0,5,8100.0,866.683765,0.222222,12
1152.591573,0.666667,50.0,50.0,0.0,2172.551397,0.166667,0.166667,0.0,0.166667,2,1,2500.0,99.26684,0.0,6
790.367002,1.0,3663.31,2744.88,918.43,0.0,1.0,1.0,0.833333,0.0,0,70,5000.0,4232.922974,0.0,12
2694.354265,1.0,0.0,0.0,0.0,3711.466877,0.0,0.0,0.0,0.75,36,0,8500.0,3388.94577,0.0,12
364.464393,0.818182,1050.76,1050.76,0.0,0.0,0.416667,0.416667,0.0,0.0,0,5,1200.0,1195.876023,0.0,12
173.329004,1.0,72.0,0.0,72.0,0.0,0.166667,0.0,0.166667,0.0,0,4,8050.0,191.693568,0.0,12
302.768674,1.0,3028.94,2033.94,995.0,0.0,0.916667,0.833333,0.166667,0.0,0,22,2400.0,2893.951915,0.9,12
870.783501,1.0,1813.87,916.2,897.67,0.0,1.0,0.5,1.0,0.0,0,25,7500.0,1483.654129,0.0,12
2806.264846,1.0,1021.66,25.0,996.66,0.0,0.166667,0.083333,0.083333,0.0,0,3,6500.0,728.025537,0.0,12
425.966019,1.0,2219.33,2060.5,158.83,0.0,0.416667,0.083333,0.333333,0.0,0,8,9000.0,2268.864868,0.083333,12
1525.063274,1.0,150.0,150.0,0.0,264.96017,0.083333,0.083333,0.0,0.083333,1,3,1800.0,733.240634,0.0,12
1060.209389,1.0,43.2,0.0,43.2,176.22717,0.166667,0.0,0.083333,0.333333,4,2,1200.0,676.139575,0.0,12
1068.046178,1.0,1632.83,285.0,1347.83,0.0,1.0,0.166667,1.0,0.0,0,22,3600.0,3541.399754,0.0,12
6533.309582,1.0,0.0,0.0,0.0,4257.018953,0.0,0.0,0.0,0.333333,11,0,8500.0,1691.047119,0.0,12
128.558239,1.0,720.0,0.0,720.0,0.0,1.0,0.0,0.916667,0.0,0,12,1000.0,598.322582,0.090909,12
1502.292117,1.0,0.0,0.0,0.0,188.762242,0.0,0.0,0.0,0.083333,1,0,4600.0,544.978537,0.0,12
999.528562,1.0,662.98,583.0,79.98,495.595993,0.363636,0.363636,0.090909,0.181818,2,8,1400.0,691.407037,0.0,11
864.760723,1.0,1894.5,1601.7,292.8,808.489505,1.0,0.5,0.75,0.166667,3,24,4100.0,1295.954973,0.083333,12
465.332882,1.0,6920.08,5182.71,1737.37,0.0,0.833333,0.583333,0.5,0.0,0,34,9500.0,5691.439238,0.636364,12
2187.00313,0.9,0.0,0.0,0.0,892.792807,0.0,0.0,0.0,0.1,2,0,3000.0,460.103356,0.0,10
2073.595183,1.0,1716.11,1716.11,0.0,0.0,0.333333,0.333333,0.0,0.0,0,7,7000.0,1608.073274,0.0,12
3592.56906,1.0,0.0,0.0,0.0,1286.356207,0.0,0.0,0.0,0.333333,5,0,4500.0,820.438917,0.0,12
1861.43505,1.0,247.45,0.0,247.45,3760.827918,0.583333,0.0,0.5,0.083333,10,7,4000.0,903.972319,0.083333,12
1176.753991,1.0,0.0,0.0,0.0,1817.167913,0.0,0.0,0.0,0.333333,6,0,2000.0,768.296414,0.0,12
146.647091,1.0,866.57,684.87,181.7,0.0,0.5,0.333333,0.166667,0.0,0,12,2500.0,1085.866453,0.090909,12
1396.385805,1.0,25.2,25.2,0.0,1920.24988,0.083333,0.083333,0.0,0.583333,19,1,2500.0,410.617369,0.0,12
48.272361,0.727273,750.0,250.0,500.0,0.0,0.5,0.083333,0.333333,0.0,0,8,6500.0,912.949944,0.0,12
1440.568286,1.0,0.0,0.0,0.0,56.461898,0.0,0.0,0.0,0.166667,2,0,1500.0,474.645124,0.0,12
7595.24699,1.0,1422.12,1196.98,225.14,4798.127161,0.75,0.333333,0.5,0.666667,14,23,10000.0,2283.468603,0.0,12
473.679359,1.0,2580.63,1608.74,971.89,0.0,1.0,1.0,0.833333,0.0,0,64,8500.0,2358.035548,0.0,12
3613.551586,1.0,2653.49,2033.01,620.48,3516.374364,0.833333,0.666667,0.5,0.666667,20,38,6500.0,868.565652,0.0,12
1.366727,0.545455,0.0,0.0,0.0,191.751369,0.0,0.0,0.0,0.083333,1,0,1200.0,594.099172,0.166667,12
686.657879,1.0,2476.45,1624.5,851.95,253.273353,1.0,0.75,1.0,0.083333,1,35,4000.0,1600.734366,0.083333,12
6100.396015,1.0,0.0,0.0,0.0,5312.922403,0.0,0.0,0.0,0.666667,13,0,12000.0,1460.027383,0.0,12
5926.922151,1.0,2325.75,2325.75,0.0,461.862131,0.5,0.5,0.0,0.25,3,25,13000.0,1489.518098,0.0,12
1135.452712,1.0,374.94,0.0,374.94,1062.414129,1.0,0.0,0.888889,0.111111,2,9,1200.0,415.322291,0.0,9
1502.972028,1.0,673.8,673.8,0.0,1187.524461,1.0,1.0,0.0,0.25,6,12,2400.0,2925.653927,0.0,12
1355.179528,1.0,0.0,0.0,0.0,119.945758,0.0,0.0,0.0,0.083333,2,0,1500.0,338.541279,0.0,12
2962.757731,1.0,4398.65,300.0,4098.65,2483.768145,1.0,0.083333,1.0,0.333333,9,47,3000.0,7109.795209,0.083333,12
1467.458994,0.909091,497.83,434.8,63.03,0.0,0.727273,0.545455,0.181818,0.0,0,14,1500.0,726.488879,0.0,11
1737.037252,1.0,2432.9,1800.0,632.9,0.0,1.0,0.083333,0.916667,0.0,0,19,5000.0,1500.221266,0.0,12
3866.85069,1.0,0.0,0.0,0.0,762.875848,0.0,0.0,0.0,0.181818,3,0,10000.0,708.94961,0.0,11
1637.51006,1.0,0.0,0.0,0.0,6050.562566,0.0,0.0,0.0,0.666667,22,0,6500.0,5587.314274,0.0,12
2948.881234,1.0,840.48,510.0,330.48,411.828101,0.5,0.25,0.333333,0.166667,7,15,3000.0,1520.923579,0.0,12
10.785694,0.444444,384.4,0.0,384.4,0.0,0.888889,0.0,0.777778,0.0,0,8,1500.0,655.428475,0.333333,9
126.32794,0.909091,718.01,718.01,0.0,0.0,0.25,0.25,0.0,0.0,0,5,7500.0,1067.973689,0.0,12
3862.125712,1.0,812.78,676.8,135.98,3217.292489,0.5,0.333333,0.25,0.583333,13,14,6000.0,803.736956,0.0,12
2105.898309,1.0,0.0,0.0,0.0,217.314696,0.0,0.0,0.0,0.333333,5,0,2250.0,569.815997,0.0,12
4891.896666,1.0,915.81,0.0,915.81,1678.175594,0.583333,0.0,0.5,0.25,5,7,7500.0,1164.557472,0.0,12
1299.826045,1.0,599.74,524.5,75.24,160.70672,0.25,0.083333,0.166667,0.166667,2,5,1500.0,589.628198,0.0,12
68.707804,1.0,774.91,774.91,0.0,0.0,1.0,1.0,0.0,0.0,0,12,7500.0,1209.741424,1.0,12
589.130175,1.0,1669.58,1060.58,609.0,0.0,0.75,0.583333,0.416667,0.0,0,17,3000.0,2883.911526,0.0,12
820.163313,1.0,680.14,0.0,680.14,0.0,0.75,0.0,0.666667,0.0,0,18,1200.0,1178.247173,0.0,12
282.873015,1.0,484.49,305.0,179.49,0.0,0.666667,0.416667,0.416667,0.0,0,15,1000.0,341.883623,0.083333,12
3367.300661,1.0,898.18,798.78,99.4,0.0,0.166667,0.166667,0.083333,0.0,0,7,6500.0,855.157235,0.0,12
1299.092905,1.0,323.99,323.99,0.0,10614.20378,0.083333,0.083333,0.0,0.25,19,1,8500.0,2222.007132,0.0,12
93.358273,0.857143,1094.41,220.01,874.4,0.0,0.857143,0.142857,0.714286,0.0,0,16,1500.0,780.526454,1.0,7
1872.458334,1.0,220.0,220.0,0.0,330.0146,0.083333,0.083333,0.0,0.166667,2,1,2000.0,716.568489,0.0,12
11.78569,0.272727,69.9,69.9,0.0,0.0,0.083333,0.083333,0.0,0.0,0,1,2000.0,266.254303,0.0,12
1694.125362,1.0,437.52,172.6,264.92,0.0,0.916667,0.166667,0.916667,0.0,0,13,1800.0,797.134098,0.0,12
62.986919,1.0,693.43,62.0,631.43,0.0,1.0,0.083333,0.916667,0.0,0,15,8500.0,593.0196,1.0,12
4005.202539,1.0,1425.23,1208.45,216.78,2637.011333,1.0,1.0,0.416667,0.333333,6,46,5550.0,1607.054463,0.0,12
1887.939311,1.0,0.0,0.0,0.0,1535.271649,0.0,0.0,0.0,0.166667,3,0,6700.0,567.78086,0.0,12
1003.774921,1.0,161.27,161.27,0.0,0.0,0.333333,0.333333,0.0,0.0,0,8,1200.0,257.638043,0.0,12
877.354533,1.0,6954.28,6441.4,512.88,61.792952,1.0,1.0,1.0,0.083333,1,105,9000.0,7486.398825,0.166667,12
670.425221,1.0,349.0,0.0,349.0,0.0,0.166667,0.0,0.083333,0.0,0,2,1950.0,563.652253,0.0,12
15.669963,0.714286,70.81,0.0,70.81,0.0,0.714286,0.0,0.571429,0.0,0,7,1500.0,16.385421,0.333333,7
892.102792,1.0,0.0,0.0,0.0,276.598043,0.0,0.0,0.0,0.416667,7,0,900.0,511.767875,0.0,12
1037.137052,1.0,549.0,549.0,0.0,882.773966,0.25,0.25,0.0,0.333333,5,3,4000.0,2521.277415,0.181818,12
3278.259894,1.0,1581.43,1296.74,284.69,0.0,0.583333,0.333333,0.5,0.0,0,41,8500.0,996.350965,0.0,12
930.286054,1.0,3039.16,439.16,2600.0,0.0,1.0,1.0,0.916667,0.0,0,26,2500.0,2991.900221,0.083333,12
61.921514,0.181818,655.21,655.21,0.0,0.0,0.166667,0.166667,0.0,0.0,0,2,1500.0,116.093233,0.0,12
3765.693221,1.0,0.0,0.0,0.0,1700.400179,0.0,0.0,0.0,0.454545,8,0,4000.0,745.344919,0.0,11
962.855497,0.909091,1839.69,1501.05,338.64,0.0,0.833333,0.25,0.583333,0.0,0,19,5000.0,1331.30538,0.0,12
935.367518,0.818182,2186.22,1774.12,412.1,0.0,0.416667,0.333333,0.25,0.0,0,35,1700.0,3159.774947,0.0,12
2640.820976,0.9,1167.86,0.0,1167.86,3463.175221,0.8,0.0,0.7,0.6,15,13,8000.0,538.132963,0.0,10
39.670161,1.0,319.92,0.0,319.92,0.0,1.0,0.0,1.0,0.0,0,12,10000.0,365.863745,0.727273,12
1158.783497,1.0,183.0,183.0,0.0,0.0,0.166667,0.166667,0.0,0.0,0,3,1200.0,271.548882,0.0,12
1518.339584,1.0,1435.79,762.12,673.67,0.0,0.916667,0.333333,0.75,0.0,0,27,1500.0,1075.686261,0.0,12
2158.754686,1.0,0.0,0.0,0.0,3027.725404,0.0,0.0,0.0,0.5,7,0,9000.0,1392.104949,0.0,12
6882.811896,1.0,2480.63,2038.24,442.39,1657.436894,0.916667,0.833333,0.583333,0.5,12,48,8500.0,1876.060624,0.0,12
132.353911,1.0,358.34,0.0,358.34,0.0,0.916667,0.0,0.833333,0.0,0,16,1500.0,85.938437,0.0,12
3732.224017,1.0,0.0,0.0,0.0,2167.305318,0.0,0.0,0.0,0.833333,23,0,4500.0,1086.72505,0.0,12
1089.475719,1.0,0.0,0.0,0.0,287.364895,0.0,0.0,0.0,0.083333,1,0,3000.0,373.306733,0.0,12
434.71366,1.0,1971.57,450.94,1520.63,0.0,0.583333,0.25,0.5,0.0,0,24,6700.0,616.189722,0.0,12
246.688528,0.909091,297.96,0.0,297.96,0.0,0.916667,0.0,0.916667,0.0,0,11,1000.0,1333.301174,0.0,12
8161.84873,1.0,5519.0,4986.43,532.57,0.0,1.0,1.0,0.583333,0.0,0,91,9000.0,3723.833142,0.0,12
35.276551,1.0,22.48,22.48,0.0,0.0,0.083333,0.083333,0.0,0.0,0,1,7500.0,68.205028,0.0,12
87.908147,0.545455,895.11,895.11,0.0,0.0,0.25,0.25,0.0,0.0,0,5,16500.0,1082.659906,0.0,12
215.993595,1.0,835.71,0.0,835.71,0.0,1.0,0.0,0.916667,0.0,0,28,5500.0,794.991453,0.0,12
3333.963106,1.0,934.07,841.07,93.0,0.0,0.916667,0.916667,0.416667,0.0,0,19,11500.0,867.272423,0.0,12
6071.895277,1.0,204.8,0.0,204.8,4283.656363,0.75,0.0,0.75,0.833333,13,9,7000.0,1892.355319,0.0,12
63.169044,1.0,806.71,806.71,0.0,0.0,1.0,1.0,0.0,0.0,0,14,7500.0,705.485115,0.181818,12
1326.334307,1.0,2484.76,374.18,2110.58,0.0,1.0,0.25,1.0,0.0,0,39,7500.0,400.178807,0.0,12
1088.996599,1.0,0.0,0.0,0.0,2475.856774,0.0,0.0,0.0,0.75,10,0,2500.0,170.234238,0.0,8
4146.601225,1.0,521.32,200.0,321.32,2054.006911,0.666667,0.083333,0.666667,0.416667,8,9,5000.0,1147.148308,0.0,12
2240.079824,1.0,0.0,0.0,0.0,7955.964618,0.0,0.0,0.0,0.333333,8,0,3000.0,8064.891702,0.166667,12
440.263759,1.0,891.66,891.66,0.0,0.0,0.25,0.25,0.0,0.0,0,3,7500.0,619.251006,0.0,12
642.939211,0.545455,0.0,0.0,0.0,1936.701702,0.0,0.0,0.0,0.166667,5,0,1950.0,3997.53568,0.25,12
67.515739,0.909091,640.48,640.48,0.0,0.0,0.75,0.75,0.0,0.0,0,12,500.0,531.228483,0.090909,12
625.292621,1.0,1215.64,1215.64,0.0,0.0,0.083333,0.083333,0.0,0.0,0,1,2500.0,297.914805,0.0,12
25.766006,1.0,290.0,0.0,290.0,0.0,1.0,0.0,0.916667,0.0,0,12,1500.0,262.366918,1.0,12
3197.652201,1.0,0.0,0.0,0.0,4179.249342,0.0,0.0,0.0,0.166667,2,0,5000.0,6103.93835,0.083333,12
39.432667,1.0,442.76,0.0,442.76,0.0,1.0,0.0,1.0,0.0,0,13,2100.0,482.712777,0.714286,12
2651.966491,1.0,0.0,0.0,0.0,1680.241238,0.0,0.0,0.0,0.25,5,0,3000.0,771.905711,0.0,12
186.130209,0.636364,2546.94,1136.36,1410.58,0.0,0.666667,0.333333,0.583333,0.0,0,15,12000.0,4633.517467,1.0,12
669.973636,0.545455,0.0,0.0,0.0,1479.440572,0.0,0.0,0.0,0.166667,3,0,3000.0,1616.215963,0.0,12
25.897329,1.0,299.65,299.65,0.0,0.0,1.0,1.0,0.0,0.0,0,12,9000.0,261.779201,0.818182,12
1243.734425,1.0,0.0,0.0,0.0,306.3199,0.0,0.0,0.0,0.166667,3,0,1500.0,635.639502,0.0,12
1965.881663,1.0,3782.09,2450.0,1332.09,0.0,0.833333,0.083333,0.666667,0.0,0,11,1800.0,3988.944816,0.083333,12
140.715619,0.888889,1562.4,0.0,1562.4,0.0,0.888889,0.0,0.888889,0.0,0,12,2500.0,1140.945539,0.222222,9
31.285608,0.636364,1013.0,0.0,1013.0,0.0,0.583333,0.0,0.416667,0.0,0,7,4500.0,1486.232552,0.0,12
115.593266,0.818182,46.3,0.0,46.3,378.517888,0.083333,0.0,0.083333,0.083333,1,1,7500.0,450.775587,0.0,12
1055.613983,1.0,0.0,0.0,0.0,378.769414,0.0,0.0,0.0,0.333333,4,0,1200.0,1328.486686,0.083333,12
874.800721,0.909091,0.0,0.0,0.0,557.540201,0.0,0.0,0.0,0.166667,2,0,1700.0,1915.107195,0.090909,12
14.9447,0.636364,381.5,0.0,381.5,0.0,0.583333,0.0,0.583333,0.0,0,7,3000.0,602.003541,0.666667,12
118.463635,0.818182,1572.67,1572.67,0.0,0.0,0.583333,0.583333,0.0,0.0,0,14,5000.0,1838.425899,0.8,12
551.175183,1.0,1711.11,537.42,1173.69,0.0,1.0,0.416667,1.0,0.0,0,51,4000.0,1581.285232,0.0,12
144.080651,1.0,1526.54,1005.69,520.85,0.0,0.75,0.25,0.5,0.0,0,20,3000.0,0.0,0.0,12
673.930629,1.0,689.93,0.0,689.93,916.447583,0.833333,0.0,0.75,0.083333,2,14,1800.0,1603.66063,0.0,12
122.062129,1.0,924.69,422.0,502.69,0.0,0.5,0.083333,0.416667,0.0,0,11,6300.0,789.33314,0.363636,12
72.033516,1.0,837.43,39.0,798.43,0.0,1.0,0.083333,1.0,0.0,0,22,2500.0,948.576582,0.583333,12
4350.643699,0.9,1021.19,441.55,579.64,11220.76636,0.8,0.1,0.7,0.5,20,20,6000.0,7137.368582,0.125,10
1413.006634,1.0,1678.69,1528.69,150.0,392.356874,0.5,0.166667,0.333333,0.083333,1,8,1800.0,2308.456562,0.083333,12
1253.764799,1.0,666.98,666.98,0.0,0.0,0.916667,0.916667,0.0,0.0,0,12,2400.0,3038.416025,0.083333,12
260.636327,1.0,673.28,673.28,0.0,477.616267,0.583333,0.583333,0.0,0.25,6,29,300.0,1150.334467,0.272727,12
87.296391,0.636364,897.56,897.56,0.0,0.0,0.416667,0.416667,0.0,0.0,0,7,4000.0,880.271979,0.2,12
2024.488164,1.0,0.0,0.0,0.0,1374.874243,0.0,0.0,0.0,0.083333,1,0,3000.0,3398.082374,0.083333,12
52.485431,1.0,1476.02,644.07,831.95,0.0,1.0,0.833333,1.0,0.0,0,41,7000.0,1149.01904,0.454545,12
11.736675,1.0,119.28,0.0,119.28,0.0,1.0,0.0,1.0,0.0,0,12,1700.0,115.257036,0.444444,12
3242.285167,1.0,0.0,0.0,0.0,2732.692813,0.0,0.0,0.0,0.916667,28,0,6000.0,766.465991,0.0,12
1716.340133,1.0,184.23,0.0,184.23,0.0,1.0,0.0,1.0,0.0,0,13,1700.0,510.451516,0.0,12
919.85102,1.0,0.0,0.0,0.0,1483.168185,0.0,0.0,0.0,0.25,3,0,2000.0,2087.8452,0.083333,12
634.088475,0.75,2194.29,2065.25,129.04,0.0,0.75,0.625,0.375,0.0,0,14,10000.0,408.701268,0.2,8
1337.229284,1.0,6661.25,5805.5,855.75,0.0,1.0,1.0,0.5,0.0,0,108,1700.0,5936.298921,0.0,12
1700.502651,1.0,0.0,0.0,0.0,257.198087,0.0,0.0,0.0,0.083333,1,0,2500.0,819.6874,0.0,12
433.436164,1.0,2552.55,626.51,1926.04,0.0,1.0,1.0,0.916667,0.0,0,28,5000.0,2828.817452,0.0,12
193.103834,1.0,246.56,246.56,0.0,0.0,0.25,0.25,0.0,0.0,0,3,600.0,3540.713522,0.083333,12
58.924277,1.0,449.4,0.0,449.4,0.0,1.0,0.0,1.0,0.0,0,12,2000.0,420.654043,0.545455,12
1995.332004,1.0,0.0,0.0,0.0,209.970707,0.0,0.0,0.0,0.416667,5,0,2000.0,510.542442,0.0,12
2075.637866,0.454545,0.0,0.0,0.0,4573.876388,0.0,0.0,0.0,0.083333,1,0,7500.0,1146.220278,0.0,12
0.0,0.0,125.37,0.0,125.37,0.0,1.0,0.0,1.0,0.0,0,7,1500.0,0.0,0.0,7
1199.490675,1.0,2093.55,1727.08,366.47,0.0,1.0,0.916667,0.333333,0.0,0,35,4000.0,2833.409817,0.083333,12
3576.905009,1.0,0.0,0.0,0.0,2224.867516,0.0,0.0,0.0,0.333333,8,0,4000.0,755.884496,0.0,12
1034.253025,1.0,144.0,0.0,144.0,365.613498,1.0,0.0,1.0,0.083333,3,12,1000.0,373.833477,0.0,12
31.934855,1.0,533.52,0.0,533.52,0.0,1.0,0.0,1.0,0.0,0,20,10000.0,586.42543,1.0,12
1523.552696,1.0,1810.0,1810.0,0.0,0.0,0.1,0.1,0.0,0.0,0,1,1850.0,368.561315,0.0,10
55.805523,1.0,1343.88,0.0,1343.88,0.0,1.0,0.0,1.0,0.0,0,24,5700.0,1278.431749,1.0,12
84.537586,0.909091,547.54,157.54,390.0,0.0,0.583333,0.083333,0.416667,0.0,0,7,6000.0,657.978173,0.111111,12
2271.936696,1.0,2386.88,173.26,2213.62,0.0,1.0,0.083333,1.0,0.0,0,40,5000.0,917.290601,0.0,12
2178.733642,1.0,0.0,0.0,0.0,988.704211,0.0,0.0,0.0,0.1,1,0,3000.0,642.035001,0.0,10
348.813275,1.0,0.0,0.0,0.0,27.740449,0.0,0.0,0.0,0.083333,1,0,150.0,804.063354,0.083333,12
2499.228939,1.0,217.37,0.0,217.37,5197.145458,0.833333,0.0,0.666667,0.5,3,11,10000.0,360.742975,0.0,6
20.661831,0.454545,298.8,0.0,298.8,0.0,0.416667,0.0,0.333333,0.0,0,5,5000.0,529.767238,1.0,12
127.727053,1.0,0.0,0.0,0.0,341.642911,0.0,0.0,0.0,0.083333,2,0,11000.0,1489.306631,0.0,12
1943.038819,1.0,0.0,0.0,0.0,399.745986,0.0,0.0,0.0,0.166667,4,0,2000.0,748.233144,0.0,12
2861.242925,0.909091,0.0,0.0,0.0,725.809616,0.0,0.0,0.0,0.083333,1,0,4500.0,5134.288965,0.090909,12
933.622145,1.0,2873.87,1756.23,1117.64,342.602229,1.0,0.333333,1.0,0.166667,2,32,7000.0,2361.792954,0.083333,12
223.786947,1.0,5094.41,3744.41,1350.0,1076.426136,1.0,0.916667,0.416667,0.166667,4,53,3000.0,5874.101847,0.666667,12
2546.677419,1.0,0.0,0.0,0.0,555.691078,0.0,0.0,0.0,0.333333,4,0,3000.0,629.301315,0.0,12
3782.000774,1.0,60.0,60.0,0.0,104.521972,0.083333,0.083333,0.0,0.083333,1,1,5000.0,894.056461,0.0,12
1294.145453,1.0,3059.1,1836.98,1222.12,0.0,1.0,0.416667,1.0,0.0,0,42,7000.0,5560.033502,0.083333,12
5.265937,0.363636,22.5,0.0,22.5,0.0,0.083333,0.0,0.083333,0.0,0,1,3000.0,819.881055,0.0,12
3774.277331,0.7,0.0,0.0,0.0,7911.027809,0.0,0.0,0.0,0.5,11,0,9000.0,897.98134,0.0,10
1204.873791,1.0,0.0,0.0,0.0,58.18308,0.0,0.0,0.0,0.166667,2,0,1500.0,1658.132051,0.083333,12
1710.418727,0.8,0.0,0.0,0.0,2813.620582,0.0,0.0,0.0,0.3,9,0,2500.0,1337.799917,0.0,10
9111.704896,1.0,980.0,0.0,980.0,7202.118275,0.5,0.0,0.416667,0.5,28,6,10000.0,2349.045262,0.0,12
651.236224,1.0,1696.62,1425.22,271.4,0.0,1.0,1.0,0.333333,0.0,0,36,4600.0,1677.445455,0.0,12
592.919388,1.0,105.0,0.0,105.0,0.0,0.166667,0.0,0.083333,0.0,0,2,6600.0,419.484901,0.0,12
711.174631,1.0,155.39,155.39,0.0,0.0,0.166667,0.166667,0.0,0.0,0,4,8500.0,615.867397,0.0,12
24.635116,1.0,205.92,0.0,205.92,0.0,1.0,0.0,0.888889,0.0,0,9,1500.0,189.085208,0.857143,9
1516.547224,1.0,565.61,0.0,565.61,0.0,1.0,0.0,1.0,0.0,0,17,1500.0,857.794499,0.0,12
5055.816826,1.0,126.68,0.0,126.68,1854.786122,0.333333,0.0,0.25,0.75,12,4,5500.0,1368.530409,0.0,12
10092.23573,1.0,8710.72,6799.79,1910.93,0.0,1.0,0.75,0.833333,0.0,0,83,18000.0,4557.360839,0.0,12
2447.872198,1.0,2108.56,1563.4,545.16,0.0,0.916667,0.416667,0.916667,0.0,0,14,7000.0,730.926311,0.0,12
1040.419338,1.0,307.92,0.0,307.92,18.616675,1.0,0.0,1.0,0.083333,1,17,1000.0,340.87911,0.0,12
951.675294,1.0,0.0,0.0,0.0,1090.520215,0.0,0.0,0.0,0.272727,3,0,1200.0,178.362607,0.0,11
4315.123399,1.0,3927.58,2238.34,1689.24,0.0,1.0,0.416667,1.0,0.0,0,21,11000.0,1518.432988,0.0,12
5998.431562,0.909091,0.0,0.0,0.0,7120.317519,0.0,0.0,0.0,0.083333,2,0,8500.0,1629.632001,0.0,12
4345.879999,1.0,0.0,0.0,0.0,5114.886055,0.0,0.0,0.0,0.166667,5,0,5000.0,1035.564747,0.0,12
2280.447419,1.0,1681.78,1219.0,462.78,0.0,1.0,0.25,0.916667,0.0,0,21,7500.0,1398.406343,0.0,12
2104.961701,0.727273,4115.95,230.5,3885.45,9358.071183,0.833333,0.166667,0.666667,0.916667,20,59,8000.0,15172.58535,0.0,12
3146.619037,1.0,161.44,161.44,0.0,1293.405174,0.166667,0.166667,0.0,0.333333,5,3,4000.0,888.223787,0.0,12
9993.352521,1.0,0.0,0.0,0.0,3299.665576,0.0,0.0,0.0,0.5,10,0,14500.0,2580.47736,0.0,12
1755.193192,1.0,0.0,0.0,0.0,1657.887522,0.0,0.0,0.0,0.166667,5,0,1800.0,310.988036,0.0,12
387.646975,1.0,2900.84,900.6,2000.24,0.0,1.0,0.416667,1.0,0.0,0,54,7500.0,2581.347865,0.333333,12
3443.287685,1.0,500.0,500.0,0.0,0.0,0.083333,0.083333,0.0,0.0,0,1,7000.0,1073.265004,0.0,12
1765.502751,1.0,2129.44,2129.44,0.0,506.593406,0.5,0.5,0.0,0.083333,2,6,4450.0,1893.259541,0.0,12
43.775427,1.0,523.64,523.64,0.0,0.0,1.0,1.0,0.0,0.0,0,15,6500.0,492.097703,0.75,12
98.418953,0.555556,0.0,0.0,0.0,2327.566908,0.0,0.0,0.0,0.444444,15,0,1500.0,2535.544366,0.25,9
758.188531,1.0,0.0,0.0,0.0,305.653048,0.0,0.0,0.0,0.166667,2,0,1950.0,388.247865,0.0,12
2341.505917,1.0,1231.59,390.05,841.54,0.0,1.0,0.083333,1.0,0.0,0,26,7600.0,1218.749713,0.0,12
10124.47214,1.0,4795.49,2006.02,2789.47,0.0,1.0,0.666667,1.0,0.0,0,87,15000.0,2552.784306,0.0,12
134.786311,1.0,515.42,137.0,378.42,0.0,1.0,0.25,1.0,0.0,0,32,2000.0,166.24989,0.0,12
1225.201454,1.0,1842.64,1842.64,0.0,0.0,0.583333,0.583333,0.0,0.0,0,8,1200.0,2326.84606,0.0,12
190.650694,1.0,1954.08,776.49,1177.59,0.0,1.0,0.583333,1.0,0.0,0,64,4000.0,2012.696604,1.0,12
3788.416968,0.857143,718.06,608.02,110.04,6348.57393,0.857143,0.428571,0.428571,0.571429,19,9,7500.0,294.502943,0.0,7
73.353928,0.4,0.0,0.0,0.0,380.852744,0.0,0.0,0.0,0.1,2,0,1200.0,1035.473514,0.5,10
1123.476228,1.0,933.38,497.6,435.78,2721.894656,0.666667,0.416667,0.583333,0.5,13,21,4000.0,339.284273,0.0,12
1323.270862,1.0,0.0,0.0,0.0,681.498916,0.0,0.0,0.0,0.25,7,0,1500.0,848.816024,0.0,12
14.289109,0.909091,275.21,0.0,275.21,0.0,1.0,0.0,1.0,0.0,0,18,7500.0,384.69094,0.6,12
791.778273,0.818182,0.0,0.0,0.0,3058.096526,0.0,0.0,0.0,0.416667,7,0,3000.0,2877.697274,0.142857,12
536.104848,1.0,8591.31,8008.5,582.81,0.0,0.916667,0.666667,0.166667,0.0,0,14,1000.0,8390.497243,0.416667,12
228.925466,1.0,2084.18,2084.18,0.0,0.0,1.0,1.0,0.0,0.0,0,28,1000.0,2034.867192,1.0,12
3193.320102,1.0,1887.25,1103.23,784.02,0.0,1.0,0.833333,1.0,0.0,0,48,10500.0,8817.138726,0.166667,12
1283.032349,1.0,0.0,0.0,0.0,75.783817,0.0,0.0,0.0,0.166667,2,0,1500.0,398.772365,0.0,12
31.107711,0.272727,230.0,0.0,230.0,0.0,0.166667,0.0,0.166667,0.0,0,2,4500.0,1314.252082,1.0,12
41.301246,1.0,655.79,655.79,0.0,0.0,1.0,1.0,0.0,0.0,0,13,6000.0,685.985441,1.0,12
2077.343786,1.0,479.94,195.0,284.94,344.256221,0.75,0.25,0.666667,0.166667,4,13,2500.0,619.598735,0.0,12
3822.394483,1.0,2239.1,1789.7,449.4,0.0,1.0,1.0,0.666667,0.0,0,39,5300.0,944.21011,0.0,12
2966.034939,1.0,0.0,0.0,0.0,1607.410863,0.0,0.0,0.0,0.25,17,0,3500.0,770.65505,0.0,12
6046.821082,1.0,502.48,502.48,0.0,3143.218022,0.2,0.2,0.0,0.2,2,3,9000.0,2034.824228,0.0,10
868.044414,1.0,8443.97,7506.99,936.98,1637.416111,1.0,1.0,0.583333,0.25,6,46,9000.0,7793.279324,0.909091,12
1861.08737,1.0,1752.06,1417.18,334.88,0.0,0.916667,0.583333,0.666667,0.0,0,32,3500.0,737.941555,0.0,12
5944.084692,1.0,0.0,0.0,0.0,584.439061,0.0,0.0,0.0,0.416667,7,0,6000.0,1523.589544,0.0,12
909.164049,0.454545,200.0,200.0,0.0,3213.624456,0.083333,0.083333,0.0,0.416667,13,1,4000.0,149.396413,0.0,12
152.983848,0.375,0.0,0.0,0.0,451.815934,0.0,0.0,0.0,0.125,1,0,1200.0,54.712966,0.0,8
3682.715337,1.0,0.0,0.0,0.0,789.024025,0.0,0.0,0.0,0.416667,16,0,4200.0,980.81081,0.0,12
3124.579024,1.0,1620.09,1199.92,420.17,3440.35465,0.833333,0.666667,0.25,0.166667,8,27,3600.0,4563.851228,0.083333,12
1677.722492,1.0,3088.18,1480.64,1607.54,0.0,1.0,1.0,1.0,0.0,0,50,4100.0,1669.635458,0.0,12
149.139346,1.0,1415.42,182.0,1233.42,0.0,1.0,0.083333,1.0,0.0,0,26,6000.0,1186.629453,0.916667,12
4379.07132,1.0,45.84,0.0,45.84,2191.862613,0.166667,0.0,0.083333,0.333333,8,2,5500.0,2005.913978,0.0,12
273.243365,1.0,2308.58,0.0,2308.58,0.0,1.0,0.0,1.0,0.0,0,44,7500.0,2453.347527,0.25,12
555.340226,1.0,621.03,534.33,86.7,0.0,0.416667,0.333333,0.166667,0.0,0,9,10500.0,347.749694,0.0,12
612.311544,1.0,1115.0,715.0,400.0,0.0,0.333333,0.166667,0.083333,0.0,0,4,1800.0,1407.537644,0.0,12
1811.87843,1.0,900.0,0.0,900.0,99.27619,0.666667,0.0,0.666667,0.083333,1,12,1700.0,1147.826125,0.0,12
3012.642667,1.0,6999.56,6999.56,0.0,0.0,1.0,1.0,0.0,0.0,0,81,3500.0,5446.940305,0.166667,12
4175.826879,1.0,0.0,0.0,0.0,9968.184827,0.0,0.0,0.0,0.909091,110,0,10500.0,1083.433387,0.0,11
444.021111,0.545455,0.0,0.0,0.0,1101.192457,0.0,0.0,0.0,0.166667,3,0,1000.0,191.491371,0.0,12
3690.855584,1.0,0.0,0.0,0.0,5737.671452,0.0,0.0,0.0,0.583333,23,0,9500.0,8907.704166,0.090909,12
4025.646358,1.0,0.0,0.0,0.0,1189.418695,0.0,0.0,0.0,0.25,3,0,5650.0,1138.104685,0.0,12
2754.527855,1.0,0.0,0.0,0.0,145.998161,0.0,0.0,0.0,0.083333,1,0,3000.0,606.80074,0.0,12
40.069534,0.909091,833.29,833.29,0.0,0.0,1.0,1.0,0.0,0.0,0,12,7000.0,766.596225,0.3,12
2183.58965,1.0,381.1,381.1,0.0,0.0,0.333333,0.333333,0.0,0.0,0,7,2400.0,1052.994297,0.0,12
4752.694271,1.0,0.0,0.0,0.0,3473.011991,0.0,0.0,0.0,0.833333,36,0,5000.0,2662.805022,0.0,12
5555.173827,1.0,6613.09,3594.45,3018.64,0.0,1.0,1.0,1.0,0.0,0,119,9500.0,5503.365097,0.0,12
1515.473846,1.0,862.44,0.0,862.44,2402.323391,1.0,0.0,1.0,0.083333,2,12,5000.0,5908.136491,0.166667,12
6744.845686,1.0,4.44,0.0,4.44,19862.87844,0.25,0.0,0.166667,0.416667,11,3,16500.0,21440.29866,0.1,12
6930.14958,1.0,0.0,0.0,0.0,1710.197063,0.0,0.0,0.0,0.166667,2,0,7500.0,1915.638655,0.0,12
98.6782,0.818182,540.0,540.0,0.0,0.0,0.75,0.75,0.0,0.0,0,9,1700.0,364.533707,0.125,12
663.415354,1.0,608.18,608.18,0.0,929.641923,0.333333,0.333333,0.0,0.25,9,6,2700.0,614.998015,0.0,12
896.619803,1.0,128.86,0.0,128.86,0.0,0.166667,0.0,0.166667,0.0,0,2,1200.0,1606.846759,0.0,12
2820.576665,0.818182,0.0,0.0,0.0,10717.89195,0.0,0.0,0.0,0.583333,11,0,7000.0,9602.278174,0.142857,12
1077.019958,1.0,465.9,398.1,67.8,272.884393,1.0,0.416667,1.0,0.333333,6,33,1200.0,360.977324,0.0,12
2654.354521,1.0,256.68,40.4,216.28,1845.164653,0.833333,0.25,0.75,0.25,23,14,4000.0,5175.714855,0.083333,12
21.789565,0.333333,0.0,0.0,0.0,273.882354,0.0,0.0,0.0,0.166667,1,0,1200.0,574.484351,1.0,6
264.261791,1.0,175.0,0.0,175.0,0.0,0.416667,0.0,0.416667,0.0,0,5,1000.0,152.787605,0.0,12
1188.102086,1.0,0.0,0.0,0.0,1984.802386,0.0,0.0,0.0,0.25,6,0,1800.0,2122.721313,0.090909,12
2317.222844,1.0,741.02,741.02,0.0,1101.246941,0.583333,0.583333,0.0,0.166667,2,11,8200.0,1047.497885,0.0,12
1012.295263,0.8,627.51,627.51,0.0,2169.972526,0.5,0.5,0.0,0.4,5,5,4000.0,304.899075,0.0,10
1330.716005,1.0,1043.64,0.0,1043.64,0.0,1.0,0.0,1.0,0.0,0,12,1300.0,1210.930138,0.0,12
5983.285834,1.0,4170.04,4020.04,150.0,2359.135053,0.75,0.75,0.416667,0.583333,17,23,7000.0,2974.801874,0.0,12
2822.483318,1.0,1203.05,780.13,422.92,3521.075329,0.583333,0.5,0.166667,0.583333,10,16,8500.0,4359.919494,0.083333,12
6231.293492,1.0,0.0,0.0,0.0,9423.621866,0.0,0.0,0.0,0.5,7,0,10500.0,7690.562242,0.083333,12
2681.041081,1.0,0.0,0.0,0.0,1865.578447,0.0,0.0,0.0,0.083333,1,0,7000.0,2806.574314,0.0,12
158.657744,0.909091,752.0,752.0,0.0,0.0,0.25,0.25,0.0,0.0,0,4,2500.0,865.171658,0.0,12
4359.963222,1.0,0.0,0.0,0.0,2763.612473,0.0,0.0,0.0,0.583333,22,0,5000.0,1878.873999,0.0,12
803.033404,1.0,0.0,0.0,0.0,1785.847822,0.0,0.0,0.0,0.25,5,0,3400.0,483.890558,0.0,12
1245.943963,1.0,5848.55,3843.33,2005.22,0.0,1.0,1.0,1.0,0.0,0,73,5000.0,4833.588891,0.0,12
149.540627,0.636364,656.16,186.9,469.26,901.458485,0.583333,0.166667,0.5,0.083333,1,19,3000.0,226.55628,0.0,12
1140.805503,1.0,1296.47,1060.24,236.23,490.16229,1.0,0.75,0.833333,0.333333,5,32,1800.0,287.539782,0.0,12
33.117601,0.909091,157.61,157.61,0.0,0.0,0.333333,0.333333,0.0,0.0,0,8,1800.0,173.321501,0.142857,12
6.690484,0.272727,133.2,0.0,133.2,0.0,0.333333,0.0,0.25,0.0,0,4,2500.0,418.446951,0.0,12
536.846283,0.727273,2660.21,2565.24,94.97,0.0,0.666667,0.416667,0.416667,0.0,0,13,4000.0,931.515333,0.0,12
143.025504,1.0,1312.35,1312.35,0.0,0.0,0.916667,0.916667,0.0,0.0,0,12,300.0,1212.60088,0.5,12
0.0,0.0,339.85,339.85,0.0,103.334378,1.0,1.0,0.0,0.083333,1,12,6500.0,432.927281,0.0,12
5611.762916,1.0,4395.2,810.2,3585.0,1270.995476,0.75,0.416667,0.416667,0.25,4,22,10000.0,2697.38636,0.0,12
216.842907,0.909091,2480.88,279.09,2201.79,0.0,1.0,0.25,0.833333,0.0,0,36,7000.0,2897.619018,0.3,12
1400.189725,1.0,0.0,0.0,0.0,48.568786,0.0,0.0,0.0,0.090909,1,0,1500.0,292.26428,0.0,11
63.264922,0.818182,849.57,0.0,849.57,0.0,0.75,0.0,0.75,0.0,0,9,4000.0,886.592905,0.636364,12
2473.466078,1.0,0.0,0.0,0.0,944.4812,0.0,0.0,0.0,0.272727,3,0,2500.0,156.061607,0.0,11
544.423104,1.0,710.19,381.03,329.16,0.0,0.75,0.333333,0.5,0.0,0,14,1800.0,1453.969557,0.0,12
1.869435,0.454545,0.24,0.24,0.0,0.0,0.083333,0.083333,0.0,0.0,0,0,3000.0,150.381107,0.0,12
1395.011267,0.636364,0.0,0.0,0.0,4781.140751,0.0,0.0,0.0,0.454545,10,0,5500.0,1719.426611,0.0,11
3221.717702,1.0,0.0,0.0,0.0,935.750295,0.0,0.0,0.0,0.083333,4,0,4500.0,5058.385272,0.083333,12
1772.323491,1.0,574.14,146.0,428.14,2318.489037,0.833333,0.166667,0.75,0.916667,34,15,7500.0,2663.779785,0.0,12
899.526526,0.714286,0.0,0.0,0.0,1363.827125,0.0,0.0,0.0,0.142857,2,0,1500.0,202.25573,0.0,7
47.872617,0.818182,649.0,147.42,501.58,0.0,0.75,0.166667,0.666667,0.0,0,19,6000.0,624.293646,0.875,12
253.08362,0.181818,0.0,0.0,0.0,1654.916972,0.0,0.0,0.0,0.083333,1,0,1800.0,0.0,0.0,12
3053.311301,1.0,1889.8,1242.9,646.9,182.209576,0.666667,0.583333,0.416667,0.083333,1,27,8800.0,1789.470663,0.0,12
592.171152,1.0,0.0,0.0,0.0,1058.554385,0.0,0.0,0.0,0.142857,3,0,1800.0,216.539488,0.142857,7
286.264356,0.857143,27.51,27.51,0.0,871.199257,0.142857,0.142857,0.0,0.428571,3,1,500.0,733.901545,0.25,7
7.056933,0.636364,85.8,0.0,85.8,0.0,0.333333,0.0,0.25,0.0,0,4,2400.0,132.51377,0.333333,12
135.765325,1.0,3997.03,3943.93,53.1,99.079907,0.5,0.166667,0.333333,0.083333,1,7,5600.0,3741.698029,0.0,12
30.93853,0.909091,232.89,0.0,232.89,0.0,0.416667,0.0,0.333333,0.0,0,10,16000.0,86.660547,0.1,12
35.382803,0.545455,359.84,0.0,359.84,0.0,0.416667,0.0,0.333333,0.0,0,9,5000.0,503.91361,0.75,12
242.901961,0.636364,790.39,540.77,249.62,3866.409521,0.75,0.166667,0.583333,0.333333,7,16,10000.0,3774.471563,0.3,12
1678.85258,1.0,0.0,0.0,0.0,551.890714,0.0,0.0,0.0,0.083333,2,0,1800.0,360.416137,0.0,12
1344.353594,1.0,0.0,0.0,0.0,661.025022,0.0,0.0,0.0,0.181818,3,0,1500.0,266.795469,0.0,11
1503.884481,1.0,3296.52,2988.63,307.89,842.262706,0.916667,0.5,0.75,0.166667,2,38,2300.0,4922.59119,0.083333,12
132.471933,1.0,1767.75,500.0,1267.75,0.0,0.916667,0.083333,0.833333,0.0,0,12,6000.0,1757.458646,1.0,12
3516.835582,1.0,4019.73,1932.75,2086.98,0.0,0.916667,0.916667,1.0,0.0,0,73,12000.0,3376.57379,0.0,12
838.594895,0.636364,258.49,258.49,0.0,2220.225056,0.181818,0.181818,0.0,0.363636,6,2,2000.0,2670.428981,0.0,11
93.672733,1.0,674.3,69.5,604.8,0.0,1.0,0.166667,1.0,0.0,0,26,5400.0,812.396962,0.083333,12
1106.910402,1.0,515.98,286.81,229.17,0.0,0.5,0.166667,0.416667,0.0,0,7,12000.0,1867.692351,0.0,12
13.173883,0.272727,1243.48,643.44,600.04,0.0,0.833333,0.25,0.583333,0.0,0,24,4800.0,1490.981521,0.0,12
4157.933876,1.0,929.2,631.4,297.8,2592.238013,0.583333,0.333333,0.25,0.583333,8,12,8000.0,934.634439,0.0,12
3789.302616,1.0,49.98,0.0,49.98,0.0,0.166667,0.0,0.166667,0.0,0,3,8500.0,1046.938327,0.0,12
41.143328,1.0,239.23,239.23,0.0,0.0,0.583333,0.583333,0.0,0.0,0,7,6000.0,309.734225,0.083333,12
2843.642245,1.0,116.75,116.75,0.0,229.950859,0.166667,0.166667,0.0,0.083333,2,5,3000.0,830.607554,0.0,12
150.351606,1.0,352.92,352.92,0.0,0.0,0.333333,0.333333,0.0,0.0,0,4,3100.0,0.0,0.0,12
477.81804,1.0,515.6,515.6,0.0,0.0,0.333333,0.333333,0.0,0.0,0,5,7500.0,610.621157,0.0,12
294.338354,1.0,1851.48,0.0,1851.48,0.0,1.0,0.0,1.0,0.0,0,12,1400.0,1479.799263,0.0,12
58.811557,0.636364,370.0,370.0,0.0,19.719684,0.083333,0.083333,0.0,0.083333,1,1,1200.0,1483.573731,0.090909,12
4476.972577,1.0,360.95,231.0,129.95,840.962414,0.454545,0.181818,0.272727,0.363636,11,9,7500.0,2230.331576,0.0,11
6851.036206,1.0,669.93,203.19,466.74,4588.030733,0.75,0.083333,0.666667,0.583333,14,11,9500.0,2499.79919,0.0,12
4229.914629,0.909091,1631.85,1631.85,0.0,4350.228299,0.416667,0.416667,0.0,0.083333,1,9,10000.0,6211.694188,0.0,12
11.799054,0.5,77.36,0.0,77.36,0.0,0.5,0.0,0.375,0.0,0,4,1200.0,103.635381,1.0,8
17.125776,0.727273,95.76,0.0,95.76,0.0,0.583333,0.0,0.583333,0.0,0,7,4000.0,116.956664,0.222222,12
107.536958,1.0,555.0,0.0,555.0,0.0,1.0,0.0,0.833333,0.0,0,6,1000.0,313.879828,0.0,6
1624.004773,1.0,0.0,0.0,0.0,223.285625,0.0,0.0,0.0,0.25,5,0,1800.0,781.308189,0.0,12
4226.8188,1.0,0.0,0.0,0.0,3425.647464,0.0,0.0,0.0,0.416667,8,0,7000.0,1226.710941,0.0,12
47.722183,0.636364,440.37,105.0,335.37,0.0,0.583333,0.083333,0.5,0.0,0,8,1200.0,674.726783,0.8,12
971.268179,0.777778,2336.32,1845.99,490.33,0.0,0.777778,0.777778,0.555556,0.0,0,31,4000.0,299.485824,0.0,9
33.015501,0.727273,295.56,108.0,187.56,0.0,0.666667,0.166667,0.5,0.0,0,9,3000.0,301.892766,0.625,12
383.921461,1.0,6598.29,6598.29,0.0,0.0,1.0,1.0,0.0,0.0,0,102,9500.0,4371.05477,0.916667,12
1725.950669,0.727273,268.0,0.0,268.0,5074.475131,0.333333,0.0,0.25,0.166667,3,4,4500.0,8167.082676,0.142857,12
288.525281,1.0,341.7,341.7,0.0,0.0,0.083333,0.083333,0.0,0.0,0,1,1000.0,246.925425,0.0,12
169.925245,1.0,2000.0,0.0,2000.0,0.0,0.916667,0.0,0.833333,0.0,0,21,7000.0,1862.047167,0.909091,12
1827.921694,1.0,3626.09,3626.09,0.0,1280.42318,1.0,1.0,0.0,0.166667,2,15,6000.0,1962.883537,0.0,12
5368.192094,1.0,4050.01,3863.11,186.9,4843.394482,0.666667,0.583333,0.166667,0.416667,13,32,13000.0,14290.99627,0.0,12
854.739785,1.0,0.0,0.0,0.0,298.390512,0.0,0.0,0.0,0.083333,1,0,7000.0,1397.280901,0.0,12
66.73904,0.545455,0.0,0.0,0.0,325.379938,0.0,0.0,0.0,0.083333,3,0,2500.0,610.793225,0.0,12
7064.55047,1.0,0.0,0.0,0.0,11582.49911,0.0,0.0,0.0,0.75,38,0,11500.0,7964.175992,0.0,12
739.124439,0.727273,380.8,323.0,57.8,983.2321,0.416667,0.25,0.25,0.083333,2,7,4500.0,464.271303,0.0,12
1001.543878,1.0,2577.1,720.1,1857.0,2241.427898,1.0,0.666667,0.666667,0.416667,7,49,15500.0,3875.419446,0.090909,12
6743.544354,1.0,1437.65,317.5,1120.15,1957.772343,0.75,0.166667,0.583333,0.25,9,20,8000.0,1585.561354,0.0,12
5342.348915,1.0,0.0,0.0,0.0,8075.196634,0.0,0.0,0.0,0.333333,7,0,6000.0,6335.002819,0.111111,9
980.034696,1.0,275.0,0.0,275.0,0.0,0.916667,0.0,0.916667,0.0,0,11,1000.0,537.693669,0.0,12
2374.665105,1.0,339.82,339.82,0.0,1434.174341,0.166667,0.166667,0.0,0.333333,4,3,6000.0,622.389567,0.0,12
633.396401,1.0,0.0,0.0,0.0,1330.106689,0.0,0.0,0.0,0.166667,2,0,1500.0,116.50071,0.0,12
2899.032432,0.857143,0.0,0.0,0.0,3431.707208,0.0,0.0,0.0,0.571429,7,0,4000.0,407.402983,0.0,7
2671.282197,1.0,2307.35,2165.12,142.23,0.0,0.833333,0.833333,0.25,0.0,0,31,7500.0,645.688177,0.0,12
1138.314061,1.0,470.17,470.17,0.0,553.632474,0.25,0.25,0.0,0.083333,1,3,2100.0,0.0,0.0,12
8700.079439,1.0,20421.59,16864.56,3557.03,0.0,1.0,1.0,1.0,0.0,0,204,17000.0,13002.30393,0.083333,12
1278.671515,1.0,229.0,229.0,0.0,1444.251462,0.166667,0.166667,0.0,0.25,10,3,1600.0,410.259989,0.083333,12
1375.25356,1.0,0.0,0.0,0.0,142.304216,0.0,0.0,0.0,0.083333,1,0,1500.0,364.444624,0.0,12
4496.709257,1.0,945.26,945.26,0.0,0.0,0.25,0.25,0.0,0.0,0,4,9500.0,1149.199704,0.0,12
955.117067,1.0,0.0,0.0,0.0,3798.701398,0.0,0.0,0.0,0.5,13,0,4500.0,2413.364689,0.0,12
1390.597054,1.0,724.4,724.4,0.0,0.0,0.5,0.5,0.0,0.0,0,9,7000.0,998.57171,0.0,12
1330.585412,1.0,304.6,304.6,0.0,0.0,1.0,1.0,0.0,0.0,0,12,8000.0,1310.489719,0.0,12
177.592802,1.0,1471.55,1471.55,0.0,0.0,1.0,1.0,0.0,0.0,0,25,25000.0,1389.167981,0.916667,12
19.104261,0.636364,322.77,0.0,322.77,0.0,0.583333,0.0,0.5,0.0,0,7,5300.0,409.550536,0.857143,12
1593.708884,1.0,1676.78,33.68,1643.1,1370.18527,1.0,0.083333,1.0,0.166667,2,38,1800.0,1542.745936,0.0,12
5.006737,1.0,100.3,100.3,0.0,0.0,0.083333,0.083333,0.0,0.0,0,1,5000.0,188.823702,0.0,12
531.349404,1.0,1599.02,817.8,781.22,0.0,1.0,0.25,1.0,0.0,0,46,8000.0,1369.654983,0.0,12
1184.529629,1.0,467.32,0.0,467.32,2337.837011,1.0,0.0,1.0,0.583333,7,25,6500.0,903.639776,0.083333,12
16.068323,0.636364,182.8,79.0,103.8,0.0,0.333333,0.083333,0.25,0.0,0,4,1200.0,294.668739,0.571429,12
6644.82923,1.0,0.0,0.0,0.0,2557.006793,0.0,0.0,0.0,0.25,9,0,7600.0,1648.570068,0.0,12
2803.663441,1.0,81.41,0.0,81.41,0.0,0.5,0.0,0.5,0.0,0,6,3000.0,839.354624,0.0,12
3743.771094,1.0,368.44,128.67,239.77,1428.188333,0.9,0.2,0.7,0.3,3,11,7000.0,748.149925,0.0,10
5970.705432,1.0,6091.51,2071.52,4019.99,0.0,1.0,0.666667,1.0,0.0,0,111,8500.0,2516.606708,0.0,12
49.789963,1.0,700.0,0.0,700.0,0.0,1.0,0.0,0.9,0.0,0,10,1000.0,658.47788,1.0,10
1013.706876,1.0,2143.28,227.12,1916.16,3610.57243,0.916667,0.333333,0.583333,0.083333,1,34,7500.0,2945.957395,0.0,12
1544.279694,1.0,0.0,0.0,0.0,472.46147,0.0,0.0,0.0,0.416667,8,0,1600.0,771.903463,0.0,12
78.402006,1.0,233.34,0.0,233.34,0.0,0.833333,0.0,0.833333,0.0,0,10,3100.0,278.825852,0.0,12
712.91077,1.0,602.3,413.99,188.31,0.0,1.0,1.0,0.666667,0.0,0,26,7500.0,455.465188,0.0,12
916.961442,1.0,156.5,156.5,0.0,0.0,0.083333,0.083333,0.0,0.0,0,3,1200.0,238.956831,0.0,12
837.142436,1.0,5344.92,3666.78,1678.14,0.0,1.0,0.916667,1.0,0.0,0,157,8500.0,4522.48655,0.0,12
6468.426706,1.0,277.7,277.7,0.0,4440.766432,0.666667,0.666667,0.0,0.333333,6,8,10000.0,1544.782363,0.0,12
35.460649,0.909091,378.58,378.58,0.0,0.0,0.083333,0.083333,0.0,0.0,0,2,2000.0,388.874728,0.0,12
611.983643,1.0,0.0,0.0,0.0,2189.894057,0.0,0.0,0.0,0.166667,2,0,1700.0,2714.119535,0.25,12
561.974673,1.0,2930.99,2279.0,651.99,0.0,0.75,0.333333,0.666667,0.0,0,20,4000.0,510.35919,0.0,12
2403.175046,1.0,0.0,0.0,0.0,906.383436,0.0,0.0,0.0,0.333333,15,0,2500.0,1089.627935,0.0,12
658.123447,1.0,1294.09,712.68,581.41,106.899407,1.0,0.5,1.0,0.083333,1,62,4000.0,1803.332627,0.0,12
502.399014,0.428571,0.0,0.0,0.0,1392.472408,0.0,0.0,0.0,0.285714,4,0,1500.0,0.0,0.0,7
743.38993,0.7,1530.63,1530.63,0.0,0.0,0.2,0.2,0.0,0.0,0,4,3000.0,393.615017,0.0,10
284.510677,0.818182,83.2,83.2,0.0,0.0,0.083333,0.083333,0.0,0.0,0,1,6500.0,1033.94329,0.090909,12
1418.854925,1.0,0.0,0.0,0.0,121.072144,0.0,0.0,0.0,0.083333,1,0,1500.0,275.722064,0.0,12
5629.224986,1.0,3382.96,3382.96,0.0,553.500582,1.0,1.0,0.0,0.166667,3,42,10500.0,1537.649319,0.0,12
1210.573775,1.0,2077.09,1578.62,498.47,0.0,1.0,1.0,0.5,0.0,0,20,1500.0,879.902552,0.0,10
2784.364948,1.0,1178.31,1178.31,0.0,0.0,0.583333,0.583333,0.0,0.0,0,8,8500.0,4188.764712,0.0,12
283.899006,1.0,818.69,519.49,299.2,947.496827,0.833333,0.166667,0.75,0.083333,1,15,8000.0,4618.241,0.0,12
9630.367575,1.0,5245.28,2931.2,2314.08,0.0,0.5,0.5,0.333333,0.0,0,29,21000.0,5669.928467,0.0,12
105.216147,1.0,1445.55,1135.55,310.0,0.0,1.0,1.0,0.416667,0.0,0,32,13500.0,1267.655533,0.9,12
41.080375,0.818182,280.0,0.0,280.0,0.0,0.666667,0.0,0.666667,0.0,0,8,9000.0,479.765654,0.5,12
954.260731,1.0,611.08,567.32,43.76,0.0,0.833333,0.666667,0.083333,0.0,0,14,3500.0,795.002019,0.0,12
5779.287938,1.0,5233.92,3277.47,1956.45,0.0,1.0,0.75,1.0,0.0,0,61,6000.0,3555.592453,0.0,12
6727.925578,1.0,1694.48,1457.48,237.0,5881.182495,0.5,0.5,0.166667,0.333333,10,14,7000.0,0.0,0.0,6
1092.570471,1.0,624.36,0.0,624.36,0.0,1.0,0.0,1.0,0.0,0,24,1000.0,653.319911,0.0,12
3012.178613,1.0,27790.42,14605.99,13184.43,469.074937,1.0,0.666667,1.0,0.083333,1,79,12000.0,27839.82354,0.727273,12
148.511058,0.363636,562.24,349.0,213.24,0.0,0.333333,0.083333,0.25,0.0,0,5,9000.0,18.208604,0.0,12
2360.086196,1.0,0.0,0.0,0.0,921.067126,0.0,0.0,0.0,0.333333,5,0,9000.0,617.359054,0.0,12
28.909122,1.0,177.05,0.0,177.05,0.0,0.5,0.0,0.333333,0.0,0,5,1200.0,165.005267,0.0,6
3993.254745,1.0,2049.97,843.7,1206.27,373.338524,1.0,0.583333,1.0,0.333333,5,68,5200.0,1089.826018,0.0,12
110.98472,0.909091,150.0,0.0,150.0,559.653063,0.083333,0.0,0.083333,0.166667,3,1,2000.0,731.165077,0.111111,12
72.02566,1.0,222.6,222.6,0.0,0.0,0.333333,0.333333,0.0,0.0,0,4,7500.0,390.258331,0.0,12
224.313303,1.0,2426.96,859.5,1567.46,0.0,0.75,0.25,0.5,0.0,0,16,17500.0,1660.462764,0.0,12
2233.485479,1.0,0.0,0.0,0.0,99.651002,0.0,0.0,0.0,0.083333,1,0,5000.0,536.029708,0.0,12
423.479877,1.0,1944.47,1021.09,923.38,0.0,1.0,1.0,0.666667,0.0,0,45,11500.0,1768.256214,0.0,12
3265.116481,0.727273,2147.01,0.0,2147.01,0.0,1.0,0.0,1.0,0.0,0,60,8000.0,8481.013758,0.0,12
3341.352075,1.0,192.96,0.0,192.96,917.200952,1.0,0.0,1.0,0.333333,10,12,3500.0,1136.740187,0.0,12
30.186422,0.909091,345.99,120.0,225.99,0.0,0.666667,0.25,0.583333,0.0,0,15,9000.0,99.876601,0.083333,12
6943.433775,1.0,3513.64,3513.64,0.0,0.0,0.833333,0.833333,0.0,0.0,0,7,8000.0,879.211422,0.0,6
9598.377893,1.0,781.18,332.95,448.23,5967.801306,1.0,0.083333,1.0,0.333333,14,19,12000.0,2723.358933,0.0,12
980.370868,1.0,699.33,0.0,699.33,0.0,1.0,0.0,1.0,0.0,0,23,1000.0,1002.591557,0.0,12
142.833472,1.0,1400.18,85.0,1315.18,0.0,0.916667,0.083333,0.833333,0.0,0,22,3000.0,1575.110682,0.636364,12
3177.742619,1.0,153.72,153.72,0.0,0.0,0.416667,0.416667,0.0,0.0,0,5,3500.0,1078.780479,0.0,12
1751.368315,1.0,0.0,0.0,0.0,2811.456765,0.0,0.0,0.0,0.333333,12,0,6000.0,3898.309616,0.0,12
35.550618,1.0,458.15,0.0,458.15,0.0,1.0,0.0,0.909091,0.0,0,22,1000.0,402.170167,0.666667,11
1239.927866,1.0,1520.0,770.0,750.0,898.218922,1.0,0.333333,0.916667,0.25,7,25,1400.0,2393.323514,0.090909,12
2692.671422,1.0,13013.5,9849.05,3164.45,0.0,1.0,1.0,0.833333,0.0,0,200,7000.0,11250.01917,0.0,12
3562.624897,1.0,244.5,244.5,0.0,3815.281397,0.083333,0.083333,0.0,0.166667,3,2,5500.0,1402.591743,0.0,12
3337.178486,1.0,883.39,106.09,777.3,5338.547155,0.833333,0.166667,0.75,0.416667,12,20,6000.0,4039.075325,0.083333,12
2531.153022,0.909091,0.0,0.0,0.0,2718.185493,0.0,0.0,0.0,0.090909,8,0,3500.0,712.639694,0.0,11
784.959164,1.0,0.0,0.0,0.0,397.992799,0.0,0.0,0.0,0.083333,2,0,3500.0,223.240044,0.0,12
1632.580058,1.0,0.0,0.0,0.0,115.413927,0.0,0.0,0.0,0.25,3,0,1800.0,1839.752683,0.0,12
133.428199,1.0,1268.22,406.28,861.94,0.0,1.0,1.0,0.666667,0.0,0,21,6000.0,1551.580661,1.0,12
40.467471,1.0,553.48,0.0,553.48,0.0,1.0,0.0,1.0,0.0,0,18,11500.0,532.936499,1.0,12
22.682781,0.272727,161.5,161.5,0.0,0.0,0.083333,0.083333,0.0,0.0,0,1,2000.0,934.889414,0.0,12
62.489102,0.272727,290.0,290.0,0.0,0.0,0.083333,0.083333,0.0,0.0,0,1,4800.0,77.890926,0.0,12
797.925938,1.0,3143.21,2352.5,790.71,0.0,1.0,1.0,1.0,0.0,0,70,6500.0,4268.871085,0.0,12
430.592769,1.0,1741.39,564.0,1177.39,0.0,1.0,0.25,1.0,0.0,0,57,5000.0,1125.765206,0.083333,12
1128.38317,1.0,0.0,0.0,0.0,74.22288,0.0,0.0,0.0,0.166667,2,0,1200.0,285.277888,0.0,12
2817.59092,1.0,37.92,0.0,37.92,0.0,0.166667,0.0,0.166667,0.0,0,2,3000.0,755.313452,0.0,12
1565.025253,1.0,3035.98,785.6,2250.38,7003.112284,1.0,0.5,1.0,0.666667,36,94,2500.0,13562.87926,0.666667,12
2828.6637,1.0,3766.55,1165.85,2600.7,2157.382814,1.0,0.333333,0.916667,0.083333,2,43,10000.0,3100.096212,0.083333,12
2810.335817,1.0,0.0,0.0,0.0,1460.353036,0.0,0.0,0.0,0.416667,6,0,3500.0,4109.608819,0.0,12
830.073634,1.0,0.0,0.0,0.0,1803.238152,0.0,0.0,0.0,0.25,7,0,14000.0,2173.470034,0.0,12
1784.447292,1.0,233.09,233.09,0.0,4469.29969,0.090909,0.090909,0.0,0.272727,6,2,3000.0,6168.238025,0.181818,11
224.97236,1.0,2084.64,0.0,2084.64,0.0,1.0,0.0,1.0,0.0,0,67,8500.0,1658.927139,0.916667,12
1155.123292,1.0,62.02,62.02,0.0,19.081161,0.083333,0.083333,0.0,0.083333,1,1,1200.0,217.775407,0.0,12
336.565042,1.0,875.52,341.0,534.52,0.0,1.0,0.25,0.916667,0.0,0,22,4000.0,299.441751,0.0,12
639.830783,0.636364,578.19,380.67,197.52,1848.938533,0.5,0.166667,0.416667,0.166667,4,25,2000.0,2247.506595,0.0,12
369.384435,1.0,3303.03,87.9,3215.13,0.0,0.833333,0.166667,0.75,0.0,0,28,6000.0,2353.184431,0.0,12
86.157142,1.0,915.64,0.0,915.64,0.0,0.916667,0.0,0.833333,0.0,0,11,9500.0,855.755398,0.727273,12
4283.519021,1.0,8151.36,3092.07,5059.29,2685.118122,0.833333,0.416667,0.583333,0.25,5,48,9500.0,6839.916671,0.0,12
88.327488,1.0,669.75,669.75,0.0,0.0,1.0,1.0,0.0,0.0,0,12,4300.0,632.122421,0.545455,12
1253.723768,1.0,87.4,87.4,0.0,0.0,0.083333,0.083333,0.0,0.0,0,2,6500.0,303.383266,0.0,12
1487.509392,1.0,34.52,0.0,34.52,0.0,0.166667,0.0,0.166667,0.0,0,2,2000.0,2133.989319,0.0,12
0.0,0.0,990.0,0.0,990.0,0.0,0.818182,0.0,0.818182,0.0,0,9,1500.0,0.0,0.0,11
5825.470945,1.0,633.11,0.0,633.11,1249.383941,0.25,0.0,0.166667,0.666667,10,32,6700.0,1697.035816,0.0,12
2540.664814,1.0,383.28,0.0,383.28,0.0,1.0,0.0,1.0,0.0,0,12,2900.0,1721.123332,0.0,12
673.014589,0.833333,638.0,638.0,0.0,2421.366568,0.833333,0.833333,0.0,0.666667,15,10,8000.0,789.728968,0.0,6
951.415721,1.0,279.01,279.01,0.0,552.821008,0.083333,0.083333,0.0,0.416667,7,1,1200.0,346.833439,0.0,12
3315.689234,1.0,1434.88,740.0,694.88,5802.393776,1.0,0.083333,1.0,0.583333,25,22,6000.0,4608.192303,0.0,12
1383.892711,1.0,1095.13,235.4,859.73,99.30138,1.0,0.25,1.0,0.083333,1,26,6000.0,1130.55011,0.0,12
716.970968,1.0,378.35,0.0,378.35,801.879454,1.0,0.0,0.857143,0.428571,8,7,1000.0,211.734375,0.0,7
542.036699,1.0,423.86,423.86,0.0,0.0,1.0,1.0,0.0,0.0,0,12,2500.0,770.057042,0.0,12
757.67311,1.0,2553.46,568.46,1985.0,0.0,1.0,0.25,1.0,0.0,0,25,7000.0,2559.544182,0.0,12
5311.078831,1.0,1349.62,887.94,461.68,4258.489193,0.833333,0.75,0.833333,0.416667,13,21,6000.0,2212.652278,0.0,12
734.663507,0.75,218.0,218.0,0.0,952.495425,0.125,0.125,0.0,0.125,1,1,1500.0,992.813331,0.0,8
4762.717627,1.0,0.0,0.0,0.0,450.089413,0.0,0.0,0.0,0.571429,4,0,5000.0,806.236783,0.0,7
62.082275,0.909091,791.68,568.66,223.02,0.0,0.833333,0.583333,0.583333,0.0,0,22,4500.0,892.892557,0.75,12
3805.629844,1.0,0.0,0.0,0.0,2132.877903,0.0,0.0,0.0,0.454545,9,0,4000.0,862.812957,0.0,11
92.279773,1.0,842.51,842.51,0.0,0.0,0.916667,0.916667,0.0,0.0,0,12,9500.0,655.378633,1.0,12
1180.686055,1.0,243.04,0.0,243.04,56.662525,1.0,0.0,0.916667,0.083333,2,12,1200.0,498.424721,0.0,12
2953.212886,0.545455,320.48,188.0,132.48,261.393051,0.833333,0.166667,0.666667,0.083333,1,11,10000.0,8972.867229,0.0,12
4479.251427,1.0,0.0,0.0,0.0,2078.88662,0.0,0.0,0.0,0.25,4,0,9000.0,1355.483086,0.0,12
4380.251712,1.0,0.0,0.0,0.0,404.036972,0.0,0.0,0.0,0.333333,3,0,4500.0,776.241676,0.0,9
1110.575152,1.0,3384.68,2344.28,1040.4,0.0,1.0,0.833333,1.0,0.0,0,47,6000.0,0.0,0.0,12
1278.502197,1.0,0.0,0.0,0.0,451.336788,0.0,0.0,0.0,0.166667,2,0,1800.0,0.0,0.0,12
7291.244386,1.0,3509.25,2299.45,1209.8,64.517949,1.0,1.0,1.0,0.083333,1,73,12000.0,1543.281435,0.0,12
7899.171076,1.0,0.0,0.0,0.0,11657.31244,0.0,0.0,0.0,0.5,12,0,13000.0,1646.946937,0.0,12
72.723403,0.909091,0.0,0.0,0.0,134.752225,0.0,0.0,0.0,0.25,3,0,200.0,94.494445,0.0,12
187.973296,1.0,116.0,116.0,0.0,0.0,0.166667,0.166667,0.0,0.0,0,2,4000.0,244.135461,0.0,12
381.627688,1.0,1266.2,1153.56,112.64,0.0,0.75,0.666667,0.166667,0.0,0,21,1500.0,693.809552,0.0,12
5852.750868,1.0,722.8,269.0,453.8,5817.204294,0.5,0.083333,0.416667,0.416667,10,8,9000.0,1771.136112,0.0,12
5131.239119,1.0,0.0,0.0,0.0,7216.567867,0.0,0.0,0.0,0.25,3,0,13000.0,1194.04075,0.0,12
290.175484,1.0,345.17,219.8,125.37,0.0,0.636364,0.181818,0.545455,0.0,0,11,6000.0,376.607432,0.0,11
102.58313,0.636364,2044.73,1294.39,750.34,0.0,1.0,1.0,0.666667,0.0,0,24,10000.0,2329.319937,0.3,12
224.812081,1.0,388.9,119.0,269.9,0.0,0.5,0.083333,0.416667,0.0,0,7,1500.0,671.924423,0.0,12
1432.350154,1.0,0.0,0.0,0.0,353.621982,0.0,0.0,0.0,0.416667,7,0,1500.0,525.178843,0.0,12
1509.177493,1.0,0.0,0.0,0.0,1281.15107,0.0,0.0,0.0,0.75,14,0,5000.0,449.984139,0.0,12
675.8726,1.0,1315.3,1265.32,49.98,0.0,0.916667,0.833333,0.083333,0.0,0,18,4000.0,0.0,0.0,12
683.849179,1.0,7387.83,3894.51,3493.32,0.0,1.0,0.5,0.916667,0.0,0,50,8000.0,6873.576182,0.75,12
678.62589,1.0,59.24,0.0,59.24,272.436416,0.083333,0.0,0.083333,0.083333,1,1,1200.0,1669.187919,0.0,12
2628.010018,1.0,1918.14,1367.73,550.41,1051.790943,0.916667,0.75,0.833333,0.583333,11,57,7000.0,3129.107625,0.0,12
144.845309,1.0,150.88,0.0,150.88,0.0,0.909091,0.0,0.909091,0.0,0,10,2500.0,218.136811,0.0,11
0.000199,0.090909,0.01,0.01,0.0,0.0,0.083333,0.083333,0.0,0.0,0,1,4000.0,0.056466,0.0,12
4199.989868,1.0,11653.14,6884.6,4768.54,0.0,0.916667,1.0,0.916667,0.0,0,84,16500.0,13660.2412,0.0,12
2288.181566,1.0,177.45,88.0,89.45,0.0,0.333333,0.083333,0.25,0.0,0,5,5000.0,712.897132,0.0,12
5312.289573,1.0,399.92,289.0,110.92,7412.140941,0.25,0.083333,0.25,0.583333,19,10,7500.0,13817.5638,0.083333,12
1851.372165,1.0,6006.79,5506.81,499.98,0.0,1.0,1.0,0.916667,0.0,0,93,7600.0,5389.6734,0.083333,12
692.2898,1.0,200.0,200.0,0.0,299.710379,0.1,0.1,0.0,0.1,1,2,9950.0,816.23679,0.0,10
163.335524,0.545455,460.95,460.95,0.0,0.0,0.083333,0.083333,0.0,0.0,0,2,1500.0,162.939482,0.0,12
182.709228,0.909091,2463.21,1295.84,1167.37,0.0,1.0,1.0,1.0,0.0,0,44,9500.0,2362.519923,0.444444,12
483.261458,1.0,3228.3,3228.3,0.0,0.0,0.416667,0.416667,0.0,0.0,0,34,600.0,3304.347175,0.166667,12
3676.225496,1.0,2743.35,1299.63,1443.72,1095.478557,1.0,0.666667,0.916667,0.083333,1,78,6000.0,1859.086356,0.0,12
242.161751,1.0,686.0,686.0,0.0,0.0,0.25,0.25,0.0,0.0,0,5,1600.0,79.554524,0.0,12
19.281564,0.727273,428.9,0.0,428.9,0.0,0.583333,0.0,0.416667,0.0,0,7,10500.0,418.803807,0.2,12
2.476557,0.166667,115.7,115.7,0.0,0.0,0.333333,0.333333,0.0,0.0,0,2,4500.0,0.0,0.0,6
3515.499451,1.0,2864.32,1215.93,1648.39,2880.208755,1.0,0.583333,1.0,0.416667,40,91,5500.0,3362.139057,0.0,12
199.684606,0.363636,287.4,0.0,287.4,0.0,1.0,0.0,1.0,0.0,0,12,4500.0,1110.399779,0.0,12
5218.923199,1.0,100.01,0.0,100.01,491.329785,0.083333,0.0,0.083333,0.166667,3,1,6000.0,1299.677915,0.0,12
1565.98205,0.818182,1677.26,614.85,1062.41,0.0,0.75,0.166667,0.75,0.0,0,22,4500.0,7364.974854,0.444444,12
2672.203163,0.909091,0.0,0.0,0.0,1347.646329,0.0,0.0,0.0,0.333333,4,0,7500.0,5983.259628,0.090909,12
166.442301,0.454545,797.58,797.58,0.0,0.0,0.083333,0.083333,0.0,0.0,0,1,9500.0,2402.676315,0.0,12
14100.2511,1.0,4995.8,3403.11,1592.69,20712.67008,1.0,1.0,0.333333,0.833333,36,34,16500.0,20418.33238,0.0,12
1819.405059,1.0,5671.86,2086.05,3585.81,0.0,1.0,0.416667,1.0,0.0,0,58,6000.0,834.969649,0.0,12
0.0,0.0,178.8,0.0,178.8,0.0,1.0,0.0,1.0,0.0,0,12,1900.0,0.0,0.0,12
19.572514,0.909091,310.25,310.25,0.0,0.0,0.833333,0.833333,0.0,0.0,0,13,5500.0,322.934105,0.7,12
175.635786,1.0,0.0,0.0,0.0,54.180326,0.0,0.0,0.0,0.083333,2,0,1800.0,324.105254,0.0,12
923.117542,0.909091,224.4,224.4,0.0,1845.4779,0.083333,0.083333,0.0,0.333333,8,3,1700.0,2232.42607,0.0,12
1885.892405,1.0,675.69,675.69,0.0,232.702808,0.416667,0.416667,0.0,0.166667,3,5,2000.0,657.008002,0.0,12
1045.458739,0.9,946.29,705.69,240.6,886.266785,0.9,0.3,0.7,0.3,6,27,1500.0,2138.807396,0.0,10
2875.669063,1.0,0.0,0.0,0.0,740.863461,0.0,0.0,0.0,0.25,8,0,3000.0,729.064946,0.0,12
28.054194,0.636364,824.27,0.0,824.27,0.0,1.0,0.0,1.0,0.0,0,26,2500.0,673.029715,0.333333,12
396.376998,1.0,286.74,52.49,234.25,0.0,0.75,0.083333,0.666667,0.0,0,15,1000.0,232.783063,0.0,12
1641.251218,0.727273,0.0,0.0,0.0,2990.165538,0.0,0.0,0.0,0.166667,4,0,3000.0,4399.723425,0.142857,12
2421.106175,0.9,0.0,0.0,0.0,3701.78388,0.0,0.0,0.0,0.3,8,0,3000.0,1607.740298,0.0,10
890.633006,0.909091,756.73,756.73,0.0,0.0,0.416667,0.416667,0.0,0.0,0,9,3000.0,1964.578805,0.0,12
57.408695,1.0,338.5,338.5,0.0,0.0,0.166667,0.166667,0.0,0.0,0,2,7000.0,354.35735,0.125,12
2013.171338,1.0,60.0,60.0,0.0,4621.713196,0.083333,0.083333,0.0,0.666667,20,1,3500.0,3428.736898,0.1,12
4859.262329,1.0,0.0,0.0,0.0,4835.129243,0.0,0.0,0.0,0.5,12,0,8000.0,1126.662524,0.0,12
224.202679,1.0,1522.91,990.17,532.74,0.0,1.0,1.0,1.0,0.0,0,60,7500.0,1306.491984,0.333333,12
26.034907,0.636364,299.79,0.0,299.79,0.0,0.333333,0.0,0.25,0.0,0,4,7500.0,308.31669,0.3,12
2673.770349,1.0,435.0,435.0,0.0,3667.84151,0.181818,0.181818,0.0,0.181818,2,3,5000.0,1143.636383,0.0,11
1863.787327,1.0,0.0,0.0,0.0,1998.061069,0.0,0.0,0.0,0.083333,1,0,3000.0,749.522371,0.0,12
14.836268,0.545455,170.09,0.0,170.09,0.0,0.454545,0.0,0.454545,0.0,0,10,7000.0,190.956987,0.5,11
2012.049986,1.0,1279.21,242.91,1036.3,196.593829,1.0,0.333333,1.0,0.083333,1,50,4500.0,656.977251,0.0,12
1110.047967,1.0,0.0,0.0,0.0,569.881041,0.0,0.0,0.0,0.083333,1,0,3500.0,3544.922751,0.083333,12
726.779809,1.0,5497.04,5497.04,0.0,0.0,0.583333,0.583333,0.0,0.0,0,33,1700.0,4207.962368,0.25,12
1812.61375,0.727273,0.0,0.0,0.0,2804.289646,0.0,0.0,0.0,0.083333,1,0,9000.0,961.987007,0.0,12
43.200086,1.0,324.0,324.0,0.0,0.0,1.0,1.0,0.0,0.0,0,12,1800.0,350.499835,0.3,12
1771.43578,1.0,1176.0,0.0,1176.0,0.0,1.0,0.0,1.0,0.0,0,12,1700.0,1350.02185,0.0,12
521.38404,0.909091,0.0,0.0,0.0,1001.605022,0.0,0.0,0.0,0.166667,3,0,1150.0,1220.262003,0.1,12
604.816148,1.0,764.0,331.0,433.0,796.641859,0.916667,0.166667,0.916667,0.333333,7,25,10500.0,1984.660403,0.083333,12
680.671377,1.0,8040.78,2946.69,5094.09,0.0,1.0,0.666667,1.0,0.0,0,66,7000.0,6331.737868,0.833333,12
2336.985188,1.0,190.56,190.56,0.0,4066.421468,0.166667,0.166667,0.0,0.583333,10,4,3500.0,8319.645575,0.25,12
40.479403,1.0,452.61,0.0,452.61,0.0,1.0,0.0,0.916667,0.0,0,18,5000.0,426.404957,0.818182,12
1382.376636,1.0,77.91,0.0,77.91,300.531629,0.083333,0.0,0.083333,0.166667,2,1,2500.0,639.362373,0.0,12
8539.312935,1.0,0.0,0.0,0.0,4070.445699,0.0,0.0,0.0,0.5,8,0,11000.0,2459.237522,0.0,12
509.872908,0.454545,31.89,31.89,0.0,0.0,0.083333,0.083333,0.0,0.0,0,1,1500.0,1396.027009,0.0,12
1008.864224,1.0,1392.83,1392.83,0.0,0.0,0.333333,0.333333,0.0,0.0,0,7,9000.0,1265.870255,0.0,12
723.172037,1.0,2095.14,238.0,1857.14,0.0,0.75,0.166667,0.583333,0.0,0,25,5000.0,1509.479538,0.0,12
1.025109,0.090909,59.66,0.0,59.66,0.0,0.083333,0.0,0.083333,0.0,0,1,1700.0,0.0,0.0,12
126.13588,1.0,0.0,0.0,0.0,1170.273287,0.0,0.0,0.0,0.083333,2,0,1200.0,1131.54314,0.083333,12
975.637547,0.818182,6897.56,0.0,6897.56,0.0,0.5,0.0,0.5,0.0,0,6,6150.0,8337.882098,0.272727,12
1129.284728,1.0,1211.42,0.0,1211.42,0.0,1.0,0.0,1.0,0.0,0,42,4000.0,3390.831252,0.333333,12
2306.310095,1.0,359.96,0.0,359.96,2843.482435,0.916667,0.0,0.916667,0.333333,6,11,4000.0,1482.816136,0.0,12
883.835888,1.0,187.47,0.0,187.47,0.0,0.75,0.0,0.666667,0.0,0,9,1000.0,263.631752,0.0,12
874.571604,1.0,385.7,316.7,69.0,289.822557,0.416667,0.333333,0.166667,0.166667,2,8,2000.0,357.969443,0.0,12
444.760263,0.636364,3734.7,3734.7,0.0,0.0,0.333333,0.333333,0.0,0.0,0,7,4000.0,5808.857795,0.5,12
0.0,0.0,1200.0,1200.0,0.0,0.0,0.083333,0.083333,0.0,0.0,0,1,2500.0,14229.88248,0.0,12
332.650256,1.0,770.0,0.0,770.0,0.0,0.583333,0.0,0.5,0.0,0,7,5500.0,558.752797,0.0,12
101.682988,1.0,610.34,86.0,524.34,0.0,1.0,0.166667,1.0,0.0,0,40,1500.0,324.924223,0.090909,12
4143.074668,1.0,1074.27,1074.27,0.0,190.242856,0.75,0.75,0.0,0.166667,3,21,6000.0,926.813916,0.0,12
42.68579,0.909091,708.0,326.0,382.0,0.0,0.75,0.166667,0.5,0.0,0,20,3000.0,755.300687,0.625,12
146.261257,1.0,3139.97,2499.22,640.75,0.0,1.0,1.0,0.916667,0.0,0,41,5000.0,2990.926573,0.833333,12
3876.778302,1.0,0.0,0.0,0.0,4269.018258,0.0,0.0,0.0,0.25,11,0,7500.0,1342.57535,0.0,12
1593.364737,1.0,2298.49,684.2,1614.29,554.604914,1.0,0.416667,1.0,0.25,3,53,4500.0,1082.087826,0.0,12
933.278656,1.0,182.55,0.0,182.55,2304.727023,0.25,0.0,0.166667,0.416667,7,3,2500.0,1755.16459,0.0,12
58.167348,0.181818,438.87,438.87,0.0,0.0,0.083333,0.083333,0.0,0.0,0,1,7500.0,1748.469291,0.0,12
2514.895334,1.0,3172.38,1653.16,1519.22,656.112456,1.0,0.916667,0.916667,0.166667,2,41,6800.0,2646.255583,0.0,12
1513.759633,1.0,70.0,70.0,0.0,0.0,0.181818,0.181818,0.0,0.0,0,2,1700.0,2085.049719,0.0,11
80.00717,1.0,1548.37,28.58,1519.79,0.0,0.916667,0.083333,0.75,0.0,0,21,9500.0,1105.365158,0.7,12
93.104842,1.0,160.0,160.0,0.0,0.0,0.083333,0.083333,0.0,0.0,0,1,5200.0,633.184791,0.1,12
458.958269,0.363636,492.72,0.0,492.72,0.0,1.0,0.0,1.0,0.0,0,12,6000.0,2111.788889,0.0,12
1386.712561,1.0,0.0,0.0,0.0,699.804757,0.0,0.0,0.0,0.333333,7,0,1500.0,848.630874,0.0,12
4564.860642,1.0,1701.13,1322.61,378.52,0.0,1.0,0.916667,0.833333,0.0,0,39,12000.0,1205.113895,0.0,12
1709.346088,1.0,339.0,339.0,0.0,0.0,0.166667,0.166667,0.0,0.0,0,4,2000.0,612.684346,0.0,12
94.83691,1.0,1027.84,93.0,934.84,0.0,1.0,0.083333,1.0,0.0,0,28,18000.0,1041.284778,0.416667,12
6204.264926,1.0,0.0,0.0,0.0,2344.901285,0.0,0.0,0.0,0.166667,8,0,7500.0,1381.411511,0.0,12
64.677565,1.0,363.71,363.71,0.0,0.0,1.0,1.0,0.0,0.0,0,12,6000.0,343.104512,0.083333,12
24.297113,0.636364,230.47,0.0,230.47,0.0,0.5,0.0,0.5,0.0,0,7,4000.0,0.0,0.0,12
2271.7875,1.0,0.0,0.0,0.0,2866.563908,0.0,0.0,0.0,0.25,5,0,8000.0,327.593428,0.0,8
5000.825577,1.0,3310.39,3072.89,237.5,2019.865472,0.75,0.666667,0.333333,0.083333,1,28,7500.0,2633.433636,0.0,12
3723.723928,1.0,0.0,0.0,0.0,1138.457723,0.0,0.0,0.0,0.333333,6,0,4500.0,930.285952,0.0,12
348.066767,1.0,695.0,695.0,0.0,0.0,0.083333,0.083333,0.0,0.0,0,1,4000.0,470.847821,0.0,12
846.380946,1.0,8397.44,6812.04,1585.4,0.0,1.0,1.0,1.0,0.0,0,118,10000.0,8067.500812,1.0,12
39.557369,0.363636,45.65,45.65,0.0,0.0,0.083333,0.083333,0.0,0.0,0,1,3000.0,831.294005,0.0,12
3492.064185,1.0,0.0,0.0,0.0,522.551112,0.0,0.0,0.0,0.090909,1,0,12500.0,1349.873959,0.0,11
719.427666,1.0,734.4,180.0,554.4,0.0,0.583333,0.083333,0.5,0.0,0,8,1000.0,285.477654,0.0,12
1184.924492,0.9,306.0,234.0,72.0,1314.443111,0.4,0.2,0.3,0.2,8,7,3000.0,500.833154,0.0,10
4285.123888,1.0,4235.03,4235.03,0.0,0.0,0.833333,0.833333,0.0,0.0,0,29,10000.0,1660.32858,0.0,12
989.448428,1.0,429.97,420.32,9.65,1029.77967,0.875,0.5,0.5,0.25,4,13,1500.0,195.369397,0.0,8
3126.109251,1.0,3357.24,2197.01,1160.23,0.0,1.0,1.0,1.0,0.0,0,154,7000.0,1149.614601,0.0,12
3912.344717,1.0,2080.66,672.48,1408.18,1829.712153,1.0,0.166667,1.0,0.166667,5,42,6000.0,1017.896487,0.0,12
469.380653,1.0,5117.56,2562.27,2555.29,0.0,1.0,1.0,1.0,0.0,0,81,4300.0,5270.796852,0.333333,12
3543.905366,1.0,1362.92,0.0,1362.92,0.0,1.0,0.0,1.0,0.0,0,15,7500.0,1026.706561,0.0,12
1218.208868,0.818182,0.0,0.0,0.0,4467.667258,0.0,0.0,0.0,0.363636,12,0,2500.0,3341.009938,0.0,11
680.079404,1.0,636.41,106.01,530.4,2525.736564,1.0,0.083333,1.0,0.25,10,19,12000.0,309.998666,0.0,12
1431.445361,1.0,0.0,0.0,0.0,1414.866215,0.0,0.0,0.0,0.083333,1,0,1500.0,235.637068,0.0,12
131.760301,1.0,789.43,787.48,1.95,0.0,1.0,1.0,0.083333,0.0,0,14,5000.0,2023.907685,0.916667,12
35.988695,0.636364,294.0,0.0,294.0,0.0,0.5,0.0,0.416667,0.0,0,6,1200.0,502.277937,0.333333,12
128.507898,0.454545,0.0,0.0,0.0,490.12386,0.0,0.0,0.0,0.083333,1,0,1200.0,199.424458,0.0,12
3985.637748,1.0,20.0,20.0,0.0,1306.18399,0.083333,0.083333,0.0,0.333333,5,1,6000.0,1203.180838,0.0,12
1726.125465,1.0,223.95,223.95,0.0,265.018687,0.083333,0.083333,0.0,0.083333,1,1,5000.0,1734.836967,0.0,12
948.944615,1.0,678.94,201.4,477.54,0.0,1.0,0.166667,1.0,0.0,0,44,2000.0,1750.388539,0.083333,12
71.983739,1.0,1000.0,1000.0,0.0,0.0,0.083333,0.083333,0.0,0.0,0,1,1200.0,93.4312,0.0,12
32.903658,1.0,391.5,0.0,391.5,0.0,0.75,0.0,0.75,0.0,0,9,6500.0,405.250915,0.727273,12
3822.559709,1.0,1000.0,1000.0,0.0,0.0,0.083333,0.083333,0.0,0.0,0,1,5000.0,1160.567938,0.0,12
580.175457,1.0,759.5,85.0,674.5,995.015703,0.833333,0.166667,0.75,0.333333,5,24,4000.0,1194.432152,0.083333,12
9.444869,0.363636,127.14,127.14,0.0,0.0,0.166667,0.166667,0.0,0.0,0,2,4000.0,0.0,0.0,12
1509.525178,1.0,0.0,0.0,0.0,1784.023712,0.0,0.0,0.0,0.25,5,0,3500.0,513.387513,0.0,12
1288.895823,0.727273,0.0,0.0,0.0,3233.145994,0.0,0.0,0.0,0.181818,3,0,3500.0,4919.065431,0.285714,11
4825.450839,1.0,5855.46,5855.46,0.0,0.0,0.833333,0.833333,0.0,0.0,0,26,7000.0,3866.077948,0.0,12
5797.6687,1.0,0.0,0.0,0.0,4639.195255,0.0,0.0,0.0,0.666667,12,0,6000.0,1936.745052,0.0,12
10.248544,0.090909,0.0,0.0,0.0,690.668996,0.0,0.0,0.0,0.083333,3,0,1200.0,0.0,0.0,12
6928.721377,1.0,18.35,0.0,18.35,14836.45141,0.416667,0.0,0.416667,0.083333,1,5,18000.0,22281.70046,0.090909,12
1725.887609,1.0,0.0,0.0,0.0,753.22315,0.0,0.0,0.0,0.25,3,0,1700.0,1169.756885,0.0,12
475.675998,1.0,5421.73,5421.73,0.0,0.0,1.0,1.0,0.0,0.0,0,34,10500.0,5510.903074,1.0,12
961.369596,1.0,0.0,0.0,0.0,1124.284462,0.0,0.0,0.0,0.166667,2,0,1200.0,275.73187,0.0,12
1364.256013,1.0,0.0,0.0,0.0,252.98756,0.0,0.0,0.0,0.083333,1,0,1500.0,513.013589,0.0,12
113.629276,0.272727,798.0,798.0,0.0,0.0,0.083333,0.083333,0.0,0.0,0,1,5000.0,4372.014696,0.0,12
9.906062,0.909091,202.3,0.0,202.3,0.0,0.909091,0.0,0.818182,0.0,0,10,1500.0,195.62615,0.0,11
26.506901,0.909091,400.91,115.61,285.3,0.0,0.583333,0.083333,0.416667,0.0,0,19,2500.0,465.179466,0.5,12
157.66813,0.857143,1263.51,87.0,1176.51,0.0,0.714286,0.142857,0.428571,0.0,0,8,10000.0,1458.713508,1.0,7
2336.363625,1.0,924.19,0.0,924.19,432.263451,1.0,0.0,1.0,0.166667,2,48,2500.0,874.589045,0.0,12
316.095114,1.0,89.96,0.0,89.96,0.0,0.416667,0.0,0.416667,0.0,0,5,4700.0,301.153658,0.0,12
453.856643,1.0,238.75,0.0,238.75,0.0,0.571429,0.0,0.571429,0.0,0,6,1500.0,94.007773,0.0,7
1914.092562,1.0,538.85,487.5,51.35,0.0,0.416667,0.416667,0.166667,0.0,0,9,2000.0,1022.911305,0.0,12
9061.317491,1.0,0.0,0.0,0.0,366.077141,0.0,0.0,0.0,0.083333,1,0,10000.0,2524.110566,0.0,12
3239.138704,1.0,3018.68,3018.68,0.0,4157.651522,0.25,0.25,0.0,0.5,9,6,5500.0,3369.399283,0.083333,12
2450.104201,1.0,0.0,0.0,0.0,657.525213,0.0,0.0,0.0,0.083333,1,0,3000.0,692.953519,0.0,12
342.358505,0.818182,633.66,65.96,567.7,367.516136,0.5,0.083333,0.333333,0.083333,1,6,4500.0,1625.059543,0.272727,12
8983.120358,1.0,0.0,0.0,0.0,3517.845954,0.0,0.0,0.0,0.25,5,0,12500.0,1943.319108,0.0,12
2275.53087,1.0,1343.65,1262.29,81.36,0.0,1.0,0.666667,1.0,0.0,0,25,3000.0,718.5624,0.0,12
54.327257,1.0,346.02,0.0,346.02,0.0,0.916667,0.0,0.75,0.0,0,11,4500.0,237.839366,0.333333,12
984.135371,1.0,599.58,590.0,9.58,0.0,0.333333,0.333333,0.083333,0.0,0,5,3000.0,782.954766,0.0,12
2732.551701,1.0,1043.03,308.97,734.06,123.468228,1.0,0.5,1.0,0.083333,1,53,3000.0,1691.352849,0.0,12
5795.166009,1.0,0.0,0.0,0.0,7363.303617,0.0,0.0,0.0,0.25,3,0,12500.0,7570.031897,0.0,12
2944.156996,1.0,12.22,12.22,0.0,244.694657,0.083333,0.083333,0.0,0.166667,2,1,3000.0,628.31462,0.0,12
1693.841127,1.0,2439.98,1373.89,1066.09,1068.614851,1.0,0.75,1.0,0.333333,7,45,5500.0,1474.677315,0.0,12
189.98582,0.666667,369.0,0.0,369.0,991.09837,0.666667,0.0,0.5,0.166667,1,6,2500.0,292.582747,0.0,6
1690.352634,1.0,0.0,0.0,0.0,1359.175968,0.0,0.0,0.0,0.166667,4,0,3500.0,373.741157,0.0,12
3048.011738,1.0,1271.34,1239.42,31.92,0.0,0.75,0.75,0.083333,0.0,0,24,3200.0,1216.277275,0.0,12
419.486983,1.0,450.0,450.0,0.0,1365.172054,0.083333,0.083333,0.0,0.166667,3,1,9500.0,4275.760118,0.0,12
2997.977825,1.0,35131.16,34087.73,1043.43,0.0,1.0,1.0,0.833333,0.0,0,344,12000.0,28896.66522,0.75,12
44.635372,0.727273,640.0,0.0,640.0,0.0,0.909091,0.0,0.818182,0.0,0,10,6000.0,596.47654,0.0,11
5643.992345,1.0,6141.58,5070.48,1071.1,1003.760024,1.0,0.916667,1.0,0.333333,6,92,13000.0,11514.83756,0.0,12
2713.749041,1.0,0.0,0.0,0.0,318.035084,0.0,0.0,0.0,0.333333,4,0,3000.0,664.635735,0.0,12
95.597121,1.0,101.97,101.97,0.0,97.921034,0.25,0.25,0.0,0.166667,3,3,3000.0,306.960201,0.0,12
1679.429188,1.0,0.0,0.0,0.0,75.844786,0.0,0.0,0.0,0.166667,2,0,1800.0,243.503331,0.0,12
14.442528,1.0,163.9,0.0,163.9,0.0,1.0,0.0,0.909091,0.0,0,11,1500.0,138.776431,0.777778,11
8260.825897,1.0,3709.71,2420.76,1288.95,2379.462062,1.0,0.666667,1.0,0.833333,47,79,8500.0,6847.476495,0.0,12
4899.638221,1.0,0.0,0.0,0.0,424.449434,0.0,0.0,0.0,0.272727,5,0,5000.0,880.262447,0.0,11
138.596394,1.0,1333.9,663.9,670.0,0.0,0.75,0.583333,0.333333,0.0,0,14,7500.0,1000.797013,0.333333,12
4.160112,1.0,70.56,0.0,70.56,0.0,1.0,0.0,1.0,0.0,0,12,6000.0,54.598522,0.222222,12
592.416944,1.0,6228.01,3454.7,2773.31,0.0,1.0,1.0,1.0,0.0,0,117,4500.0,6052.32316,1.0,12
1211.895212,1.0,0.0,0.0,0.0,119.377631,0.0,0.0,0.0,0.083333,2,0,1200.0,413.575315,0.0,12
8.585976,0.545455,512.59,352.5,160.09,0.0,0.5,0.083333,0.333333,0.0,0,10,2500.0,908.190297,0.25,12
32.612016,0.454545,545.88,545.88,0.0,0.0,0.25,0.25,0.0,0.0,0,4,2000.0,1100.892272,0.5,12
174.214883,0.363636,0.0,0.0,0.0,956.089092,0.0,0.0,0.0,0.083333,1,0,1200.0,238.06524,0.0,12
147.765977,0.363636,1328.94,1328.94,0.0,0.0,0.166667,0.166667,0.0,0.0,0,4,4000.0,4606.168653,1.0,12
349.855056,1.0,3200.5,2097.88,1102.62,0.0,1.0,1.0,1.0,0.0,0,50,7000.0,3119.528249,1.0,12
816.765152,1.0,7967.04,7839.22,127.82,0.0,1.0,1.0,0.416667,0.0,0,81,10000.0,8455.311569,1.0,12
3177.232656,1.0,5877.73,5430.68,447.05,0.0,1.0,1.0,1.0,0.0,0,100,6000.0,6686.89278,0.0,12
14.234636,0.545455,259.83,0.0,259.83,0.0,0.583333,0.0,0.416667,0.0,0,7,7000.0,357.269364,1.0,12
117.018324,0.909091,625.94,625.94,0.0,0.0,0.545455,0.545455,0.0,0.0,0,6,11000.0,627.763481,0.142857,11
330.236089,0.636364,0.0,0.0,0.0,930.459784,0.0,0.0,0.0,0.083333,1,0,6500.0,2048.983642,0.2,12
1087.567113,1.0,564.54,357.9,206.64,0.0,0.75,0.083333,0.666667,0.0,0,16,1400.0,443.196272,0.0,12
409.592245,1.0,190.0,190.0,0.0,1986.427611,0.166667,0.166667,0.0,0.333333,6,2,11500.0,299.91595,0.0,12
3.141961,0.181818,16.0,16.0,0.0,0.0,0.083333,0.083333,0.0,0.0,0,1,5500.0,656.045331,1.0,12
1957.712033,1.0,276.76,0.0,276.76,0.0,0.333333,0.0,0.333333,0.0,0,4,3000.0,566.106669,0.0,12
75.936035,0.545455,856.44,856.44,0.0,0.0,0.272727,0.272727,0.0,0.0,0,3,2300.0,426.894188,0.0,11
1459.518449,1.0,393.82,134.07,259.75,0.0,0.916667,0.25,0.833333,0.0,0,35,1500.0,438.601342,0.0,12
1033.498736,1.0,21.75,0.0,21.75,1238.746947,0.083333,0.0,0.083333,0.333333,5,1,3000.0,255.779858,0.0,12
2255.056361,0.909091,122.99,100.0,22.99,0.0,0.166667,0.083333,0.083333,0.0,0,2,9000.0,3737.838893,0.090909,12
1798.042812,1.0,0.0,0.0,0.0,478.838983,0.0,0.0,0.0,0.083333,1,0,6300.0,1192.610471,0.0,12
179.209557,1.0,1526.42,1526.42,0.0,0.0,1.0,1.0,0.0,0.0,0,26,13500.0,1482.286465,0.916667,12
1119.464381,1.0,266.68,0.0,266.68,0.0,0.166667,0.0,0.166667,0.0,0,2,1400.0,1041.406725,0.0,12
2046.402647,1.0,3976.4,3298.79,677.61,0.0,1.0,0.833333,0.416667,0.0,0,23,7000.0,3413.229693,0.0,12
472.529777,0.545455,358.2,0.0,358.2,1818.821088,0.5,0.0,0.416667,0.083333,2,6,2500.0,485.184548,0.5,12
1894.990608,1.0,0.0,0.0,0.0,1930.273374,0.0,0.0,0.0,0.166667,2,0,5500.0,767.315938,0.0,12
1066.884128,1.0,0.0,0.0,0.0,215.632774,0.0,0.0,0.0,0.25,6,0,1200.0,222.800881,0.0,12
4896.223044,1.0,0.0,0.0,0.0,396.233514,0.0,0.0,0.0,0.25,3,0,5000.0,1288.704377,0.0,12
57.94319,1.0,440.0,0.0,440.0,0.0,0.916667,0.0,0.916667,0.0,0,11,6500.0,462.523442,1.0,12
501.453416,1.0,1199.46,447.0,752.46,0.0,0.833333,0.166667,0.666667,0.0,0,17,6500.0,495.243088,0.0,12
1422.85376,1.0,159.46,159.46,0.0,0.0,0.1,0.1,0.0,0.0,0,3,1600.0,468.122486,0.0,10
423.972293,0.454545,0.0,0.0,0.0,1677.787494,0.0,0.0,0.0,0.333333,4,0,1500.0,316.450771,0.0,12
3894.241117,1.0,1201.7,0.0,1201.7,995.062078,0.583333,0.0,0.583333,0.083333,2,7,4000.0,1734.235295,0.0,12
19.726196,0.818182,220.9,0.0,220.9,0.0,0.75,0.0,0.75,0.0,0,9,2500.0,275.401717,0.888889,12
0.001146,0.090909,0.0,0.0,0.0,96.59138,0.0,0.0,0.0,0.083333,1,0,1500.0,1359.022794,0.181818,12
1126.942655,1.0,0.0,0.0,0.0,86.437024,0.0,0.0,0.0,0.166667,2,0,1200.0,353.897911,0.0,12
8121.778586,1.0,231.14,52.44,178.7,2992.209093,1.0,0.083333,1.0,0.25,18,14,12000.0,2143.672319,0.0,12
54.096839,0.727273,185.99,44.99,141.0,0.0,0.333333,0.083333,0.25,0.0,0,5,4000.0,367.310313,0.0,12
58.312121,0.333333,0.0,0.0,0.0,839.112534,0.0,0.0,0.0,0.166667,5,0,1200.0,2616.215575,1.0,6
2552.597938,1.0,550.62,0.0,583.95,0.0,1.0,0.0,0.916667,0.0,0,24,3000.0,478.632499,0.0,12
437.397682,1.0,1936.22,1538.97,397.25,396.568016,1.0,1.0,0.916667,0.083333,1,34,4000.0,2449.272289,0.0,12
5523.175617,0.888889,0.0,0.0,0.0,4104.980885,0.0,0.0,0.0,0.555556,5,0,6500.0,4355.053996,0.0,9
2088.285449,1.0,0.0,0.0,0.0,1110.062064,0.0,0.0,0.0,0.166667,2,0,6000.0,476.667426,0.0,12
162.850565,1.0,1326.72,1023.27,303.45,0.0,0.666667,0.666667,0.166667,0.0,0,26,6000.0,967.490298,0.142857,12
263.467374,0.454545,0.0,0.0,0.0,837.67896,0.0,0.0,0.0,0.181818,2,0,1700.0,279.745591,0.0,11
1030.503395,1.0,25.26,25.26,0.0,0.0,0.166667,0.166667,0.0,0.0,0,2,3000.0,1135.363289,0.0,12
1420.113689,1.0,393.63,393.63,0.0,0.0,0.416667,0.416667,0.0,0.0,0,8,1500.0,473.832445,0.0,12
6.109243,0.181818,73.64,73.64,0.0,0.0,0.083333,0.083333,0.0,0.0,0,1,4000.0,71.926635,0.0,12
1968.876429,1.0,0.0,0.0,0.0,1803.871026,0.0,0.0,0.0,0.416667,7,0,10500.0,596.425723,0.0,12
488.340514,1.0,4908.93,2290.36,2618.57,0.0,1.0,0.916667,1.0,0.0,0,108,7500.0,4589.621491,0.75,12
944.851251,1.0,449.49,0.0,449.49,0.0,1.0,0.0,1.0,0.0,0,18,1000.0,642.845065,0.0,12
5561.390014,1.0,0.0,0.0,0.0,3041.330064,0.0,0.0,0.0,0.5,17,0,6000.0,2193.97427,0.0,12
4705.036885,1.0,887.87,810.7,77.17,766.181321,0.583333,0.5,0.166667,0.166667,2,15,6000.0,1091.779354,0.0,12
4802.507595,1.0,0.0,0.0,0.0,286.576749,0.0,0.0,0.0,0.083333,1,0,5000.0,986.609534,0.0,12
1724.945864,1.0,2075.18,1841.7,233.48,0.0,0.916667,0.916667,0.416667,0.0,0,25,8500.0,3792.747568,0.0,12
3421.570645,1.0,0.0,0.0,0.0,287.27997,0.0,0.0,0.0,0.083333,1,0,8500.0,1387.841466,0.0,12
99.029726,1.0,1496.87,429.27,1067.6,0.0,0.916667,0.333333,0.833333,0.0,0,48,5000.0,1760.086698,0.416667,12
4353.46553,1.0,0.0,0.0,0.0,301.200047,0.0,0.0,0.0,0.25,3,0,4650.0,984.37305,0.0,12
4506.159773,1.0,1948.25,546.35,1401.9,1870.142289,1.0,0.25,1.0,0.083333,2,27,11500.0,2398.862474,0.0,12
231.089583,1.0,1547.92,1547.92,0.0,0.0,1.0,1.0,0.0,0.0,0,12,9000.0,1230.772375,0.333333,12
5199.213536,1.0,271.4,204.0,67.4,1013.616077,0.583333,0.166667,0.333333,0.333333,7,7,10000.0,1328.030861,0.0,12
460.644885,1.0,805.42,805.42,0.0,1916.483068,0.5,0.5,0.0,0.166667,4,6,7000.0,708.479385,0.285714,12
421.796337,1.0,2748.74,1623.74,1125.0,0.0,1.0,1.0,0.666667,0.0,0,48,4500.0,2684.86037,0.25,12
137.864267,0.272727,237.24,0.0,237.24,1113.534935,1.0,0.0,1.0,0.083333,2,12,1200.0,1232.901419,0.0,12
5376.338384,1.0,5899.35,3732.48,2166.87,0.0,1.0,0.75,0.916667,0.0,0,112,6000.0,2816.619335,0.0,12
2557.241228,1.0,2131.06,749.47,1381.59,0.0,0.916667,0.5,0.833333,0.0,0,55,5000.0,0.0,0.0,12
3971.701463,1.0,721.51,175.0,546.51,0.0,0.916667,0.083333,1.0,0.0,0,53,13500.0,1169.633242,0.0,12
2454.552939,1.0,461.32,24.0,437.32,0.0,0.416667,0.083333,0.333333,0.0,0,6,8000.0,1010.442597,0.0,12
8695.084351,1.0,0.0,0.0,0.0,2772.592928,0.0,0.0,0.0,0.083333,2,0,17500.0,2353.936879,0.0,12
2682.407264,1.0,315.5,315.5,0.0,6629.320612,0.25,0.25,0.0,0.833333,28,4,6000.0,1617.804094,0.1,12
3358.724054,1.0,328.0,328.0,0.0,8416.854736,0.166667,0.166667,0.0,0.583333,27,2,5000.0,6698.912435,0.166667,12
196.967268,1.0,1915.07,1808.25,106.82,0.0,1.0,1.0,0.833333,0.0,0,67,7500.0,1776.394323,1.0,12
817.953789,1.0,0.0,0.0,0.0,1285.120888,0.0,0.0,0.0,0.25,4,0,1500.0,1213.585489,0.0,12
0.0,0.0,0.0,0.0,0.0,181.64979,0.0,0.0,0.0,0.083333,1,0,2500.0,1140.957855,0.0,12
3702.768802,1.0,0.0,0.0,0.0,3097.33974,0.0,0.0,0.0,0.5,9,0,6000.0,2617.067343,0.0,12
73.876478,1.0,600.0,0.0,600.0,0.0,0.666667,0.0,0.666667,0.0,0,12,3000.0,574.321262,1.0,12
241.032979,1.0,0.0,0.0,0.0,642.862505,0.0,0.0,0.0,0.083333,1,0,1500.0,915.454305,0.083333,12
187.204739,1.0,2816.01,2565.97,250.04,0.0,1.0,1.0,0.5,0.0,0,19,6000.0,2078.813618,0.8,12
379.542951,0.545455,0.0,0.0,0.0,925.399531,0.0,0.0,0.0,0.083333,1,0,1500.0,2651.530544,0.166667,12
647.166042,1.0,369.49,0.0,369.49,0.0,0.583333,0.0,0.5,0.0,0,9,12500.0,738.346676,0.0,12
78.114579,0.818182,0.0,0.0,0.0,7155.612737,0.0,0.0,0.0,0.083333,2,0,15000.0,11241.39128,0.142857,12
136.839366,0.636364,1133.54,1133.54,0.0,0.0,0.25,0.25,0.0,0.0,0,4,16500.0,4802.004681,0.428571,12
4858.92532,1.0,9282.12,1578.86,7703.26,4446.461559,0.833333,0.5,0.666667,0.083333,1,111,9000.0,16822.58645,0.0,12
952.419564,1.0,283.8,0.0,283.8,0.0,0.75,0.0,0.75,0.0,0,11,1000.0,611.487872,0.0,12
70.392491,1.0,1008.56,180.0,828.56,0.0,1.0,0.166667,0.916667,0.0,0,14,6000.0,1321.09625,0.8,12
4252.504676,1.0,2172.77,1491.73,681.04,0.0,1.0,1.0,1.0,0.0,0,45,11000.0,1425.671686,0.0,12
1282.087245,1.0,0.0,0.0,0.0,200.865502,0.0,0.0,0.0,0.181818,2,0,1500.0,246.329361,0.0,11
26.547229,0.636364,224.56,0.0,224.56,0.0,0.583333,0.0,0.5,0.0,0,7,3000.0,264.390903,0.6,12
285.645503,1.0,1265.24,893.54,371.7,0.0,0.833333,0.5,0.5,0.0,0,24,7000.0,1791.285108,0.083333,12
2033.538173,1.0,929.25,297.51,631.74,1567.042271,1.0,0.25,1.0,0.083333,1,20,3500.0,1291.31841,0.0,12
2525.425787,1.0,0.0,0.0,0.0,2892.511237,0.0,0.0,0.0,0.090909,2,0,3000.0,683.769908,0.0,11
18.354425,0.777778,256.5,0.0,256.5,0.0,0.666667,0.0,0.555556,0.0,0,6,2000.0,306.969886,0.8,9
2571.311375,1.0,0.0,0.0,0.0,6537.278532,0.0,0.0,0.0,0.583333,16,0,3000.0,4513.686142,0.1,12
3252.763399,0.833333,230.0,74.0,156.0,4497.284924,0.833333,0.166667,0.666667,0.333333,5,11,4500.0,567.149683,0.0,6
817.439653,1.0,1091.0,1091.0,0.0,0.0,0.083333,0.083333,0.0,0.0,0,1,2600.0,766.573245,0.0,12
426.442669,1.0,0.0,0.0,0.0,1619.692655,0.0,0.0,0.0,0.333333,7,0,9000.0,6270.973592,0.2,12
212.282538,0.545455,1698.9,1698.9,0.0,0.0,0.25,0.25,0.0,0.0,0,10,3000.0,2865.759368,1.0,12
3298.236901,1.0,385.0,385.0,0.0,0.0,0.083333,0.083333,0.0,0.0,0,1,7100.0,911.237387,0.0,12
2759.801583,1.0,0.0,0.0,0.0,1063.852745,0.0,0.0,0.0,0.333333,6,0,3000.0,665.168762,0.0,12
44.192011,0.454545,356.0,356.0,0.0,0.0,0.166667,0.166667,0.0,0.0,0,2,16500.0,836.690499,0.0,12
405.234722,1.0,916.04,916.04,0.0,0.0,0.416667,0.416667,0.0,0.0,0,14,500.0,628.237735,0.083333,12
4663.032241,1.0,1325.31,1325.31,0.0,0.0,0.333333,0.333333,0.0,0.0,0,5,4500.0,2064.110786,0.0,12
209.490297,1.0,1956.6,0.0,1956.6,0.0,1.0,0.0,1.0,0.0,0,12,4000.0,1800.384664,0.916667,12
70.963378,1.0,759.73,432.37,327.36,0.0,1.0,1.0,0.916667,0.0,0,25,7800.0,691.394748,0.75,12
1024.990375,1.0,0.0,0.0,0.0,58.443227,0.0,0.0,0.0,0.166667,3,0,1200.0,291.517362,0.0,12
134.581135,0.636364,2300.42,2093.42,207.0,0.0,0.583333,0.5,0.25,0.0,0,13,6000.0,3251.065775,1.0,12
16.179446,0.272727,80.0,0.0,80.0,0.0,0.166667,0.0,0.166667,0.0,0,2,5000.0,140.010501,0.0,12
2791.930619,1.0,231.52,0.0,231.52,0.0,0.5,0.0,0.5,0.0,0,6,3000.0,1828.411354,0.0,12
293.614532,0.857143,839.61,839.61,0.0,2018.794348,0.714286,0.714286,0.0,0.857143,12,11,3000.0,2585.110269,0.5,7
1.470582,0.272727,0.0,0.0,0.0,18.149946,0.0,0.0,0.0,0.083333,1,0,9000.0,81.65922,1.0,12
1.816814,0.090909,21.05,0.0,21.05,0.0,0.083333,0.0,0.083333,0.0,0,1,2900.0,243.137299,0.0,12
1674.490411,1.0,421.71,334.94,86.77,0.0,0.5,0.5,0.166667,0.0,0,11,1700.0,790.338065,0.0,12
1539.375352,1.0,100.0,100.0,0.0,0.0,0.083333,0.083333,0.0,0.0,0,1,3000.0,420.283303,0.0,12
1676.218891,1.0,0.0,0.0,0.0,774.229185,0.0,0.0,0.0,0.416667,8,0,1800.0,477.308046,0.0,12
6981.281961,1.0,0.0,0.0,0.0,5795.971155,0.0,0.0,0.0,0.166667,3,0,18000.0,6002.538777,0.0,12
2255.261218,1.0,0.0,0.0,0.0,550.830512,0.0,0.0,0.0,0.166667,2,0,2500.0,582.88501,0.0,12
1325.445684,0.818182,0.0,0.0,0.0,1895.470431,0.0,0.0,0.0,0.083333,1,0,4500.0,187.108587,0.0,12
2361.237383,1.0,0.0,0.0,0.0,4233.413107,0.0,0.0,0.0,0.416667,14,0,3000.0,3284.30732,0.083333,12
1049.603233,1.0,0.0,0.0,0.0,438.384856,0.0,0.0,0.0,0.083333,1,0,1500.0,221.394099,0.0,12
313.360445,0.818182,1031.91,1031.91,0.0,0.0,0.5,0.5,0.0,0.0,0,10,3000.0,2534.336507,0.111111,12
382.159579,0.363636,287.68,165.0,122.68,0.0,0.416667,0.083333,0.416667,0.0,0,6,2500.0,1879.689693,0.0,12
7347.355967,1.0,0.0,0.0,0.0,3726.752857,0.0,0.0,0.0,0.25,5,0,11500.0,2367.28451,0.0,12
58.281306,0.363636,0.0,0.0,0.0,470.095785,0.0,0.0,0.0,0.083333,1,0,1000.0,150.567116,0.0,12
882.423211,1.0,288.75,270.0,18.75,0.0,0.166667,0.083333,0.083333,0.0,0,3,1000.0,450.107573,0.0,12
788.618659,1.0,2053.78,1094.91,958.87,0.0,0.916667,0.25,0.833333,0.0,0,15,2500.0,1875.180759,0.0,12
21.849058,1.0,256.11,0.0,256.11,0.0,0.916667,0.0,0.916667,0.0,0,11,2500.0,282.902137,0.833333,12
6978.185657,1.0,1051.43,174.48,876.95,5146.349321,0.75,0.083333,0.75,0.333333,10,12,7500.0,3756.694846,0.0,12
1204.187686,1.0,674.85,226.96,447.89,0.0,0.833333,0.166667,0.75,0.0,0,11,7500.0,741.851507,0.0,12
1711.589245,1.0,1659.26,1152.26,507.0,0.0,0.833333,0.25,0.583333,0.0,0,13,6500.0,774.909705,0.0,12
869.947607,1.0,0.0,0.0,0.0,875.275758,0.0,0.0,0.0,0.25,4,0,3000.0,284.200413,0.0,12
1409.206763,1.0,143.5,143.5,0.0,0.0,0.083333,0.083333,0.0,0.0,0,1,3000.0,432.361276,0.0,12
1034.243518,1.0,0.0,0.0,0.0,1534.856631,0.0,0.0,0.0,0.75,38,0,1500.0,1716.353133,0.125,8
603.62806,1.0,60.0,60.0,0.0,54.866583,0.083333,0.083333,0.0,0.166667,2,1,1200.0,1543.263552,0.083333,12
438.429112,1.0,5044.36,3015.56,2028.8,0.0,1.0,0.416667,0.916667,0.0,0,35,5500.0,4591.418823,1.0,12
0.859447,0.454545,23.0,23.0,0.0,0.0,0.083333,0.083333,0.0,0.0,0,1,3000.0,0.0,0.0,12
1163.614769,1.0,0.0,0.0,0.0,79.975453,0.0,0.0,0.0,0.25,3,0,1200.0,282.300835,0.0,12
2683.935652,1.0,0.0,0.0,0.0,2780.106659,0.0,0.0,0.0,0.25,5,0,4500.0,424.014365,0.0,12
552.464447,0.818182,1866.81,1075.17,791.64,0.0,0.666667,0.25,0.583333,0.0,0,35,3000.0,3158.4173,0.111111,12
6832.111113,1.0,6508.08,0.0,6508.08,0.0,1.0,0.0,1.0,0.0,0,72,6000.0,8210.115891,0.0,12
1155.692527,1.0,981.2,326.2,655.0,0.0,0.583333,0.166667,0.416667,0.0,0,12,1200.0,1279.911936,0.0,12
375.583779,0.818182,1567.4,1567.4,0.0,830.455855,0.583333,0.583333,0.0,0.083333,1,14,2500.0,2695.75854,0.666667,12
13968.47957,1.0,281.71,8.9,272.81,2710.679764,0.416667,0.083333,0.333333,0.666667,12,9,18500.0,3464.441992,0.0,12
1847.255047,1.0,186.33,117.58,68.75,0.0,0.666667,0.25,0.416667,0.0,0,8,2000.0,494.841702,0.0,12
6629.045062,1.0,0.0,0.0,0.0,12178.96258,0.0,0.0,0.0,0.833333,31,0,8000.0,10117.7115,0.0,12
1495.080484,1.0,2323.5,2082.52,240.98,0.0,0.916667,0.916667,0.333333,0.0,0,34,8500.0,2326.318039,0.0,12
2255.408224,0.909091,0.0,0.0,0.0,2705.839993,0.0,0.0,0.0,0.181818,3,0,3000.0,504.262605,0.0,11
1539.42247,1.0,0.0,0.0,0.0,1156.434609,0.0,0.0,0.0,0.083333,4,0,3500.0,369.04434,0.0,12
3035.951276,1.0,0.0,0.0,0.0,711.169986,0.0,0.0,0.0,0.666667,14,0,6000.0,710.84163,0.0,12
105.069311,1.0,1344.87,1344.87,0.0,0.0,0.916667,0.916667,0.0,0.0,0,12,1700.0,1461.200691,0.25,12
2446.709596,1.0,0.0,0.0,0.0,5281.049743,0.0,0.0,0.0,0.25,6,0,5000.0,5695.396335,0.0,12
295.374207,0.909091,0.0,0.0,0.0,2032.983385,0.0,0.0,0.0,0.25,4,0,1200.0,2781.869782,0.0,12
822.755885,1.0,531.14,359.24,171.9,0.0,1.0,0.428571,0.571429,0.0,0,10,3000.0,267.707871,0.0,7
4433.582508,1.0,0.0,0.0,0.0,1434.153185,0.0,0.0,0.0,0.416667,9,0,5500.0,6801.553821,0.083333,12
2785.584338,1.0,0.0,0.0,0.0,144.330518,0.0,0.0,0.0,0.1,1,0,3000.0,446.776969,0.0,10
10116.70899,1.0,10166.69,3300.0,6866.69,0.0,0.833333,0.333333,0.666667,0.0,0,45,14000.0,2190.466875,0.0,12
9440.796576,1.0,0.0,0.0,0.0,5831.378,0.0,0.0,0.0,0.666667,13,0,13000.0,2031.387858,0.0,12
1435.975897,1.0,418.56,418.56,0.0,0.0,0.333333,0.333333,0.0,0.0,0,4,2150.0,950.209773,0.0,12
1160.514847,1.0,3726.79,664.0,3062.79,0.0,1.0,0.083333,1.0,0.0,0,89,3000.0,3312.651656,0.083333,12
634.759973,1.0,19.91,0.0,19.91,0.0,0.083333,0.0,0.083333,0.0,0,1,6000.0,610.491342,0.0,12
45.785125,0.636364,12.0,0.0,12.0,166.160258,1.0,0.0,0.916667,0.083333,3,12,1200.0,39.556692,0.0,12
968.504914,1.0,257.71,45.65,212.06,0.0,0.166667,0.083333,0.166667,0.0,0,4,1000.0,623.314494,0.0,12
200.806352,1.0,1957.45,1799.14,158.31,0.0,1.0,1.0,0.166667,0.0,0,49,6000.0,1934.825977,0.75,12
1634.559235,1.0,1062.94,1006.18,56.76,0.0,0.583333,0.5,0.166667,0.0,0,15,1800.0,584.660133,0.0,12
1839.926709,1.0,487.75,0.0,487.75,266.614527,0.5,0.0,0.416667,0.083333,1,9,3500.0,791.115227,0.0,12
6743.313868,1.0,5591.26,1770.5,3820.76,1074.347669,1.0,1.0,1.0,0.25,4,162,9500.0,2314.208069,0.0,12
1267.054186,1.0,0.0,0.0,0.0,1253.614385,0.0,0.0,0.0,0.166667,8,0,1500.0,209.297618,0.0,12
2778.737121,1.0,1973.0,1973.0,0.0,0.0,0.166667,0.166667,0.0,0.0,0,2,6500.0,630.766685,0.0,12
1138.592025,1.0,327.99,248.99,79.0,0.0,0.333333,0.25,0.166667,0.0,0,9,1200.0,559.386373,0.0,12
195.361788,1.0,0.0,0.0,0.0,368.716548,0.0,0.0,0.0,0.083333,1,0,8500.0,153.610279,0.0,12
8.576818,0.181818,80.0,80.0,0.0,0.0,0.083333,0.083333,0.0,0.0,0,1,7500.0,76.188977,0.0,12
117.439961,0.636364,0.0,0.0,0.0,279.060127,0.0,0.0,0.0,0.083333,1,0,750.0,657.048813,0.0,12
3803.111606,1.0,2025.96,541.39,1484.57,0.0,1.0,0.333333,0.833333,0.0,0,51,5600.0,1354.420552,0.0,12
841.744925,0.777778,2481.55,2481.55,0.0,0.0,0.555556,0.555556,0.0,0.0,0,9,5000.0,524.564867,0.0,9
153.602336,0.181818,0.0,0.0,0.0,962.466343,0.0,0.0,0.0,0.083333,1,0,1800.0,19.342419,0.0,12
382.449723,1.0,4162.66,917.78,3244.88,0.0,1.0,0.416667,1.0,0.0,0,60,5000.0,4103.998759,0.833333,12
4375.13933,1.0,32.1,0.0,32.1,1830.046883,0.083333,0.0,0.083333,0.083333,1,1,6000.0,2303.317555,0.0,12
194.818874,1.0,1902.47,1902.47,0.0,0.0,0.916667,0.916667,0.0,0.0,0,11,7000.0,1896.961677,0.75,12
2605.6002,1.0,0.0,0.0,0.0,4127.528187,0.0,0.0,0.0,0.25,5,0,12000.0,2077.205644,0.083333,12
346.013906,0.818182,3561.31,1542.67,2018.64,0.0,0.75,0.333333,0.583333,0.0,0,39,5500.0,3156.901501,0.5,12
404.582074,1.0,555.84,0.0,555.84,0.0,0.916667,0.0,0.916667,0.0,0,11,1500.0,229.068913,0.0,12
0.933462,0.363636,0.0,0.0,0.0,39.348512,0.0,0.0,0.0,0.083333,1,0,6000.0,109.244925,0.0,12
358.674215,0.727273,411.3,411.3,0.0,4327.056723,0.25,0.25,0.0,0.333333,9,4,2500.0,6981.148039,0.2,12
36.005918,0.636364,463.36,0.0,463.36,0.0,0.333333,0.0,0.333333,0.0,0,4,7500.0,1070.3377,0.0,12
2197.935434,1.0,0.0,0.0,0.0,1183.00691,0.0,0.0,0.0,0.166667,2,0,5000.0,5233.68971,0.0,12
2525.493672,1.0,490.0,0.0,490.0,1470.99071,0.5,0.0,0.416667,0.5,20,6,6000.0,1130.147035,0.0,12
3039.972975,1.0,5988.29,4484.77,1503.52,0.0,1.0,1.0,1.0,0.0,0,68,7000.0,2458.531724,0.0,12
22.151355,0.333333,134.87,64.98,69.89,0.0,0.333333,0.166667,0.166667,0.0,0,3,3000.0,41.580849,0.0,6
1077.459774,1.0,4342.68,3109.98,1232.7,385.830526,1.0,0.833333,0.833333,0.25,6,33,6900.0,4105.36943,0.083333,12
58.647973,0.909091,528.65,108.32,420.33,0.0,0.666667,0.083333,0.416667,0.0,0,12,2000.0,539.9677,0.571429,12
1718.034412,1.0,422.68,422.68,0.0,3406.374587,0.333333,0.333333,0.0,0.833333,25,4,3500.0,3752.094461,0.083333,12
3907.641073,1.0,2001.35,147.84,1853.51,466.60762,1.0,0.083333,1.0,0.166667,2,141,4000.0,2111.180988,0.0,12
1189.030969,1.0,1122.3,1122.3,0.0,1425.965785,0.416667,0.416667,0.0,0.416667,9,9,4000.0,3231.526204,0.0,12
18495.55855,1.0,5288.28,3657.3,1630.98,0.0,1.0,0.583333,1.0,0.0,0,76,22000.0,4246.168346,0.0,12
494.045664,1.0,583.2,240.44,342.76,0.0,1.0,0.25,0.916667,0.0,0,25,2000.0,370.803775,0.0,12
520.441499,1.0,2170.6,2170.6,0.0,0.0,0.666667,0.666667,0.0,0.0,0,20,1500.0,1943.742193,0.083333,12
4592.041153,1.0,0.0,0.0,0.0,178.893987,0.0,0.0,0.0,0.25,3,0,5000.0,1009.612835,0.0,12
2955.777008,1.0,0.0,0.0,0.0,3604.51247,0.0,0.0,0.0,0.7,12,0,11000.0,4398.578094,0.0,10
2666.903576,1.0,0.0,0.0,0.0,779.396921,0.0,0.0,0.0,0.166667,2,0,3000.0,661.437579,0.0,12
2015.554911,1.0,1446.48,493.88,952.6,0.0,0.666667,0.25,0.666667,0.0,0,27,13000.0,4537.716739,0.0,12
8.447806,1.0,85.12,0.0,85.12,0.0,0.666667,0.0,0.583333,0.0,0,8,7000.0,100.258283,0.454545,12
3447.674222,1.0,205.0,205.0,0.0,4548.057776,0.090909,0.090909,0.0,0.545455,7,1,10500.0,665.239171,0.0,11
655.712971,1.0,264.35,202.8,61.55,0.0,0.333333,0.083333,0.166667,0.0,0,6,1500.0,180.129661,0.0,12
3063.422164,0.727273,1646.48,555.73,1090.75,2934.748266,0.833333,0.333333,0.833333,0.166667,5,28,4500.0,6543.279871,0.0,12
478.787453,1.0,780.38,655.74,124.64,144.37846,0.5,0.416667,0.083333,0.083333,1,12,1500.0,1842.23355,0.111111,12
697.141393,1.0,1027.28,567.0,460.28,0.0,0.583333,0.083333,0.416667,0.0,0,13,2000.0,1822.954828,0.0,12
48.933642,1.0,632.84,0.0,632.84,0.0,1.0,0.0,1.0,0.0,0,21,1500.0,626.111312,1.0,12
53.994628,1.0,257.0,257.0,0.0,0.0,0.083333,0.083333,0.0,0.0,0,3,6500.0,423.058905,0.083333,12
3494.152843,1.0,2217.87,578.06,1639.81,2452.383654,1.0,0.25,0.916667,0.25,10,59,6500.0,2125.932737,0.0,12
180.32895,1.0,810.6,0.0,810.6,0.0,0.916667,0.0,0.833333,0.0,0,20,2500.0,700.22051,0.0,12
63.930277,0.545455,626.98,589.1,37.88,0.0,0.416667,0.416667,0.083333,0.0,0,10,3000.0,450.633632,0.5,12
1089.696979,0.833333,349.04,0.0,349.04,1477.68366,0.666667,0.0,0.5,0.333333,4,7,1500.0,231.019657,0.0,6
123.396703,0.545455,0.0,0.0,0.0,1196.579583,0.0,0.0,0.0,0.166667,2,0,7000.0,2591.841437,0.25,12
71.345309,1.0,1166.76,0.0,1166.76,0.0,1.0,0.0,1.0,0.0,0,12,3000.0,1137.865785,0.75,12
1044.704008,1.0,1142.6,346.0,796.6,0.0,1.0,0.333333,1.0,0.0,0,61,5000.0,1881.871223,0.083333,12
809.572784,1.0,691.66,691.66,0.0,992.321871,0.333333,0.333333,0.0,0.25,4,4,1500.0,1395.925667,0.0,12
2165.436389,1.0,0.0,0.0,0.0,1016.336335,0.0,0.0,0.0,0.25,6,0,2500.0,435.64194,0.0,12
123.632161,1.0,506.0,146.0,360.0,0.0,1.0,0.166667,1.0,0.0,0,14,6000.0,662.272892,0.083333,12
546.398561,0.272727,0.0,0.0,0.0,2498.547619,0.0,0.0,0.0,0.25,7,0,3000.0,339.612072,0.0,12
1032.031399,1.0,0.0,0.0,0.0,1143.502627,0.0,0.0,0.0,0.166667,4,0,1200.0,239.189487,0.0,12
316.812739,1.0,2393.89,801.1,1592.79,2145.718983,1.0,0.833333,1.0,0.25,3,80,10000.0,4439.641308,0.833333,12
715.64147,0.727273,0.0,0.0,0.0,1349.479114,0.0,0.0,0.0,0.25,6,0,1500.0,1967.176481,0.125,12
24.976709,1.0,720.6,720.6,0.0,18.985087,1.0,1.0,0.0,0.083333,1,12,9000.0,664.033022,0.0,12
826.018339,1.0,191.67,160.5,31.17,0.0,0.333333,0.25,0.083333,0.0,0,5,1200.0,443.248137,0.0,12
134.613205,0.727273,0.0,0.0,0.0,447.255199,0.0,0.0,0.0,0.090909,1,0,2500.0,414.896217,0.0,11
3749.634778,1.0,0.0,0.0,0.0,102.621184,0.0,0.0,0.0,0.090909,1,0,8000.0,1377.52604,0.0,11
16.657046,0.363636,186.32,65.0,121.32,0.0,0.166667,0.083333,0.083333,0.0,0,4,600.0,28.317708,0.0,12
69.945524,0.909091,41.4,0.0,41.4,0.0,0.333333,0.0,0.333333,0.0,0,4,1200.0,147.786034,0.0,12
2224.065672,1.0,81.84,81.84,0.0,1570.966236,0.083333,0.083333,0.0,0.666667,12,5,2500.0,487.001643,0.0,12
563.587232,1.0,1232.59,500.75,731.84,450.908415,1.0,0.5,0.833333,0.083333,1,31,4000.0,857.740923,0.0,12
27.742435,0.272727,303.24,0.0,303.24,0.0,0.25,0.0,0.166667,0.0,0,3,3000.0,775.085467,0.0,12
1018.880453,1.0,0.0,0.0,0.0,2583.510846,0.0,0.0,0.0,0.5,8,0,13000.0,1703.232165,0.0,12
1221.439496,1.0,1045.76,959.22,86.54,1478.541555,0.888889,0.666667,0.555556,0.555556,9,21,2500.0,269.325785,0.0,9
56.541208,0.272727,325.8,325.8,0.0,0.0,0.083333,0.083333,0.0,0.0,0,3,3200.0,1300.942779,0.0,12
1604.476717,0.8,2619.7,2619.7,0.0,3041.40624,0.6,0.6,0.0,0.3,3,10,6000.0,2045.152399,0.142857,10
39.086623,0.545455,374.63,91.63,283.0,0.0,0.5,0.083333,0.5,0.0,0,11,1600.0,767.182519,1.0,12
378.001129,1.0,1884.04,1884.04,0.0,104.557174,0.416667,0.416667,0.0,0.083333,1,10,5000.0,2249.919761,0.222222,12
3290.750214,1.0,974.72,974.72,0.0,0.0,1.0,1.0,0.0,0.0,0,25,10000.0,1064.701886,0.0,12
66.723482,1.0,550.95,0.0,550.95,0.0,0.833333,0.0,0.75,0.0,0,16,4000.0,521.433223,0.4,12
1987.232432,1.0,544.76,0.0,544.76,0.0,1.0,0.0,1.0,0.0,0,14,2000.0,1124.28278,0.0,12
869.702973,1.0,370.74,138.54,232.2,710.440728,0.916667,0.166667,0.666667,0.416667,15,11,1000.0,540.848608,0.0,12
53.989299,0.857143,469.14,0.0,469.14,0.0,0.857143,0.0,0.714286,0.0,0,6,1500.0,446.737399,0.8,7
151.787402,0.363636,1234.32,1234.32,0.0,0.0,0.083333,0.083333,0.0,0.0,0,3,10000.0,2837.676536,0.0,12
5.856011,0.909091,827.4,0.0,827.4,0.0,1.0,0.0,1.0,0.0,0,12,6600.0,755.916603,0.083333,12
5.1807,0.363636,0.0,0.0,0.0,1283.543377,0.0,0.0,0.0,0.083333,1,0,3000.0,1282.18451,0.0,12
190.324034,1.0,322.33,238.97,83.36,0.0,0.25,0.083333,0.166667,0.0,0,3,6500.0,524.430161,0.0,12
1645.780139,1.0,150.0,150.0,0.0,0.0,0.083333,0.083333,0.0,0.0,0,1,1800.0,550.522713,0.0,12
8043.733112,1.0,99.5,99.5,0.0,3215.576129,0.166667,0.166667,0.0,0.333333,8,3,12500.0,1865.566177,0.0,12
2155.276706,1.0,66.0,66.0,0.0,5478.844017,0.083333,0.083333,0.0,0.75,30,1,5000.0,5100.05147,0.083333,12
5619.654569,1.0,2457.53,1352.63,1104.9,6088.185478,1.0,0.571429,0.857143,0.571429,16,35,8000.0,1140.70277,0.0,7
429.157725,1.0,170.0,170.0,0.0,0.0,0.166667,0.166667,0.0,0.0,0,2,6500.0,694.899932,0.0,12
1135.70375,1.0,92.07,0.0,92.07,81.509491,0.272727,0.0,0.181818,0.272727,3,3,1200.0,355.798199,0.0,11
484.70724,0.714286,960.0,960.0,0.0,531.964001,0.142857,0.142857,0.0,0.285714,2,1,2000.0,199.836894,0.0,7
96.799285,1.0,537.36,537.36,0.0,625.807503,1.0,1.0,0.0,0.083333,3,12,1500.0,1133.874141,0.916667,12
18.558992,0.545455,86.4,0.0,86.4,0.0,0.333333,0.0,0.333333,0.0,0,4,2000.0,265.768812,0.0,12
75.792862,1.0,1117.35,0.0,1117.35,0.0,1.0,0.0,1.0,0.0,0,16,5000.0,1060.951647,1.0,12
1354.161432,1.0,0.0,0.0,0.0,602.502862,0.0,0.0,0.0,0.333333,11,0,1500.0,313.83656,0.0,12
1276.549447,1.0,3355.73,1916.68,1439.05,887.518919,1.0,0.75,1.0,0.25,4,61,4000.0,1254.550076,0.090909,12
1119.157048,1.0,133.9,133.9,0.0,269.234406,0.166667,0.166667,0.0,0.25,3,3,1200.0,427.35515,0.0,12
889.090252,1.0,9751.9,5896.76,3855.14,0.0,1.0,1.0,0.916667,0.0,0,115,4500.0,8418.403666,0.666667,12
22.695131,1.0,201.18,201.18,0.0,0.0,1.0,1.0,0.0,0.0,0,12,3000.0,189.904819,0.363636,12
55.321121,0.909091,805.25,0.0,805.25,0.0,1.0,0.0,1.0,0.0,0,24,4000.0,797.688136,0.9,12
432.860083,1.0,128.32,128.32,0.0,0.0,0.083333,0.083333,0.0,0.0,0,1,4750.0,239.784988,0.0,12
3626.196814,1.0,475.36,0.0,475.36,1634.030482,0.833333,0.0,0.833333,0.416667,6,13,8500.0,1927.992694,0.0,12
534.728906,1.0,976.98,251.05,725.93,0.0,0.833333,0.666667,0.833333,0.0,0,18,7000.0,742.950103,0.0,12
3645.191927,1.0,2311.83,2311.83,0.0,0.0,0.916667,0.916667,0.0,0.0,0,12,4500.0,1778.093952,0.0,12
12.423203,0.909091,2292.41,2003.99,288.42,96.310823,0.916667,0.916667,0.916667,0.083333,1,36,7500.0,2411.035394,0.0,12
391.508345,0.888889,80.99,80.99,0.0,2867.104779,0.111111,0.111111,0.0,0.333333,3,1,1500.0,3855.328673,0.2,9
5601.953934,1.0,0.0,0.0,0.0,3449.910317,0.0,0.0,0.0,0.416667,11,0,6000.0,1307.896832,0.0,12
240.110414,1.0,3510.42,1732.87,1777.55,0.0,0.916667,0.416667,0.75,0.0,0,37,6500.0,3868.013636,0.545455,12
1500.034488,1.0,274.45,239.45,35.0,889.383583,0.25,0.25,0.083333,0.25,4,6,3000.0,500.083333,0.0,12
1089.219786,1.0,639.15,639.15,0.0,443.668004,0.416667,0.416667,0.0,0.333333,5,11,3000.0,1095.752072,0.0,12
952.26088,0.875,0.0,0.0,0.0,1202.332312,0.0,0.0,0.0,0.5,16,0,1200.0,218.402942,0.0,8
1268.809031,0.272727,17945.0,17945.0,0.0,0.0,0.166667,0.166667,0.0,0.0,0,3,18000.0,50721.48336,0.0,12
935.167278,0.636364,1757.91,672.0,1085.91,1009.683036,0.583333,0.166667,0.416667,0.166667,5,8,1800.0,2279.094703,0.0,12
5.196923,0.545455,68.02,0.0,68.02,0.0,0.5,0.0,0.5,0.0,0,6,4000.0,125.516216,0.5,12
5543.972323,1.0,0.0,0.0,0.0,2231.203315,0.0,0.0,0.0,0.333333,9,0,6000.0,1265.31093,0.0,12
77.684147,1.0,431.28,0.0,431.28,0.0,1.0,0.0,0.875,0.0,0,8,1000.0,342.768161,0.333333,8
226.78538,1.0,210.64,210.64,0.0,0.0,0.083333,0.083333,0.0,0.0,0,1,3500.0,295.155445,0.0,12
41.643083,1.0,212.0,212.0,0.0,0.0,0.083333,0.083333,0.0,0.0,0,1,1200.0,596.834019,0.083333,12
291.663664,1.0,129.0,129.0,0.0,0.0,0.083333,0.083333,0.0,0.0,0,1,5500.0,284.596786,0.0,12
1437.977941,1.0,229.94,229.94,0.0,901.185629,0.25,0.25,0.0,0.583333,10,4,1800.0,783.528158,0.0,12
213.205306,0.818182,2536.27,370.5,2165.77,0.0,0.833333,0.083333,0.75,0.0,0,17,6000.0,2298.104409,0.666667,12
2063.855487,1.0,220.4,220.4,0.0,2274.848149,0.083333,0.083333,0.0,0.666667,11,1,2500.0,468.683047,0.0,12
13.649888,0.363636,129.16,129.16,0.0,0.0,0.166667,0.166667,0.0,0.0,0,2,15000.0,375.36099,1.0,12
8477.970766,1.0,4837.88,2945.5,1892.38,289.117803,1.0,0.333333,0.916667,0.083333,1,36,15500.0,3695.744108,0.0,12
1117.00354,1.0,240.0,240.0,0.0,0.0,0.166667,0.166667,0.0,0.0,0,9,1200.0,366.532467,0.0,12
198.815177,1.0,247.5,0.0,247.5,0.0,0.166667,0.0,0.166667,0.0,0,3,4000.0,283.50846,0.0,12
472.61828,1.0,4626.36,2974.0,1652.36,305.257038,1.0,0.833333,1.0,0.166667,2,67,3800.0,4549.881872,1.0,12
1534.16579,1.0,0.0,0.0,0.0,635.299075,0.0,0.0,0.0,0.583333,11,0,1800.0,681.29005,0.0,12
2092.971853,1.0,0.0,0.0,0.0,135.256159,0.0,0.0,0.0,0.333333,2,0,2500.0,275.676251,0.0,6
1116.944017,1.0,182.64,182.64,0.0,109.600359,0.333333,0.333333,0.0,0.083333,1,4,1500.0,304.822958,0.0,12
2006.680789,1.0,121.93,78.81,43.12,3398.994695,0.7,0.2,0.6,0.8,21,9,4000.0,375.493789,0.0,10
251.715214,0.909091,2722.34,1744.63,977.71,0.0,0.75,0.75,0.583333,0.0,0,32,1200.0,2165.330989,0.777778,12
3334.683766,1.0,0.0,0.0,0.0,3411.430841,0.0,0.0,0.0,0.25,16,0,6000.0,682.561453,0.0,12
1868.523786,1.0,27.89,27.89,0.0,47.998873,0.083333,0.083333,0.0,0.083333,1,2,2000.0,440.707307,0.0,12
1000.235038,1.0,79.41,79.41,0.0,0.0,0.166667,0.166667,0.0,0.0,0,2,6500.0,868.377193,0.0,12
1046.952264,1.0,504.0,0.0,504.0,0.0,1.0,0.0,1.0,0.0,0,12,1000.0,759.461397,0.0,12
1832.539694,1.0,1311.8,1076.16,235.64,0.0,0.75,0.5,0.416667,0.0,0,30,2500.0,384.218293,0.0,12
59.35799,0.454545,608.8,608.8,0.0,0.0,0.333333,0.333333,0.0,0.0,0,6,6000.0,1531.142227,1.0,12
48.068313,0.7,788.08,448.0,340.08,0.0,0.8,0.2,0.5,0.0,0,10,13000.0,689.403349,0.555556,10
570.657071,1.0,950.39,540.36,410.03,340.308868,0.833333,0.416667,0.333333,0.166667,2,16,4000.0,549.682725,0.0,12
8040.732429,1.0,0.0,0.0,0.0,3500.334072,0.0,0.0,0.0,0.333333,21,0,12000.0,2709.478892,0.0,12
1121.44991,1.0,219.4,85.0,134.4,0.0,0.666667,0.083333,0.666667,0.0,0,9,1200.0,591.736846,0.0,12
1168.844004,0.454545,1310.31,1310.31,0.0,1502.01432,0.083333,0.083333,0.0,0.083333,5,1,3500.0,272.821647,0.0,12
12596.42194,1.0,0.0,0.0,0.0,3252.260115,0.0,0.0,0.0,0.083333,6,0,14000.0,3031.587665,0.0,12
1000.931473,1.0,0.0,0.0,0.0,374.200459,0.0,0.0,0.0,0.083333,1,0,1200.0,304.037261,0.0,12
10.564262,0.545455,240.25,240.25,0.0,0.0,0.5,0.5,0.0,0.0,0,8,2700.0,469.841016,1.0,12
13.07784,0.454545,69.5,69.5,0.0,0.0,0.083333,0.083333,0.0,0.0,0,1,400.0,98.275388,0.1,12
2891.926512,1.0,561.25,561.25,0.0,1991.754101,0.5,0.5,0.0,0.666667,12,6,7700.0,597.664886,0.0,12
1832.940008,1.0,1839.69,914.19,925.5,0.0,0.583333,0.416667,0.416667,0.0,0,35,5000.0,477.773934,0.0,12
13.713339,0.636364,504.08,137.9,366.18,0.0,0.583333,0.083333,0.5,0.0,0,11,4500.0,448.622511,0.4,12
128.25396,0.818182,1105.0,0.0,1105.0,0.0,0.75,0.0,0.666667,0.0,0,14,2500.0,1224.344711,0.636364,12
589.682566,0.909091,6398.73,6398.73,0.0,271.370767,0.583333,0.583333,0.0,0.083333,1,18,10500.0,7443.80581,1.0,12
16.379412,0.454545,178.15,0.0,178.15,0.0,0.25,0.0,0.25,0.0,0,3,5000.0,229.376368,0.181818,12
492.265287,1.0,424.5,0.0,424.5,0.0,0.25,0.0,0.25,0.0,0,3,4000.0,142.123847,0.0,12
3458.708146,1.0,0.0,0.0,0.0,8886.28396,0.0,0.0,0.0,0.5,10,0,6000.0,6285.292115,0.1,10
3285.196786,1.0,2830.48,1182.2,1648.28,1703.103212,1.0,0.083333,1.0,0.166667,3,37,8500.0,7224.787261,0.166667,12
1733.972492,1.0,147.96,0.0,147.96,0.0,0.333333,0.0,0.333333,0.0,0,8,1900.0,525.331558,0.0,12
577.30163,1.0,3702.79,2940.9,761.89,202.413978,1.0,1.0,1.0,0.166667,2,35,5000.0,4168.726662,0.166667,12
19.548437,0.727273,266.56,84.0,182.56,0.0,0.666667,0.083333,0.583333,0.0,0,9,4500.0,395.242487,0.857143,12
75.11232,1.0,0.0,0.0,0.0,293.856915,0.0,0.0,0.0,0.083333,1,0,7000.0,375.642608,0.0,12
420.215198,1.0,1681.1,834.8,846.3,0.0,0.916667,0.5,0.833333,0.0,0,20,2400.0,758.24314,0.181818,12
1396.800164,1.0,210.62,210.62,0.0,0.0,0.166667,0.166667,0.0,0.0,0,3,1500.0,703.616107,0.0,12
31.944612,1.0,408.01,408.01,0.0,0.0,1.0,1.0,0.0,0.0,0,12,7500.0,1027.411988,0.909091,12
5693.979714,1.0,1338.72,1338.72,0.0,0.0,1.0,1.0,0.0,0.0,0,13,9500.0,1753.988494,0.0,12
1983.111978,1.0,1119.56,1119.56,0.0,5582.881679,0.333333,0.333333,0.0,0.416667,9,13,7000.0,6892.546158,0.0,12
490.157047,1.0,0.0,0.0,0.0,1289.130072,0.0,0.0,0.0,0.583333,13,0,1200.0,342.973205,0.0,12
306.115129,0.454545,0.0,0.0,0.0,991.835378,0.0,0.0,0.0,0.083333,1,0,1200.0,2653.659381,0.2,12
2001.407378,1.0,4793.35,1131.42,3661.93,0.0,1.0,0.083333,1.0,0.0,0,68,2700.0,647.406275,0.0,12
10.386311,0.818182,171.6,0.0,171.6,0.0,1.0,0.0,1.0,0.0,0,12,4000.0,168.370514,0.454545,12
434.02839,0.636364,0.0,0.0,0.0,998.99144,0.0,0.0,0.0,0.166667,2,0,1800.0,159.573297,0.083333,12
1084.218952,0.909091,0.0,0.0,0.0,1729.084515,0.0,0.0,0.0,0.083333,4,0,2000.0,2193.419369,0.111111,12
79.345909,1.0,906.5,0.0,906.5,0.0,1.0,0.0,0.916667,0.0,0,12,6000.0,922.33766,0.916667,12
2.872146,0.181818,37.0,37.0,0.0,0.0,0.083333,0.083333,0.0,0.0,0,1,3000.0,213.066673,0.0,12
2004.816462,1.0,20747.34,13007.07,7740.27,0.0,1.0,1.0,1.0,0.0,0,95,10000.0,17005.40969,1.0,12
2339.037958,1.0,1823.56,0.0,1823.56,435.165222,1.0,0.0,1.0,0.083333,2,20,1800.0,890.623152,0.0,12
4709.342642,1.0,1614.27,1193.06,421.21,588.059618,0.916667,0.916667,0.75,0.083333,1,56,7500.0,1276.0373,0.0,12
531.615661,1.0,3196.22,2098.97,1097.25,0.0,1.0,0.833333,0.916667,0.0,0,44,4000.0,3556.432004,0.166667,12
1017.086549,1.0,0.0,0.0,0.0,1046.611295,0.0,0.0,0.0,0.166667,3,0,3500.0,2937.01018,0.083333,12
2436.843864,1.0,2647.9,2495.0,152.9,0.0,0.833333,0.75,0.166667,0.0,0,17,9000.0,7657.885804,0.0,12
1430.209699,1.0,1123.59,361.0,762.59,0.0,1.0,0.166667,1.0,0.0,0,41,5000.0,561.72022,0.0,12
237.393795,1.0,1294.97,0.0,1294.97,307.201386,1.0,0.0,0.916667,0.25,3,16,2500.0,1098.051237,0.166667,12
639.73038,1.0,951.05,785.05,166.0,0.0,0.5,0.5,0.083333,0.0,0,8,2600.0,693.302893,0.0,12
674.119098,1.0,3146.25,449.1,2697.15,0.0,1.0,0.333333,1.0,0.0,0,93,4000.0,2602.065596,0.0,12
1049.768556,1.0,171.65,55.0,116.65,0.0,0.416667,0.083333,0.333333,0.0,0,6,1200.0,256.698968,0.0,12
876.839962,1.0,147.82,0.0,147.82,784.229265,0.25,0.0,0.25,0.083333,1,3,1000.0,337.812755,0.0,12
31.870629,0.818182,192.92,139.7,53.22,0.0,0.166667,0.083333,0.083333,0.0,0,2,5500.0,834.627595,0.090909,12
4931.203112,1.0,0.0,0.0,0.0,1387.850238,0.0,0.0,0.0,0.25,4,0,6500.0,1018.476355,0.0,12
5740.590335,1.0,8218.32,8218.32,0.0,0.0,0.75,0.75,0.0,0.0,0,17,12000.0,3318.260207,0.0,12
258.223705,1.0,2391.44,1203.18,1188.26,49.410478,1.0,0.666667,1.0,0.083333,1,32,5000.0,2536.830662,0.333333,12
5686.466725,0.909091,177.35,177.35,0.0,0.0,0.090909,0.090909,0.0,0.0,0,1,8000.0,1775.784106,0.0,11
4988.093733,1.0,8581.29,4640.84,3940.45,225.473003,1.0,0.666667,1.0,0.083333,1,94,10500.0,1571.883,0.0,12
84.377933,1.0,270.0,0.0,270.0,0.0,1.0,0.0,0.916667,0.0,0,12,1200.0,308.698498,0.0,12
1234.235139,1.0,594.95,509.95,85.0,8287.780882,0.333333,0.25,0.083333,0.416667,10,5,5000.0,9630.24637,0.333333,12
931.866057,1.0,0.0,0.0,0.0,652.119509,0.0,0.0,0.0,0.25,3,0,3700.0,250.72198,0.0,12
1281.936062,1.0,43.0,43.0,0.0,0.0,0.083333,0.083333,0.0,0.0,0,1,1500.0,298.266234,0.0,12
1032.812458,1.0,995.07,806.07,189.0,555.033556,0.666667,0.166667,0.5,0.25,4,11,1400.0,363.992366,0.0,12
529.415371,0.5,0.0,0.0,0.0,1409.048702,0.0,0.0,0.0,0.25,4,0,1500.0,1417.666972,0.142857,8
132.73446,0.1,2190.0,2190.0,0.0,0.0,0.1,0.1,0.0,0.0,0,1,2500.0,2.389583,0.0,10
5850.1729,1.0,393.87,0.0,393.87,0.0,0.25,0.0,0.25,0.0,0,8,6000.0,1536.774213,0.0,12
5.761614,0.181818,75.0,75.0,0.0,0.0,0.083333,0.083333,0.0,0.0,0,2,3400.0,289.742219,0.0,12
34.017341,0.272727,494.6,494.6,0.0,0.0,0.083333,0.083333,0.0,0.0,0,1,4000.0,456.293143,0.0,12
81.311082,0.727273,851.38,851.38,0.0,0.0,0.416667,0.416667,0.0,0.0,0,6,8500.0,964.675607,0.25,12
152.758442,0.727273,276.0,81.0,195.0,0.0,0.25,0.083333,0.083333,0.0,0,3,1200.0,1316.604491,0.142857,12
7659.19151,1.0,0.0,0.0,0.0,1971.469655,0.0,0.0,0.0,0.333333,7,0,8000.0,1897.854153,0.0,12
2947.426082,0.888889,2257.28,1179.8,1077.48,281.877943,0.444444,0.333333,0.222222,0.222222,2,19,8500.0,3612.992662,0.0,9
1371.488874,1.0,0.0,0.0,0.0,3163.898453,0.0,0.0,0.0,0.333333,11,0,3500.0,338.654717,0.0,12
57.937789,1.0,450.0,450.0,0.0,0.0,0.5,0.5,0.0,0.0,0,6,4000.0,395.680968,0.25,12
3376.946886,1.0,0.0,0.0,0.0,9670.775878,0.0,0.0,0.0,0.4,6,0,9500.0,2194.131117,0.0,10
5824.000984,1.0,1501.08,0.0,1501.08,4730.837305,0.25,0.0,0.166667,0.333333,6,5,8500.0,1647.245926,0.0,12
2286.673155,0.818182,0.0,0.0,0.0,2617.930904,0.0,0.0,0.0,0.083333,2,0,3000.0,602.563865,0.0,12
2608.512452,1.0,64.2,64.2,0.0,0.0,0.083333,0.083333,0.0,0.0,0,1,3000.0,647.437157,0.0,12
355.323994,0.636364,284.11,284.11,0.0,855.147084,0.166667,0.166667,0.0,0.166667,2,2,1500.0,1765.584677,0.181818,12
907.680311,1.0,0.0,0.0,0.0,159.333467,0.0,0.0,0.0,0.083333,1,0,1200.0,1368.734996,0.0,12
2493.134397,1.0,253.0,28.0,225.0,2622.759643,0.833333,0.083333,0.75,0.333333,8,11,2900.0,445.652564,0.0,12
231.90824,0.818182,711.8,497.8,214.0,0.0,0.666667,0.166667,0.416667,0.0,0,10,8500.0,2007.282363,0.111111,12
88.13353,0.909091,1400.0,0.0,1400.0,0.0,0.833333,0.0,0.75,0.0,0,10,7500.0,1307.099065,0.727273,12
1068.985549,1.0,0.0,0.0,0.0,54.67143,0.0,0.0,0.0,0.083333,1,0,1200.0,359.180202,0.0,12
722.689568,1.0,6493.25,6454.25,39.0,0.0,1.0,1.0,0.083333,0.0,0,38,3200.0,5777.820302,0.75,12
62.759232,0.545455,311.55,311.55,0.0,0.0,0.166667,0.166667,0.0,0.0,0,5,1200.0,525.904979,0.0,12
852.001697,0.727273,372.36,0.0,372.36,1655.625508,0.416667,0.0,0.416667,0.166667,3,5,4000.0,347.937039,0.0,12
473.599403,1.0,524.7,150.32,374.38,1168.556598,1.0,0.25,0.75,0.083333,1,15,1200.0,1772.643444,0.25,12
567.055953,0.727273,0.0,0.0,0.0,3254.66653,0.0,0.0,0.0,0.416667,11,0,6000.0,4103.204766,0.6,12
597.416499,1.0,175.4,0.0,175.4,1816.49181,0.416667,0.0,0.416667,0.166667,2,5,1200.0,2524.423875,0.181818,12
3.005343,0.333333,0.0,0.0,0.0,265.334594,0.0,0.0,0.0,0.111111,1,0,1200.0,1233.178997,0.0,9
2224.000236,1.0,2276.41,1787.77,488.64,628.841571,0.833333,0.5,0.666667,0.333333,6,39,4500.0,3755.786767,0.0,12
83.564804,1.0,616.0,0.0,616.0,0.0,1.0,0.0,0.875,0.0,0,8,1000.0,526.820014,0.833333,8
19.589561,0.545455,299.84,299.84,0.0,0.0,0.416667,0.416667,0.0,0.0,0,6,3000.0,577.023407,0.8,12
1193.682005,1.0,445.18,445.18,0.0,0.0,1.0,1.0,0.0,0.0,0,11,1200.0,673.563611,0.0,11
2701.880978,1.0,0.0,0.0,0.0,576.920984,0.0,0.0,0.0,0.166667,4,0,10000.0,654.1843,0.0,12
8.820992,0.7,91.46,91.46,0.0,0.0,0.2,0.2,0.0,0.0,0,2,1500.0,77.334707,0.0,10
566.383268,1.0,1454.16,1043.25,410.91,0.0,1.0,0.75,1.0,0.0,0,44,3000.0,1828.965302,0.0,12
7369.794134,1.0,411.2,0.0,411.2,2943.158701,0.666667,0.0,0.583333,0.166667,5,8,8000.0,1753.647095,0.0,12
31.856254,0.545455,241.0,0.0,241.0,0.0,0.666667,0.0,0.666667,0.0,0,11,1200.0,401.109047,0.0,12
63.615822,0.545455,970.57,970.57,0.0,0.0,0.5,0.5,0.0,0.0,0,7,7200.0,1113.617785,0.75,12
1172.183909,1.0,1700.0,900.0,800.0,0.0,0.666667,0.083333,0.666667,0.0,0,10,8000.0,1271.291305,0.0,12
374.405467,0.636364,1034.4,249.0,785.4,0.0,0.5,0.166667,0.416667,0.0,0,11,1200.0,1905.378315,0.0,12
4.054657,0.727273,264.02,264.02,0.0,0.0,0.25,0.25,0.0,0.0,0,4,7000.0,274.692435,0.111111,12
1739.13388,1.0,191.98,96.0,95.98,0.0,0.25,0.083333,0.25,0.0,0,4,2000.0,978.453301,0.0,12
229.667169,1.0,0.0,0.0,0.0,985.337823,0.0,0.0,0.0,0.083333,1,0,3000.0,1120.65839,0.1,12
5259.14039,0.888889,2659.35,813.0,1846.35,4851.392018,0.888889,0.222222,0.777778,0.333333,34,38,6000.0,2249.612405,0.0,9
1975.349966,1.0,1749.72,1300.48,449.24,3738.635191,0.75,0.333333,0.5,0.25,8,24,6000.0,6481.117394,0.083333,12
4265.241202,1.0,1499.12,119.12,1380.0,2312.556328,0.833333,0.083333,0.666667,0.166667,4,10,4500.0,1844.394398,0.0,12
1488.113177,1.0,0.0,0.0,0.0,2599.489045,0.0,0.0,0.0,0.5,15,0,2500.0,2952.279108,0.0,12
136.323936,1.0,289.9,0.0,289.9,0.0,0.333333,0.0,0.25,0.0,0,4,9500.0,714.619326,0.0,12
69.795639,1.0,1293.04,67.86,1225.18,0.0,1.0,0.166667,1.0,0.0,0,20,7500.0,891.734089,0.7,12
28.59068,1.0,367.44,0.0,367.44,0.0,0.916667,0.0,0.833333,0.0,0,13,5700.0,360.925707,0.8,12
331.503219,1.0,332.74,0.0,332.74,0.0,0.545455,0.0,0.454545,0.0,0,10,2500.0,399.729843,0.0,11
4282.043906,1.0,1974.04,1326.0,648.04,4310.515986,1.0,1.0,1.0,0.5,14,40,7000.0,1920.094402,0.0,12
2083.900081,1.0,0.0,0.0,0.0,1116.430456,0.0,0.0,0.0,0.166667,6,0,5500.0,465.698012,0.0,12
0.0,0.0,232.2,0.0,232.2,0.0,1.0,0.0,1.0,0.0,0,12,1500.0,415.603589,0.0,12
1052.799075,1.0,0.0,0.0,0.0,1523.162883,0.0,0.0,0.0,0.333333,8,0,1500.0,1696.073522,0.0,12
2871.611936,1.0,2216.6,0.0,2216.6,1353.5452,0.833333,0.0,0.75,0.083333,1,34,3500.0,2268.296871,0.0,12
1096.994956,1.0,0.0,0.0,0.0,1148.512914,0.0,0.0,0.0,0.166667,4,0,2500.0,160.482027,0.0,12
1087.574994,1.0,0.0,0.0,0.0,108.260087,0.0,0.0,0.0,0.083333,1,0,1200.0,317.447893,0.0,12
3541.769505,1.0,0.0,0.0,0.0,2238.32876,0.0,0.0,0.0,0.416667,10,0,15500.0,899.712442,0.0,12
339.566873,0.818182,2956.2,1398.57,1557.63,0.0,0.75,0.333333,0.666667,0.0,0,17,5500.0,2845.336693,0.375,12
1992.650296,1.0,20.0,0.0,20.0,0.0,0.333333,0.0,0.333333,0.0,0,4,7500.0,2069.263442,0.0,12
1451.584485,1.0,1216.58,561.9,654.68,0.0,0.666667,0.166667,0.666667,0.0,0,12,4000.0,603.722261,0.0,12
1107.099917,1.0,473.64,0.0,473.64,956.509038,1.0,0.0,0.916667,0.083333,1,12,1200.0,501.511019,0.0,12
9061.787692,1.0,0.0,0.0,0.0,5672.920976,0.0,0.0,0.0,0.5,13,0,14500.0,13893.86739,0.083333,12
54.738397,0.909091,1326.75,0.0,1326.75,0.0,1.0,0.0,1.0,0.0,0,30,1500.0,1132.512843,0.818182,12
986.457953,1.0,1073.5,101.85,971.65,328.279184,1.0,0.166667,1.0,0.333333,9,46,4000.0,1009.068974,0.0,12
3277.092999,1.0,3936.51,3249.14,687.37,517.562968,1.0,0.666667,0.916667,0.166667,2,57,10000.0,2183.769759,0.0,12
1496.580949,1.0,0.0,0.0,0.0,183.230915,0.0,0.0,0.0,0.166667,3,0,1600.0,502.200633,0.0,12
30.350623,1.0,341.48,0.0,341.48,0.0,1.0,0.0,1.0,0.0,0,15,4000.0,381.231169,0.916667,12
208.707195,0.545455,2351.58,2351.58,0.0,0.0,0.25,0.25,0.0,0.0,0,7,4500.0,3711.189548,1.0,12
1639.513143,1.0,1225.0,651.0,574.0,0.0,1.0,0.583333,1.0,0.0,0,24,1900.0,1467.532097,0.0,12
10571.41107,1.0,7739.48,0.0,7739.48,0.0,1.0,0.0,1.0,0.0,0,44,8000.0,2688.447014,0.0,12
1236.018537,0.909091,0.0,0.0,0.0,2132.985725,0.0,0.0,0.0,0.25,3,0,3000.0,540.703321,0.0,12
640.394092,1.0,2476.9,2324.38,152.52,0.0,1.0,1.0,0.916667,0.0,0,39,7000.0,2190.775297,0.083333,12
339.956112,1.0,2199.65,815.15,1384.5,0.0,0.916667,0.083333,0.833333,0.0,0,13,6000.0,2577.703016,0.2,12
506.470396,0.555556,0.0,0.0,0.0,6897.966615,0.0,0.0,0.0,0.222222,2,0,8500.0,7313.426958,0.333333,9
42.075054,1.0,421.2,0.0,421.2,0.0,1.0,0.0,1.0,0.0,0,12,2000.0,410.786446,1.0,12
5118.492838,1.0,3848.92,3247.26,601.66,8383.293085,0.916667,0.583333,0.666667,0.25,27,70,12000.0,1450.987082,0.0,12
2228.47847,1.0,979.11,197.05,782.06,809.443906,1.0,0.166667,1.0,0.166667,2,31,2900.0,1097.760409,0.0,12
2679.811246,1.0,0.0,0.0,0.0,154.629617,0.0,0.0,0.0,0.083333,1,0,3000.0,713.179379,0.0,12
37.427412,1.0,31.23,0.0,31.23,1896.550326,0.25,0.0,0.25,0.166667,2,3,2500.0,4045.49694,0.2,12
64.491497,1.0,855.99,0.0,855.99,0.0,1.0,0.0,0.7,0.0,0,12,3000.0,816.582936,1.0,10
2070.627593,1.0,2564.08,1165.0,1399.08,0.0,1.0,0.583333,1.0,0.0,0,57,8500.0,1363.695769,0.0,12
1607.053725,1.0,451.9,335.0,116.9,0.0,0.25,0.083333,0.166667,0.0,0,6,2500.0,569.867313,0.0,12
5088.216894,1.0,4381.86,2825.56,1556.3,951.294749,1.0,1.0,0.666667,0.083333,1,50,7000.0,2410.061408,0.0,12
937.086541,1.0,79.0,79.0,0.0,0.0,0.083333,0.083333,0.0,0.0,0,1,1500.0,357.720268,0.0,12
48.926154,0.272727,305.79,305.79,0.0,0.0,0.090909,0.090909,0.0,0.0,0,1,3000.0,566.857973,0.0,11
497.919885,1.0,1186.09,397.0,789.09,513.979897,0.916667,0.166667,0.833333,0.333333,8,30,500.0,1487.08197,0.0,12
1862.566976,1.0,1847.57,841.59,1005.98,0.0,0.583333,0.25,0.5,0.0,0,35,3350.0,1652.359591,0.0,12
1893.053845,1.0,746.31,487.27,259.04,1535.853619,0.666667,0.25,0.416667,0.416667,12,14,4200.0,3286.143282,0.0,12
10.05473,0.454545,530.0,0.0,530.0,0.0,0.916667,0.0,0.916667,0.0,0,12,1000.0,538.553454,0.0,12
7677.565407,1.0,1240.04,1240.04,0.0,3681.231518,0.75,0.75,0.0,0.333333,4,20,8000.0,2724.967965,0.0,12
1403.574083,1.0,1831.57,697.94,1133.63,1909.684135,1.0,0.583333,1.0,0.083333,1,61,8000.0,427.189102,0.0,12
1425.175936,1.0,49.89,49.89,0.0,59.673576,0.2,0.2,0.0,0.3,3,2,1500.0,348.530192,0.0,10
2019.768435,0.727273,326.64,326.64,0.0,0.0,0.166667,0.166667,0.0,0.0,0,2,3000.0,3434.224242,0.0,12
1961.246269,1.0,0.0,0.0,0.0,233.246267,0.0,0.0,0.0,0.4,4,0,2000.0,422.017882,0.0,10
0.0,0.0,18.77,0.0,18.77,0.0,0.083333,0.0,0.083333,0.0,0,1,5000.0,0.0,0.0,12
1191.955492,1.0,0.0,0.0,0.0,275.762341,0.0,0.0,0.0,0.083333,1,0,1500.0,266.59382,0.0,12
344.543487,1.0,2219.53,1432.86,786.67,0.0,1.0,0.916667,1.0,0.0,0,43,5700.0,2073.117846,0.333333,12
1080.852036,1.0,0.0,0.0,0.0,48.919105,0.0,0.0,0.0,0.083333,1,0,1200.0,343.313124,0.0,12
12.597034,0.181818,99.0,99.0,0.0,0.0,0.083333,0.083333,0.0,0.0,0,1,1500.0,96.255421,0.0,12
5019.019126,1.0,1517.85,1517.85,0.0,185.169509,0.272727,0.272727,0.0,0.181818,2,6,6000.0,1157.021023,0.0,11
14.281926,0.875,245.85,0.0,245.85,0.0,0.875,0.0,0.75,0.0,0,16,1500.0,209.736381,0.25,8
1381.27484,1.0,71.8,71.8,0.0,0.0,0.083333,0.083333,0.0,0.0,0,1,3500.0,304.742004,0.0,12
229.461086,1.0,3669.72,3669.72,0.0,0.0,1.0,1.0,0.0,0.0,0,26,13000.0,3512.263933,1.0,12
1307.177673,1.0,0.0,0.0,0.0,435.240217,0.0,0.0,0.0,0.25,3,0,3000.0,857.062706,0.0,12
4408.242337,1.0,324.3,324.3,0.0,3965.922581,0.083333,0.083333,0.0,0.666667,16,2,7000.0,7975.31466,0.166667,12
785.429991,1.0,0.0,0.0,0.0,277.70324,0.0,0.0,0.0,0.083333,1,0,1200.0,327.423796,0.0,12
1064.872909,0.363636,0.0,0.0,0.0,3358.172644,0.0,0.0,0.0,0.25,8,0,10500.0,20740.15941,0.25,12
24.389998,0.181818,0.0,0.0,0.0,1369.366015,0.0,0.0,0.0,0.083333,1,0,3000.0,10893.77844,1.0,12
2739.711796,1.0,847.66,765.8,81.86,1201.188255,1.0,1.0,0.583333,0.083333,1,20,7500.0,3273.326636,0.0,12
4.908888,0.454545,133.16,0.0,133.16,0.0,0.333333,0.0,0.25,0.0,0,4,6500.0,210.448172,0.5,12
1471.640654,1.0,285.69,285.69,0.0,463.813261,0.25,0.25,0.0,0.25,4,3,3000.0,389.787483,0.0,12
1241.882057,1.0,94.0,94.0,0.0,234.639631,0.083333,0.083333,0.0,0.083333,1,1,1400.0,539.459472,0.0,12
7496.171727,1.0,0.0,0.0,0.0,7107.137059,0.0,0.0,0.0,0.666667,22,0,10500.0,2933.325551,0.0,12
49.074293,0.818182,330.25,330.25,0.0,0.0,0.25,0.25,0.0,0.0,0,5,2500.0,509.309215,0.0,12
1494.221853,1.0,356.62,308.26,48.36,0.0,0.333333,0.25,0.166667,0.0,0,6,1600.0,641.34086,0.0,12
1317.547661,1.0,1987.76,1062.44,925.32,0.0,1.0,0.5,0.916667,0.0,0,36,6000.0,753.735014,0.0,12
158.919439,1.0,0.0,0.0,0.0,787.758817,0.0,0.0,0.0,0.25,3,0,4400.0,554.846112,0.0,12
1908.403984,1.0,657.05,0.0,657.05,0.0,1.0,0.0,1.0,0.0,0,17,2000.0,894.424776,0.0,12
3632.344231,1.0,83.45,0.0,83.45,1136.000468,0.25,0.0,0.25,0.166667,2,3,7000.0,837.430224,0.0,12
9699.252383,1.0,0.0,0.0,0.0,10630.32102,0.0,0.0,0.0,0.833333,27,0,10000.0,13001.03715,0.0,12
66.066065,0.818182,995.62,402.79,592.83,0.0,1.0,1.0,0.666667,0.0,0,30,7500.0,767.241839,0.5,12
700.100691,1.0,7244.98,2457.47,4787.51,0.0,1.0,0.833333,1.0,0.0,0,110,6200.0,6151.929937,0.75,12
1215.047947,1.0,0.0,0.0,0.0,204.182088,0.0,0.0,0.0,0.166667,2,0,1500.0,315.553886,0.0,12
148.180803,0.818182,1200.0,0.0,1200.0,0.0,0.5,0.0,0.416667,0.0,0,12,8000.0,1654.263363,0.714286,12
508.598624,1.0,0.0,0.0,0.0,950.084436,0.0,0.0,0.0,0.083333,1,0,11500.0,974.764661,0.0,12
480.596706,1.0,757.8,0.0,757.8,0.0,0.75,0.0,0.666667,0.0,0,18,8000.0,345.385827,0.0,12
1869.125099,0.545455,158.2,158.2,0.0,1402.159983,0.083333,0.083333,0.0,0.083333,1,1,6500.0,6585.792428,0.090909,12
1654.369427,1.0,736.24,480.0,256.24,0.0,1.0,0.166667,0.916667,0.0,0,20,7000.0,2267.012612,0.083333,12
1537.935236,0.818182,68.0,68.0,0.0,0.0,0.083333,0.083333,0.0,0.0,0,1,3000.0,3845.144477,0.0,12
2543.005761,1.0,1900.63,1900.63,0.0,0.0,0.75,0.75,0.0,0.0,0,29,4000.0,674.748921,0.0,12
11206.78624,1.0,1257.77,540.65,717.12,8295.538786,0.909091,0.909091,0.636364,0.636364,21,25,15000.0,20873.22194,0.090909,11
308.769481,1.0,489.24,0.0,489.24,1010.553199,0.75,0.0,0.75,0.416667,9,11,1000.0,1660.010795,0.166667,12
3014.625246,1.0,0.0,0.0,0.0,1143.763365,0.0,0.0,0.0,0.166667,2,0,6500.0,1023.016247,0.0,12
1360.590356,1.0,2834.03,1972.22,861.81,0.0,1.0,0.5,1.0,0.0,0,54,6000.0,1333.71178,0.0,12
62.440728,1.0,709.01,709.01,0.0,0.0,1.0,1.0,0.0,0.0,0,12,2000.0,716.721864,0.916667,12
2024.263677,0.875,56.0,56.0,0.0,4086.268496,0.125,0.125,0.0,0.5,10,1,2500.0,375.558603,0.0,8
2610.997575,0.818182,328.7,328.7,0.0,0.0,0.333333,0.333333,0.0,0.0,0,4,8000.0,4256.385553,0.0,12
1592.354384,1.0,736.26,425.62,310.64,3120.093926,0.833333,0.166667,0.583333,0.416667,6,11,6000.0,3636.148663,0.0,12
1689.238956,1.0,261.89,139.19,122.7,0.0,0.416667,0.083333,0.333333,0.0,0,7,1700.0,309.348573,0.0,12
203.499251,1.0,2115.76,530.0,1585.76,0.0,1.0,0.5,1.0,0.0,0,52,4000.0,1953.639143,1.0,12
1791.85654,1.0,71.38,0.0,71.38,0.0,0.416667,0.0,0.416667,0.0,0,5,3000.0,547.424357,0.0,12
5.626795,0.818182,374.4,0.0,374.4,0.0,1.0,0.0,1.0,0.0,0,12,1000.0,419.512265,0.090909,12
2305.006202,1.0,0.0,0.0,0.0,370.248624,0.0,0.0,0.0,0.166667,2,0,2500.0,624.147899,0.0,12
1138.014732,1.0,1170.48,1170.48,0.0,920.050071,0.416667,0.416667,0.0,0.25,4,5,4500.0,1078.964657,0.083333,12
80.762254,0.636364,861.9,150.0,711.9,0.0,0.5,0.083333,0.416667,0.0,0,7,6000.0,1426.507994,1.0,12
814.085729,0.818182,0.0,0.0,0.0,1087.144848,0.0,0.0,0.0,0.166667,2,0,3000.0,382.425723,0.0,12
444.630038,1.0,0.0,0.0,0.0,145.557904,0.0,0.0,0.0,0.25,3,0,500.0,172.645901,0.0,12
5402.993017,1.0,0.01,0.01,0.0,5942.11917,0.083333,0.083333,0.0,0.166667,5,1,12000.0,1071.665067,0.0,12
1237.510447,0.555556,0.0,0.0,0.0,2914.767437,0.0,0.0,0.0,0.111111,2,0,3000.0,578.821763,0.0,9
289.512368,1.0,4185.94,898.14,3287.8,0.0,1.0,0.666667,1.0,0.0,0,90,6000.0,3836.06844,0.909091,12
404.182321,1.0,3682.11,2473.8,1208.31,0.0,1.0,1.0,1.0,0.0,0,76,10000.0,3259.008834,0.833333,12
1714.896284,1.0,2000.0,2000.0,0.0,0.0,0.111111,0.111111,0.0,0.0,0,1,2000.0,448.300443,0.0,9
388.132417,1.0,0.0,0.0,0.0,689.70174,0.0,0.0,0.0,0.333333,7,0,1050.0,1601.295316,0.083333,12
162.027905,0.818182,1045.84,1045.84,0.0,0.0,0.333333,0.333333,0.0,0.0,0,7,1850.0,530.125935,0.125,12
1801.084627,0.833333,0.0,0.0,0.0,3189.613873,0.0,0.0,0.0,0.833333,11,0,10000.0,329.077571,0.0,6
4976.028578,1.0,900.87,0.0,900.87,0.0,1.0,0.0,1.0,0.0,0,162,5500.0,92.865469,0.0,12
24.831137,0.636364,1909.13,30.0,1879.13,0.0,0.916667,0.083333,0.833333,0.0,0,12,2000.0,1831.935279,0.0,12
3682.667737,1.0,2214.64,1250.3,964.34,0.0,1.0,0.666667,1.0,0.0,0,34,9000.0,1428.539668,0.0,12
629.946336,1.0,1832.92,1832.92,0.0,0.0,0.5,0.5,0.0,0.0,0,14,6500.0,1425.425074,0.0,12
568.060722,1.0,1799.03,1799.03,0.0,0.0,0.833333,0.833333,0.0,0.0,0,14,10000.0,1770.472642,0.0,12
300.395286,1.0,394.95,277.95,117.0,0.0,0.916667,0.25,0.75,0.0,0,33,6000.0,339.702306,0.0,12
898.253159,0.857143,165.5,165.5,0.0,1157.345416,0.285714,0.285714,0.0,0.142857,1,5,1200.0,375.839637,0.0,7
919.799915,0.857143,320.01,69.0,251.01,1056.477112,0.857143,0.142857,0.714286,0.142857,3,7,1200.0,195.595593,0.0,7
368.367166,1.0,1121.86,169.2,952.66,1172.195497,0.666667,0.083333,0.583333,0.333333,5,11,3500.0,3312.219079,0.416667,12
25.950664,0.636364,231.25,0.0,231.25,0.0,0.666667,0.0,0.583333,0.0,0,14,4000.0,209.115604,0.090909,12
1817.618232,1.0,623.19,0.0,623.19,408.434019,1.0,0.0,0.916667,0.083333,1,26,2800.0,719.914581,0.0,12
24.569042,1.0,532.93,0.0,532.93,0.0,1.0,0.0,1.0,0.0,0,23,3000.0,686.935875,0.8,12
5256.69533,1.0,188.6,188.6,0.0,1934.418697,0.083333,0.083333,0.0,0.333333,4,1,9000.0,1421.954639,0.0,12
117.706441,1.0,718.44,0.0,718.44,0.0,1.0,0.0,1.0,0.0,0,14,3000.0,885.366764,0.333333,12
2707.058356,1.0,2018.13,1545.23,472.9,0.0,0.75,0.25,0.666667,0.0,0,26,7000.0,2575.541309,0.0,12
4917.162359,1.0,0.0,0.0,0.0,3179.132724,0.0,0.0,0.0,0.25,7,0,5000.0,865.821715,0.0,12
272.717108,1.0,227.44,227.44,0.0,0.0,1.0,1.0,0.0,0.0,0,12,4500.0,316.388557,0.0,12
4708.26338,1.0,0.0,0.0,0.0,1352.783037,0.0,0.0,0.0,0.166667,2,0,10000.0,1325.649779,0.0,12
82.029477,1.0,1126.32,580.44,545.88,0.0,1.0,1.0,1.0,0.0,0,49,9000.0,1136.224986,0.5,12
9919.456275,1.0,740.75,0.0,740.75,2238.487012,1.0,0.0,1.0,0.166667,2,13,14000.0,3281.898514,0.0,12
3258.237364,1.0,921.12,521.14,399.98,0.0,0.75,0.5,0.5,0.0,0,14,6200.0,1323.776141,0.0,12
61.115414,0.909091,239.71,0.0,239.71,0.0,0.454545,0.0,0.454545,0.0,0,5,700.0,358.108438,0.090909,11
1002.791997,1.0,0.0,0.0,0.0,234.105509,0.0,0.0,0.0,0.083333,3,0,1200.0,239.80734,0.0,12
2951.220065,1.0,0.0,0.0,0.0,1477.737906,0.0,0.0,0.0,0.666667,16,0,8500.0,710.854365,0.0,12
1248.903628,1.0,518.31,113.31,405.0,472.118676,1.0,0.333333,1.0,0.25,5,29,1200.0,1141.190295,0.0,12
793.167009,1.0,433.31,200.0,233.31,766.872458,1.0,0.142857,0.857143,0.428571,5,8,1000.0,363.064207,0.0,7
2368.338673,1.0,1307.18,762.5,544.68,0.0,0.916667,0.333333,0.666667,0.0,0,20,9000.0,2167.293003,0.0,12
7287.084204,1.0,0.0,0.0,0.0,6605.075695,0.0,0.0,0.0,0.75,24,0,7500.0,4293.062891,0.0,12
3764.89205,1.0,898.43,479.0,419.43,2094.091371,0.5,0.083333,0.416667,0.333333,6,22,4500.0,1067.435442,0.0,12
14.775035,1.0,80.44,0.0,80.44,0.0,0.333333,0.0,0.333333,0.0,0,4,3000.0,137.217255,0.083333,12
306.460387,1.0,0.0,0.0,0.0,191.834575,0.0,0.0,0.0,0.083333,1,0,7000.0,577.962789,0.083333,12
1499.689937,1.0,159.96,0.0,159.96,601.616399,0.25,0.0,0.25,0.416667,10,8,4000.0,356.317359,0.0,12
2778.220254,1.0,0.0,0.0,0.0,99.790116,0.0,0.0,0.0,0.083333,2,0,3000.0,813.686705,0.0,12
56.149055,0.909091,493.32,149.93,343.39,0.0,0.75,0.166667,0.5,0.0,0,14,5000.0,471.382074,0.75,12
1924.657194,1.0,0.0,0.0,0.0,906.645286,0.0,0.0,0.0,0.166667,2,0,2500.0,428.488182,0.0,12
72.425884,1.0,655.68,0.0,655.68,0.0,1.0,0.0,1.0,0.0,0,0,1000.0,718.537117,0.333333,12
653.88103,0.909091,0.0,0.0,0.0,1366.204137,0.0,0.0,0.0,0.416667,7,0,1400.0,205.709969,0.0,12
579.243601,1.0,505.48,505.48,0.0,0.0,0.333333,0.333333,0.0,0.0,0,6,1950.0,188.304134,0.0,12
95.259372,0.727273,43.3,0.0,43.3,0.0,0.083333,0.0,0.083333,0.0,0,1,7000.0,526.604881,0.0,12
551.580225,1.0,2955.91,952.51,2003.4,0.0,1.0,1.0,0.833333,0.0,0,62,8000.0,2456.581737,0.25,12
1181.767566,1.0,153.95,153.95,0.0,0.0,0.333333,0.333333,0.0,0.0,0,5,6500.0,1908.258846,0.0,12
11.834127,0.166667,272.9,69.9,203.0,0.0,0.833333,0.166667,0.5,0.0,0,5,6000.0,313.913093,1.0,6
1138.554361,1.0,831.89,831.89,0.0,495.002834,0.166667,0.166667,0.0,0.166667,2,7,1200.0,381.967601,0.0,12
9962.070262,1.0,7465.91,6075.62,1390.29,0.0,1.0,0.833333,0.666667,0.0,0,57,18500.0,2403.16006,0.0,12
6416.448101,1.0,0.0,0.0,0.0,3580.392989,0.0,0.0,0.0,0.25,9,0,7500.0,1756.557983,0.0,12
2762.340044,1.0,2372.98,2372.98,0.0,1465.082446,0.166667,0.166667,0.0,0.083333,1,5,4500.0,659.726225,0.0,12
926.458992,0.818182,6200.71,5742.61,458.1,283.476295,0.666667,0.666667,0.416667,0.083333,1,49,7000.0,7932.430735,0.142857,12
7474.408678,1.0,0.0,0.0,0.0,10187.5226,0.0,0.0,0.0,0.6,11,0,10000.0,2021.908233,0.0,10
287.884126,1.0,1545.03,124.72,1420.31,289.630816,1.0,0.083333,1.0,0.333333,5,41,6500.0,1182.107223,0.25,12
170.617046,0.727273,350.0,350.0,0.0,0.0,0.083333,0.083333,0.0,0.0,0,1,3000.0,828.8943,0.142857,12
86.661044,1.0,709.98,0.0,709.98,0.0,1.0,0.0,0.916667,0.0,0,12,1000.0,727.104508,0.166667,12
1541.743608,1.0,0.0,0.0,0.0,118.974129,0.0,0.0,0.0,0.333333,5,0,1600.0,353.686721,0.0,12
7558.010921,1.0,365.26,188.56,176.7,4738.30754,0.5,0.083333,0.416667,0.666667,25,9,8000.0,3311.192387,0.0,12
6956.37654,1.0,11500.94,3091.01,8409.93,15133.53213,1.0,1.0,1.0,1.0,48,308,14000.0,20122.00545,0.166667,12
99.256215,0.636364,1554.39,1174.39,380.0,0.0,0.636364,0.454545,0.181818,0.0,0,9,6000.0,1006.702329,0.5,11
376.15858,1.0,2724.76,572.76,2152.0,0.0,1.0,1.0,1.0,0.0,0,70,8500.0,2600.70524,0.0,12
380.517893,1.0,2590.27,2102.46,487.81,0.0,0.916667,0.916667,0.416667,0.0,0,49,2500.0,1825.405687,0.090909,12
1311.952719,0.909091,2092.0,1242.0,850.0,0.0,0.75,0.333333,0.5,0.0,0,15,5181.818182,3476.019003,0.0,12
548.252892,1.0,208.41,208.41,0.0,1633.935089,0.083333,0.083333,0.0,0.333333,6,1,3000.0,708.100631,0.0,12
3.691925,0.363636,27.99,27.99,0.0,0.0,0.083333,0.083333,0.0,0.0,0,1,6500.0,187.172733,0.5,12
49.911409,1.0,178.4,0.0,178.4,0.0,1.0,0.0,1.0,0.0,0,12,2500.0,130.650758,0.0,12
18.549421,0.090909,132.0,0.0,132.0,0.0,0.333333,0.0,0.333333,0.0,0,4,19500.0,3610.565153,0.0,12
4251.411617,1.0,0.0,0.0,0.0,2318.967259,0.0,0.0,0.0,0.083333,1,0,5000.0,1428.511775,0.0,12
32.229139,0.727273,145.85,0.0,145.85,0.0,0.583333,0.0,0.583333,0.0,0,7,1000.0,263.681773,0.125,12
1226.152097,1.0,0.0,0.0,0.0,275.602351,0.0,0.0,0.0,0.166667,5,0,1200.0,797.029627,0.0,12
1238.140283,1.0,56.38,0.0,56.38,0.0,0.416667,0.0,0.416667,0.0,0,5,1600.0,398.98255,0.0,12
153.643158,1.0,0.0,0.0,0.0,254.910338,0.0,0.0,0.0,0.083333,1,0,300.0,347.227774,0.083333,12
200.580245,0.727273,354.0,354.0,0.0,0.0,0.083333,0.083333,0.0,0.0,0,1,1200.0,1697.98971,0.142857,12
2329.869472,1.0,1497.2,1301.26,195.94,0.0,0.333333,0.25,0.083333,0.0,0,5,7000.0,1453.119488,0.0,12
5090.523925,1.0,1689.09,0.0,1689.09,1088.523871,1.0,0.0,1.0,0.166667,3,82,6000.0,2046.509543,0.0,12
2996.761878,1.0,3644.35,3610.6,33.75,0.0,0.666667,0.583333,0.083333,0.0,0,23,3500.0,3879.940821,0.0,12
1103.834373,0.363636,0.0,0.0,0.0,155.414239,0.0,0.0,0.0,0.333333,4,0,7000.0,4021.956752,0.0,12
72.679836,0.545455,800.55,586.55,214.0,0.0,0.5,0.333333,0.333333,0.0,0,13,7000.0,1584.89763,0.666667,12
4995.229116,1.0,1580.34,1364.34,216.0,0.0,1.0,1.0,0.416667,0.0,0,26,5500.0,1712.233039,0.0,12
300.427627,1.0,443.71,0.0,443.71,0.0,0.916667,0.0,0.916667,0.0,0,11,1000.0,372.548129,0.0,12
1521.763256,1.0,312.15,0.0,312.15,0.0,0.75,0.0,0.75,0.0,0,19,1500.0,671.70656,0.0,12
16.742181,0.545455,320.0,0.0,320.0,0.0,0.5,0.0,0.416667,0.0,0,6,2500.0,559.713369,0.25,12
757.964752,0.875,157.4,157.4,0.0,0.0,0.125,0.125,0.0,0.0,0,6,1200.0,1494.480376,0.0,8
8315.894044,1.0,8391.55,0.0,8391.55,0.0,1.0,0.0,1.0,0.0,0,199,8500.0,6322.388249,0.0,12
476.728349,1.0,462.75,462.75,0.0,0.0,1.0,1.0,0.0,0.0,0,12,5500.0,185.002877,0.0,12
776.919827,1.0,11522.9,11146.28,376.62,0.0,1.0,1.0,0.416667,0.0,0,68,4500.0,11082.51429,0.916667,12
245.336939,0.363636,909.0,909.0,0.0,0.0,0.083333,0.083333,0.0,0.0,0,1,3000.0,340.201751,0.0,12
18.745682,0.363636,872.7,872.7,0.0,0.0,0.333333,0.333333,0.0,0.0,0,11,2500.0,2411.060444,1.0,12
7.106669,0.333333,27.98,27.98,0.0,0.0,0.111111,0.111111,0.0,0.0,0,1,2500.0,57.785065,0.0,9
1632.421395,1.0,993.96,245.59,748.37,0.0,0.727273,0.181818,0.636364,0.0,0,22,6000.0,2752.623744,0.090909,11
2439.976275,1.0,499.59,0.0,499.59,0.0,0.916667,0.0,0.916667,0.0,0,11,2700.0,555.286351,0.0,12
1315.478789,1.0,88.08,0.0,88.08,154.311694,0.5,0.0,0.416667,0.083333,2,6,1500.0,453.199092,0.0,12
1454.09973,1.0,0.0,0.0,0.0,49.602856,0.0,0.0,0.0,0.083333,1,0,1500.0,274.985583,0.0,12
1695.40481,1.0,1641.48,1377.06,264.42,1105.875503,0.916667,0.75,0.416667,0.583333,9,26,7000.0,3423.435143,0.0,12
19.991586,0.875,144.0,0.0,144.0,0.0,0.75,0.0,0.625,0.0,0,6,1500.0,173.881319,0.8,8
3219.604215,1.0,4126.75,4126.75,0.0,0.0,1.0,1.0,0.0,0.0,0,31,10500.0,6061.100911,0.0,12
337.178513,1.0,3809.71,3809.71,0.0,0.0,1.0,1.0,0.0,0.0,0,16,16500.0,2837.599645,0.916667,12
217.10156,0.818182,2953.03,2953.03,0.0,0.0,0.166667,0.166667,0.0,0.0,0,3,5000.0,3123.296573,0.125,12
2124.826298,1.0,967.61,397.61,570.0,581.6512,0.833333,0.166667,0.75,0.25,3,12,5000.0,1778.725826,0.0,12
313.13311,1.0,49.09,49.09,0.0,1306.110387,0.166667,0.166667,0.0,0.416667,13,2,6500.0,1405.747523,0.166667,12
154.271153,1.0,1498.28,667.0,831.28,0.0,0.833333,0.416667,0.583333,0.0,0,24,12000.0,1343.450205,0.583333,12
7934.946009,1.0,1792.15,1792.15,0.0,4169.060991,0.333333,0.333333,0.0,0.333333,6,16,11500.0,2373.896899,0.0,12
4183.77248,1.0,511.12,278.6,232.52,1209.426365,0.916667,0.25,0.833333,0.416667,14,24,4500.0,1378.838332,0.0,12
4187.550741,1.0,0.0,0.0,0.0,433.71918,0.0,0.0,0.0,0.083333,1,0,4500.0,1216.465192,0.0,12
58.565355,0.833333,386.0,0.0,386.0,0.0,0.666667,0.0,0.5,0.0,0,4,1000.0,425.996964,1.0,6
8363.401152,1.0,1076.01,1076.01,0.0,3134.26615,0.25,0.25,0.0,0.666667,29,7,9500.0,1828.936956,0.0,12
45.171225,0.636364,160.0,160.0,0.0,0.0,0.083333,0.083333,0.0,0.0,0,1,500.0,197.019336,0.0,12
440.676765,0.666667,0.0,0.0,0.0,1125.542162,0.0,0.0,0.0,0.666667,6,0,1200.0,171.743821,0.0,6
7867.660015,1.0,507.0,507.0,0.0,8980.648498,0.166667,0.166667,0.0,0.916667,43,4,8500.0,6802.892319,0.0,12
731.222335,1.0,0.0,0.0,0.0,2828.975383,0.0,0.0,0.0,0.416667,8,0,1500.0,3208.182454,0.090909,12
39.523885,0.727273,592.88,451.18,141.7,0.0,0.583333,0.583333,0.083333,0.0,0,9,12000.0,1111.148943,0.833333,12
1996.785925,1.0,212.64,212.64,0.0,272.115509,0.083333,0.083333,0.0,0.166667,6,1,2000.0,1121.381513,0.0,12
3114.988266,1.0,453.12,453.12,0.0,2115.036647,0.333333,0.333333,0.0,0.5,12,7,5000.0,1160.859524,0.0,12
2341.401664,1.0,0.0,0.0,0.0,1818.306309,0.0,0.0,0.0,0.416667,5,0,3000.0,668.918811,0.0,12
2819.630553,1.0,0.0,0.0,0.0,230.543537,0.0,0.0,0.0,0.25,7,0,3000.0,810.389383,0.0,12
147.085066,0.818182,1381.14,1027.14,354.0,0.0,0.666667,0.333333,0.25,0.0,0,11,2500.0,1457.406626,1.0,12
152.459665,1.0,1248.09,829.45,418.64,0.0,1.0,1.0,0.25,0.0,0,21,5000.0,1316.455236,0.166667,12
1998.15597,1.0,348.0,348.0,0.0,1940.357907,0.083333,0.083333,0.0,0.083333,1,1,9000.0,2893.195013,0.0,12
290.246277,1.0,2617.61,1342.69,1274.92,0.0,1.0,1.0,0.75,0.0,0,52,2500.0,2948.963493,0.916667,12
2074.364799,1.0,1500.0,1500.0,0.0,0.0,0.416667,0.416667,0.0,0.0,0,15,2200.0,2200.280484,0.0,12
1773.323689,1.0,1423.71,1423.71,0.0,0.0,1.0,1.0,0.0,0.0,0,17,5000.0,1410.310559,0.0,12
12.540151,0.363636,201.0,104.5,96.5,0.0,0.25,0.083333,0.166667,0.0,0,4,2500.0,479.948299,1.0,12
5796.622219,0.875,423.38,223.38,200.0,6739.693779,0.625,0.25,0.375,0.25,18,9,8000.0,813.94163,0.0,8
3261.241461,1.0,0.0,0.0,0.0,154.67204,0.0,0.0,0.0,0.083333,1,0,6500.0,800.677168,0.0,12
4228.71103,1.0,923.99,0.0,923.99,3932.272703,1.0,0.0,1.0,0.416667,7,30,8500.0,8805.280436,0.25,12
8033.907466,1.0,159.0,159.0,0.0,3983.763805,0.083333,0.083333,0.0,0.75,24,1,9000.0,1620.868564,0.0,12
11.902047,0.818182,0.0,0.0,0.0,482.992567,0.0,0.0,0.0,0.083333,1,0,3000.0,727.929858,0.142857,12
7789.190958,1.0,1307.39,84.45,1222.94,1836.893684,1.0,0.166667,1.0,0.25,3,66,8500.0,2072.817061,0.0,12
8465.740449,1.0,1345.81,226.0,1119.81,3429.450339,0.916667,0.333333,0.666667,0.666667,25,33,9500.0,2069.156797,0.0,12
151.194794,0.818182,2634.7,2411.53,223.17,0.0,1.0,1.0,0.363636,0.0,0,42,7500.0,2295.964836,0.5,11
3212.963003,1.0,0.0,0.0,0.0,185.532602,0.0,0.0,0.0,0.083333,2,0,3500.0,766.728773,0.0,12
149.59894,1.0,2009.64,206.0,1803.64,0.0,1.0,0.083333,1.0,0.0,0,23,16500.0,1886.871621,0.636364,12
39.718404,0.363636,525.17,525.17,0.0,0.0,0.083333,0.083333,0.0,0.0,0,4,8500.0,515.996856,0.0,12
99.523071,0.818182,955.87,955.87,0.0,0.0,0.5,0.5,0.0,0.0,0,9,13500.0,1201.853087,0.666667,12
1837.047378,1.0,0.0,0.0,0.0,73.157833,0.0,0.0,0.0,0.083333,1,0,2000.0,412.848153,0.0,12
28.90195,0.363636,169.24,169.24,0.0,0.0,0.083333,0.083333,0.0,0.0,0,1,1200.0,166.658504,0.0,12
133.68751,1.0,1139.2,0.0,1139.2,0.0,1.0,0.0,0.875,0.0,0,15,3000.0,957.152839,0.833333,8
1922.943603,1.0,110.8,110.8,0.0,0.0,0.166667,0.166667,0.0,0.0,0,2,3000.0,551.431723,0.0,12
653.931902,1.0,0.0,0.0,0.0,1561.104542,0.0,0.0,0.0,0.583333,9,0,1200.0,1535.018327,0.1,12
25.178303,0.727273,283.15,0.0,283.15,0.0,0.583333,0.0,0.5,0.0,0,7,5000.0,206.688202,0.454545,12
3049.215189,1.0,390.0,390.0,0.0,5876.866242,0.083333,0.083333,0.0,0.583333,9,1,3200.0,6537.913767,0.0,12
8073.983031,1.0,2153.11,1326.0,827.11,3037.443167,1.0,0.75,0.916667,0.583333,28,48,9500.0,3032.171255,0.0,12
1731.459785,1.0,288.47,0.0,288.47,37.454878,0.416667,0.0,0.416667,0.083333,2,5,1700.0,673.92358,0.0,12
173.720757,0.181818,345.29,345.29,0.0,887.279827,0.083333,0.083333,0.0,0.166667,10,2,1200.0,0.0,0.0,12
1150.724569,1.0,797.27,482.31,314.96,180.115216,0.75,0.333333,0.583333,0.083333,1,12,6000.0,1177.010626,0.0,12
5376.083101,1.0,0.0,0.0,0.0,2293.529361,0.0,0.0,0.0,0.333333,8,0,5500.0,3202.100651,0.0,12
992.615052,1.0,162.28,0.0,162.28,0.0,0.5,0.0,0.5,0.0,0,6,1000.0,333.663574,0.0,12
1360.029064,1.0,75.87,75.87,0.0,1482.699821,0.083333,0.083333,0.0,0.166667,10,1,1500.0,328.843583,0.0,12
167.244974,0.272727,0.0,0.0,0.0,1275.337159,0.0,0.0,0.0,0.083333,3,0,3000.0,7094.254317,0.25,12
24.382156,1.0,366.6,0.0,366.6,0.0,1.0,0.0,1.0,0.0,0,12,2000.0,335.625679,1.0,12
1001.129965,1.0,0.0,0.0,0.0,457.757366,0.0,0.0,0.0,0.083333,1,0,1200.0,462.290269,0.0,12
108.766657,0.857143,750.19,750.19,0.0,0.0,0.714286,0.714286,0.0,0.0,0,7,2500.0,498.643829,0.0,7
3106.853852,1.0,0.0,0.0,0.0,3043.478003,0.0,0.0,0.0,0.416667,11,0,6000.0,702.156272,0.0,12
787.341687,1.0,2732.66,2548.47,184.19,0.0,1.0,1.0,0.416667,0.0,0,30,16500.0,2548.494077,0.166667,12
1075.768647,1.0,200.0,200.0,0.0,0.0,0.083333,0.083333,0.0,0.0,0,1,1200.0,550.95426,0.0,12
2270.22733,1.0,0.0,0.0,0.0,159.189426,0.0,0.0,0.0,0.083333,1,0,2400.0,495.667079,0.0,12
38.994955,1.0,431.52,431.52,0.0,0.0,1.0,1.0,0.0,0.0,0,12,7000.0,417.892105,1.0,12
1154.381343,1.0,2421.85,468.65,1953.2,0.0,1.0,0.333333,1.0,0.0,0,69,9000.0,1421.087219,0.0,12
126.098257,0.8,387.66,387.66,0.0,0.0,0.7,0.7,0.0,0.0,0,24,1200.0,211.00385,0.0,10
61.657184,1.0,338.4,0.0,338.4,0.0,1.0,0.0,1.0,0.0,0,12,1000.0,384.287358,0.1,12
6371.35328,1.0,0.0,0.0,0.0,3546.56566,0.0,0.0,0.0,0.333333,11,0,7000.0,1914.79158,0.0,12
6057.280526,1.0,2235.12,1102.4,1132.72,0.0,1.0,0.5,1.0,0.0,0,103,10500.0,1489.016246,0.0,12
7005.310696,1.0,0.0,0.0,0.0,4273.427073,0.0,0.0,0.0,0.333333,11,0,10500.0,1623.620841,0.0,12
4.598902,0.363636,51.16,0.0,51.16,0.0,0.166667,0.0,0.083333,0.0,0,2,3000.0,160.554337,1.0,12
59.264067,0.909091,203.08,0.0,203.08,956.776745,0.666667,0.0,0.666667,0.166667,2,8,2000.0,1309.186831,0.272727,12
953.772248,1.0,747.62,747.62,0.0,1411.613588,0.166667,0.166667,0.0,0.5,6,2,2500.0,306.649908,0.0,12
22.187914,1.0,0.0,0.0,0.0,147.48527,0.0,0.0,0.0,0.083333,1,0,3000.0,182.533898,0.083333,12
2118.77868,1.0,62.46,0.0,62.46,1361.312559,0.5,0.0,0.416667,0.25,4,6,4000.0,1080.520104,0.0,12
21.345298,0.727273,1019.0,119.0,900.0,0.0,0.75,0.083333,0.75,0.0,0,10,4500.0,1274.379409,1.0,12
4817.148022,1.0,0.0,0.0,0.0,7625.978921,0.0,0.0,0.0,0.666667,16,0,8000.0,3810.594316,0.0,12
452.951976,0.454545,3649.83,3649.83,0.0,0.0,0.25,0.25,0.0,0.0,0,10,7500.0,209.217046,0.0,12
41.25567,0.454545,297.4,297.4,0.0,0.0,0.25,0.25,0.0,0.0,0,5,6000.0,595.460601,0.333333,12
0.0,0.0,19.25,0.0,19.25,0.0,0.083333,0.0,0.083333,0.0,0,1,4000.0,0.0,0.0,12
107.600851,1.0,1461.15,1034.03,427.12,0.0,1.0,1.0,0.916667,0.0,0,33,7500.0,1334.893122,0.833333,12
9.431309,1.0,80.44,0.0,80.44,0.0,0.416667,0.0,0.416667,0.0,0,5,2500.0,104.97817,0.5,12
4768.062736,1.0,374.81,333.2,41.61,9917.639168,0.333333,0.25,0.083333,0.833333,18,4,7000.0,5283.297064,0.0,12
244.653051,1.0,1181.03,607.4,573.63,0.0,0.666667,0.166667,0.666667,0.0,0,15,4500.0,1047.448996,0.5,12
268.966315,0.727273,784.0,659.0,125.0,0.0,0.5,0.25,0.333333,0.0,0,12,10500.0,514.650308,0.166667,12
1411.914825,1.0,0.0,0.0,0.0,127.321884,0.0,0.0,0.0,0.090909,2,0,1500.0,259.780798,0.0,11
183.992665,0.818182,1402.4,1140.5,261.9,0.0,0.666667,0.583333,0.416667,0.0,0,19,7200.0,1262.938606,0.142857,12
19.491307,0.363636,0.0,0.0,0.0,1161.514855,0.0,0.0,0.0,0.083333,3,0,1200.0,3338.597271,0.5,12
3153.251957,1.0,3398.12,95.84,3302.28,5608.804955,1.0,0.083333,1.0,0.333333,4,24,3000.0,9000.706634,0.166667,12
534.168335,0.909091,3916.8,2170.37,1746.43,107.838419,0.909091,0.636364,0.545455,0.090909,1,60,3000.0,3291.567762,0.571429,11
6313.362606,0.909091,0.0,0.0,0.0,9687.179224,0.0,0.0,0.0,0.636364,11,0,10000.0,6291.189848,0.090909,11
531.269205,1.0,33.4,0.0,33.4,0.0,1.0,0.0,1.0,0.0,0,12,3700.0,2508.700414,0.0,12
3699.694691,1.0,0.0,0.0,0.0,1182.596884,0.0,0.0,0.0,0.416667,13,0,4000.0,769.962086,0.0,12
451.23106,1.0,1293.7,725.6,568.1,0.0,1.0,0.916667,0.916667,0.0,0,40,1200.0,894.932094,0.0,12
591.103032,1.0,626.69,626.69,0.0,0.0,0.166667,0.166667,0.0,0.0,0,2,2500.0,786.571498,0.0,12
253.640197,0.909091,2607.88,1142.96,1464.92,73.579253,0.833333,0.833333,0.666667,0.083333,1,43,4000.0,1954.784637,0.583333,12
4222.928545,1.0,0.0,0.0,0.0,4745.047686,0.0,0.0,0.0,0.333333,6,0,8000.0,1383.938805,0.0,12
884.230978,1.0,0.0,0.0,0.0,611.76416,0.0,0.0,0.0,0.083333,2,0,1200.0,883.943797,0.0,12
237.344299,1.0,1266.03,170.0,1096.03,0.0,1.0,0.083333,1.0,0.0,0,46,1800.0,729.118157,0.5,12
19.949534,0.111111,0.0,0.0,0.0,326.731167,0.0,0.0,0.0,0.111111,5,0,2500.0,0.0,0.0,9
398.726283,1.0,393.49,393.49,0.0,787.215403,0.166667,0.166667,0.0,0.25,8,12,600.0,795.860389,0.0,12
6991.964344,1.0,1384.92,0.0,1384.92,18.807602,0.75,0.0,0.666667,0.083333,1,9,13000.0,2814.59508,0.0,12
38.792757,0.636364,1115.92,0.0,1115.92,54.562891,0.916667,0.0,0.916667,0.166667,2,79,3500.0,1506.34522,0.272727,12
200.988312,0.181818,0.0,0.0,0.0,1864.566564,0.0,0.0,0.0,0.083333,5,0,2500.0,9724.871142,1.0,12
2173.970603,1.0,0.0,0.0,0.0,1192.786167,0.0,0.0,0.0,0.25,4,0,2400.0,445.866028,0.0,12
158.878732,1.0,738.65,0.0,738.65,109.368455,0.833333,0.0,0.833333,0.083333,1,16,7500.0,899.2372,0.166667,12
1464.636143,1.0,0.0,0.0,0.0,2773.394382,0.0,0.0,0.0,0.25,8,0,1500.0,1751.449835,0.090909,12
190.962339,1.0,2161.22,2161.22,0.0,0.0,0.75,0.75,0.0,0.0,0,24,5000.0,1663.048553,0.222222,12
6983.408463,1.0,0.0,0.0,0.0,3354.686368,0.0,0.0,0.0,0.333333,11,0,7700.0,1116.896212,0.0,12
58.83251,1.0,551.93,0.0,551.93,0.0,1.0,0.0,1.0,0.0,0,27,2500.0,437.19547,0.75,12
3046.937141,1.0,0.0,0.0,0.0,4021.457424,0.0,0.0,0.0,0.25,8,0,5000.0,809.451322,0.0,12
1396.279238,1.0,3380.44,1449.92,1930.52,0.0,1.0,0.333333,1.0,0.0,0,27,3500.0,5451.794841,0.083333,12
975.252077,1.0,1146.74,796.74,350.0,0.0,0.857143,0.142857,0.714286,0.0,0,8,1000.0,1273.063087,0.0,7
1622.84216,1.0,248.74,0.0,248.74,1814.147021,0.333333,0.0,0.25,0.25,3,4,2500.0,1082.286757,0.0,12
3899.763741,1.0,0.0,0.0,0.0,925.72976,0.0,0.0,0.0,0.083333,1,0,6500.0,877.767833,0.0,12
2719.639153,1.0,715.81,715.81,0.0,0.0,0.333333,0.333333,0.0,0.0,0,7,10000.0,694.102974,0.0,12
347.226798,1.0,1535.49,1203.69,331.8,0.0,0.9,0.5,0.5,0.0,0,24,1000.0,778.913464,0.25,10
8.172299,0.636364,114.0,0.0,114.0,0.0,0.5,0.0,0.5,0.0,0,6,2700.0,123.400772,0.545455,12
8248.178009,1.0,1788.84,0.0,1788.84,90.031207,1.0,0.0,1.0,0.083333,1,12,18000.0,40627.59524,0.166667,12
289.353197,1.0,461.68,201.0,260.68,0.0,0.333333,0.083333,0.166667,0.0,0,7,4500.0,282.328051,0.0,12
38.91624,1.0,358.49,0.0,358.49,188.234434,0.916667,0.0,0.833333,0.083333,1,11,2500.0,479.607061,0.3,12
810.739995,1.0,86.9,86.9,0.0,0.0,0.083333,0.083333,0.0,0.0,0,1,7500.0,253.775702,0.0,12
438.337653,1.0,1867.9,1424.87,443.03,128.429272,0.75,0.5,0.5,0.166667,3,24,6500.0,2080.403638,0.083333,12
101.083401,0.909091,553.36,140.0,413.36,1719.767683,0.666667,0.083333,0.666667,0.166667,2,9,3000.0,2515.38256,0.0,12
1300.793883,1.0,1282.2,0.0,1282.2,0.0,1.0,0.0,1.0,0.0,0,12,1200.0,1407.623536,0.0,12
1418.838078,1.0,0.0,0.0,0.0,272.782072,0.0,0.0,0.0,0.583333,7,0,1500.0,619.975821,0.0,12
2042.585017,0.857143,498.96,0.0,498.96,2364.540395,0.857143,0.0,0.714286,0.285714,5,9,2500.0,414.718951,0.0,7
218.948323,1.0,1858.33,1380.0,478.33,0.0,0.666667,0.333333,0.333333,0.0,0,14,4500.0,1934.821016,0.5,12
115.467669,0.545455,354.0,354.0,0.0,0.0,0.166667,0.166667,0.0,0.0,0,2,16500.0,4555.965464,0.0,12
199.462047,1.0,1296.2,745.82,550.38,0.0,0.25,0.25,0.166667,0.0,0,14,1800.0,18.125527,0.0,12
143.737177,1.0,1456.0,361.0,1095.0,0.0,0.666667,0.166667,0.583333,0.0,0,17,2500.0,1416.600792,0.818182,12
45.45702,0.909091,175.0,175.0,0.0,0.0,0.166667,0.166667,0.0,0.0,0,2,1200.0,212.558928,0.0,12
1089.795044,1.0,0.0,0.0,20.0,38.249993,0.0,0.0,0.166667,0.083333,1,1,1200.0,284.731156,0.0,12
19.946102,1.0,450.0,0.0,450.0,0.0,1.0,0.0,0.9,0.0,0,10,1000.0,386.571651,1.0,10
626.213492,1.0,0.0,0.0,0.0,3393.427055,0.0,0.0,0.0,0.25,11,0,1200.0,3566.140224,0.25,12
1849.017387,1.0,0.0,0.0,0.0,838.008227,0.0,0.0,0.0,0.166667,2,0,2500.0,433.218956,0.0,12
2992.591246,1.0,0.0,0.0,0.0,759.456509,0.0,0.0,0.0,0.416667,9,0,3500.0,817.050377,0.0,12
2021.514867,1.0,1582.84,1554.89,27.95,0.0,0.5,0.416667,0.083333,0.0,0,8,2500.0,565.380786,0.0,12
2122.066396,1.0,0.0,0.0,0.0,1048.972729,0.0,0.0,0.0,0.25,9,0,3000.0,548.182704,0.0,12
4.417273,0.181818,27.42,0.0,27.42,0.0,0.083333,0.0,0.083333,0.0,0,1,1800.0,228.417814,1.0,12
825.347767,1.0,0.0,0.0,0.0,105.877591,0.0,0.0,0.0,0.083333,1,0,1200.0,426.206835,0.0,12
87.462633,0.454545,0.0,0.0,0.0,1251.696029,0.0,0.0,0.0,0.083333,1,0,2000.0,2678.249487,0.333333,12
1223.909602,1.0,607.0,607.0,0.0,0.0,0.916667,0.916667,0.0,0.0,0,13,1200.0,466.149713,0.0,12
83.930127,0.727273,1027.64,1027.64,0.0,0.0,0.5,0.5,0.0,0.0,0,15,6000.0,1007.971531,0.5,12
1241.025652,1.0,0.0,0.0,0.0,180.783929,0.0,0.0,0.0,0.083333,1,0,1800.0,842.814061,0.0,12
268.797746,1.0,70.0,0.0,70.0,0.0,0.5,0.0,0.416667,0.0,0,6,1000.0,105.954038,0.0,12
451.404363,1.0,2196.0,2154.34,41.66,0.0,0.833333,0.75,0.083333,0.0,0,14,1800.0,2142.056177,0.166667,12
3.248979,0.090909,91.26,0.0,91.26,0.0,0.083333,0.0,0.083333,0.0,0,2,3500.0,0.0,0.0,12
160.873814,0.666667,480.0,480.0,0.0,0.0,0.666667,0.666667,0.0,0.0,0,8,1500.0,38.770699,0.0,6
982.566805,1.0,282.39,0.0,282.39,0.0,0.583333,0.0,0.583333,0.0,0,7,1000.0,722.645708,0.0,12
4070.500764,0.833333,710.8,140.0,570.8,4620.069456,0.833333,0.166667,0.666667,0.166667,11,16,4900.0,364.205524,0.0,6
1048.892643,1.0,0.0,0.0,0.0,115.766104,0.0,0.0,0.0,0.25,4,0,1100.0,218.648513,0.0,12
507.076999,0.857143,0.0,0.0,0.0,1391.140391,0.0,0.0,0.0,0.142857,2,0,1500.0,2104.053736,0.25,7
158.634812,0.909091,1765.38,84.8,1680.58,0.0,0.666667,0.083333,0.583333,0.0,0,24,9500.0,1661.464986,0.666667,12
976.370187,1.0,0.0,0.0,0.0,1622.255801,0.0,0.0,0.0,0.25,4,0,1600.0,3056.718074,0.166667,12
5.336222,0.272727,57.0,0.0,57.0,0.0,0.25,0.0,0.166667,0.0,0,3,5000.0,164.041195,1.0,12
3363.288511,1.0,1123.42,865.78,257.64,1992.271699,1.0,1.0,0.583333,0.166667,2,30,4500.0,4772.462052,0.0,12
1475.396878,1.0,5055.77,2931.91,2123.86,0.0,1.0,0.333333,1.0,0.0,0,69,1900.0,4826.844372,0.0,12
15155.53286,1.0,717.24,717.24,0.0,4718.274895,1.0,1.0,0.0,0.5,7,24,18000.0,4002.194556,0.0,12
782.392041,1.0,8168.9,3000.97,5167.93,0.0,1.0,0.666667,1.0,0.0,0,59,16500.0,7455.296139,0.916667,12
3157.715309,1.0,548.79,548.79,0.0,3075.115015,0.583333,0.583333,0.0,0.166667,5,48,3500.0,3817.151157,0.083333,12
872.07108,1.0,853.0,0.0,853.0,999.04114,0.5,0.0,0.416667,0.083333,3,6,4000.0,784.917897,0.0,12
1904.495561,1.0,4044.14,2961.8,1082.34,0.0,1.0,0.916667,1.0,0.0,0,66,6700.0,6312.820074,0.0,12
1186.287841,1.0,115.5,115.5,0.0,0.0,0.166667,0.166667,0.0,0.0,0,3,1200.0,446.088328,0.0,12
3838.312836,1.0,0.0,0.0,0.0,1256.712548,0.0,0.0,0.0,0.5,11,0,9500.0,1419.130675,0.0,12
5975.063353,1.0,345.3,345.3,0.0,3599.222154,0.166667,0.166667,0.0,0.666667,18,2,6500.0,2010.926039,0.0,12
2005.438728,1.0,956.05,818.73,137.32,0.0,0.583333,0.5,0.25,0.0,0,16,2500.0,915.734963,0.0,12
6749.994904,1.0,0.0,0.0,0.0,4561.826799,0.0,0.0,0.0,0.416667,10,0,11500.0,4930.710131,0.0,12
6.127959,0.636364,82.85,0.0,82.85,0.0,0.636364,0.0,0.545455,0.0,0,13,3500.0,100.08381,0.4,11
1994.694769,1.0,248.75,248.75,0.0,1016.518185,0.166667,0.166667,0.0,0.083333,1,2,6000.0,568.025868,0.0,12
7404.850748,1.0,0.0,0.0,0.0,12405.2945,0.0,0.0,0.0,0.5,13,0,11500.0,13956.71873,0.083333,12
6950.583049,1.0,400.98,0.0,400.98,259.046858,0.5,0.0,0.416667,0.083333,1,6,12500.0,2008.360568,0.0,12
5976.796897,1.0,1194.52,0.0,1194.52,790.205561,0.416667,0.0,0.333333,0.333333,6,15,6000.0,2722.095294,0.0,12
19.846569,1.0,0.0,0.0,0.0,133.049604,0.0,0.0,0.0,0.285714,2,0,1200.0,48.739156,0.0,7
6456.515148,1.0,0.0,0.0,0.0,3802.386718,0.0,0.0,0.0,0.75,17,0,7500.0,2640.103648,0.0,12
2651.484926,1.0,908.15,0.0,908.15,1008.639756,1.0,0.0,1.0,0.333333,9,23,3000.0,4361.679346,0.083333,12
1091.437438,1.0,1237.37,447.6,789.77,0.0,0.833333,0.166667,0.75,0.0,0,13,4500.0,833.893431,0.0,12
28.588826,1.0,151.92,0.0,151.92,0.0,1.0,0.0,0.875,0.0,0,8,1000.0,111.631804,0.666667,8
703.368382,1.0,64.0,0.0,64.0,0.0,0.5,0.0,0.416667,0.0,0,6,2550.0,179.083715,0.0,12
1512.218864,1.0,1002.93,825.89,177.04,0.0,1.0,0.833333,0.333333,0.0,0,23,4000.0,328.446221,0.0,12
1608.052487,0.545455,0.0,0.0,0.0,2496.721337,0.0,0.0,0.0,0.25,3,0,5000.0,9933.62261,0.166667,12
233.961592,1.0,248.44,13.0,235.44,0.0,0.5,0.083333,0.416667,0.0,0,6,1200.0,219.96077,0.0,12
159.36681,0.636364,1277.5,0.0,1277.5,0.0,0.583333,0.0,0.5,0.0,0,7,2500.0,1315.820451,0.4,12
27.40855,1.0,290.6,290.6,0.0,0.0,1.0,1.0,0.0,0.0,0,12,2000.0,315.279531,0.083333,12
1132.796058,1.0,519.79,519.79,0.0,0.0,0.583333,0.583333,0.0,0.0,0,8,1200.0,642.723631,0.0,12
101.874313,0.636364,70.0,70.0,0.0,365.228157,0.083333,0.083333,0.0,0.333333,6,1,2500.0,464.687342,0.166667,12
862.753623,1.0,1282.38,0.0,1282.38,0.0,0.916667,0.0,0.833333,0.0,0,11,11500.0,930.179257,0.0,12
3753.102666,1.0,0.0,0.0,0.0,702.912179,0.0,0.0,0.0,0.583333,7,0,11000.0,1029.476417,0.0,12
996.223227,1.0,0.0,0.0,0.0,1398.39554,0.0,0.0,0.0,0.083333,1,0,8000.0,2369.167737,0.0,12
4035.138453,1.0,0.0,0.0,0.0,2399.437045,0.0,0.0,0.0,0.25,3,0,7000.0,1474.388466,0.0,12
1845.210833,1.0,0.0,0.0,0.0,1960.264859,0.0,0.0,0.0,0.25,3,0,4500.0,331.387568,0.0,12
46.56216,1.0,261.16,0.0,261.16,0.0,1.0,0.0,1.0,0.0,0,16,4000.0,230.605229,0.25,12
299.179091,0.454545,1147.23,1071.7,75.53,0.0,0.25,0.083333,0.25,0.0,0,6,4000.0,1460.796216,0.181818,12
2917.079199,1.0,0.0,0.0,0.0,844.083928,0.0,0.0,0.0,0.416667,13,0,3000.0,1360.117166,0.0,12
3062.16821,0.9,2253.98,920.54,1333.44,4161.09715,0.9,0.8,0.8,0.8,30,68,9000.0,1132.237548,0.0,10
320.33625,1.0,0.0,0.0,0.0,1258.982051,0.0,0.0,0.0,0.583333,14,0,6500.0,1746.672526,0.083333,12
24.176932,1.0,189.85,189.85,0.0,0.0,0.333333,0.333333,0.0,0.0,0,4,3000.0,184.60455,0.0,12
5496.421462,1.0,0.0,0.0,0.0,2338.977761,0.0,0.0,0.0,0.083333,2,0,6000.0,1292.534876,0.0,12
0.074724,0.181818,0.0,0.0,0.0,370.73048,0.0,0.0,0.0,0.083333,1,0,1000.0,1628.657052,1.0,12
6063.976197,1.0,3987.01,3531.24,455.77,2791.263609,0.833333,0.416667,0.75,0.416667,13,25,7500.0,1423.187576,0.0,12
2669.587009,1.0,0.0,0.0,0.0,967.482287,0.0,0.0,0.0,0.083333,1,0,6500.0,666.186973,0.0,12
86.206262,1.0,626.28,210.7,415.58,0.0,0.833333,0.416667,0.666667,0.0,0,22,3000.0,729.334233,0.0,12
958.26975,1.0,0.0,0.0,0.0,171.920223,0.0,0.0,0.0,0.416667,8,0,1000.0,327.333462,0.0,12
10929.05958,1.0,675.89,500.39,175.5,1521.869211,0.916667,0.25,0.666667,0.333333,12,12,12000.0,2639.956641,0.0,12
11581.9335,1.0,0.0,0.0,0.0,9236.092963,0.0,0.0,0.0,0.5,23,0,13000.0,2132.826323,0.0,12
207.209597,1.0,13.66,0.0,13.66,0.0,0.090909,0.0,0.090909,0.0,0,1,7000.0,1703.339459,0.0,11
3139.267322,1.0,5393.36,2094.44,3298.92,0.0,1.0,0.583333,1.0,0.0,0,86,3000.0,4173.119357,0.0,12
2689.895528,1.0,0.0,0.0,0.0,270.201463,0.0,0.0,0.0,0.083333,1,0,2900.0,639.484442,0.0,12
1406.627442,1.0,2315.86,1339.26,976.6,0.0,0.916667,0.416667,0.833333,0.0,0,27,4000.0,3176.971719,0.0,12
1594.485356,1.0,2650.91,2123.9,527.01,0.0,1.0,0.25,1.0,0.0,0,33,7000.0,1416.618009,0.0,12
3755.184007,1.0,3211.86,1420.58,1791.28,0.0,1.0,0.75,0.833333,0.0,0,22,11000.0,3198.261943,0.0,12
38.795708,0.636364,229.48,229.48,0.0,0.0,0.25,0.25,0.0,0.0,0,3,3050.0,392.882251,0.0,12
37.911473,0.818182,254.0,84.0,170.0,0.0,0.666667,0.166667,0.5,0.0,0,12,3000.0,248.076679,0.5,12
1723.804529,1.0,3145.79,997.29,2148.5,0.0,1.0,0.333333,1.0,0.0,0,26,6000.0,995.065501,0.0,12
165.290723,0.818182,971.2,971.2,0.0,446.94537,0.166667,0.166667,0.0,0.083333,1,3,1000.0,1922.505496,0.666667,12
683.391465,0.636364,0.0,0.0,0.0,1786.070392,0.0,0.0,0.0,0.083333,4,0,3000.0,346.494649,0.0,12
10.358325,0.454545,98.83,98.83,0.0,0.0,0.454545,0.454545,0.0,0.0,0,5,7000.0,116.299635,0.666667,11
1063.614099,1.0,0.0,0.0,0.0,196.616463,0.0,0.0,0.0,0.083333,1,0,1200.0,206.505212,0.0,12
98.290292,0.545455,4440.8,4440.8,0.0,0.0,0.583333,0.583333,0.0,0.0,0,19,1500.0,7150.995346,0.75,12
1540.879308,0.909091,0.0,0.0,0.0,154.550357,0.0,0.0,0.0,0.090909,1,0,4000.0,720.558343,0.0,11
3083.636304,1.0,250.0,0.0,250.0,0.0,0.5,0.0,0.416667,0.0,0,6,10000.0,4669.193554,0.083333,12
1098.457059,1.0,0.0,0.0,0.0,18.510103,0.0,0.0,0.0,0.083333,1,0,1200.0,224.204359,0.0,12
4836.914446,1.0,305.6,305.6,0.0,0.0,0.166667,0.166667,0.0,0.0,0,2,16500.0,2547.923816,0.0,12
131.069154,1.0,1315.39,313.08,1002.31,0.0,1.0,1.0,1.0,0.0,0,50,3500.0,1123.656185,1.0,12
49.564532,1.0,433.5,273.94,159.56,0.0,0.909091,0.181818,0.909091,0.0,0,13,9000.0,465.466079,0.272727,11
1967.70274,1.0,744.9,669.9,75.0,956.424536,0.5,0.416667,0.083333,0.25,7,10,4000.0,449.758817,0.0,12
1669.128355,1.0,0.0,0.0,0.0,335.056814,0.0,0.0,0.0,0.166667,2,0,1800.0,528.612762,0.0,12
56.116326,0.181818,368.47,368.47,0.0,66.320495,0.083333,0.083333,0.0,0.083333,2,5,2500.0,174.470592,1.0,12
227.184126,0.272727,50.0,50.0,0.0,947.140065,0.083333,0.083333,0.0,0.166667,2,1,5500.0,2074.177677,0.0,12
1417.157652,1.0,562.5,0.0,562.5,0.0,0.416667,0.0,0.416667,0.0,0,5,1500.0,987.794574,0.0,12
1406.483149,1.0,0.0,0.0,0.0,363.680545,0.0,0.0,0.0,0.125,1,0,1500.0,214.423727,0.0,8
0.0,0.0,581.0,0.0,581.0,0.0,0.583333,0.0,0.583333,0.0,0,7,1000.0,692.523718,0.0,12
1124.582725,1.0,0.0,0.0,0.0,219.933843,0.0,0.0,0.0,0.333333,4,0,1200.0,446.251464,0.0,12
110.409387,0.727273,992.88,992.88,0.0,0.0,0.416667,0.416667,0.0,0.0,0,12,4500.0,791.103098,0.0,12
4929.758948,1.0,4939.1,4939.1,0.0,2365.84349,0.666667,0.666667,0.0,0.25,7,309,6000.0,3952.187547,0.0,12
687.378139,1.0,74.42,0.0,74.42,0.0,0.25,0.0,0.25,0.0,0,3,700.0,353.250281,0.0,12
7.167028,0.363636,99.0,99.0,0.0,0.0,0.333333,0.333333,0.0,0.0,0,4,6000.0,196.556706,0.0,12
49.433937,1.0,387.0,0.0,387.0,0.0,1.0,0.0,0.888889,0.0,0,9,3000.0,335.472854,1.0,9
1427.949491,1.0,0.0,0.0,0.0,617.736537,0.0,0.0,0.0,0.166667,2,0,1800.0,2163.873958,0.083333,12
17.141376,0.818182,182.1,33.6,148.5,113.918826,0.25,0.083333,0.083333,0.083333,1,4,6000.0,255.074373,0.2,12
2285.655394,0.9,3648.73,2517.43,1131.3,2034.664095,0.9,0.9,0.6,0.5,7,46,7000.0,586.67656,0.0,10
341.149186,1.0,48.78,48.78,0.0,0.0,0.083333,0.083333,0.0,0.0,0,1,500.0,256.731955,0.0,12
91.705554,1.0,1468.1,1468.1,0.0,0.0,0.833333,0.833333,0.0,0.0,0,27,3000.0,1502.962138,0.5,12
2032.338405,0.909091,158.24,0.0,158.24,2508.932178,0.666667,0.0,0.583333,0.25,5,8,2500.0,625.314406,0.0,12
4.12565,0.363636,25.69,25.69,0.0,0.0,0.083333,0.083333,0.0,0.0,0,1,4500.0,163.352538,0.0,12
709.473364,1.0,548.85,385.29,163.56,153.665694,0.666667,0.333333,0.5,0.083333,1,13,1200.0,381.15677,0.0,12
8048.03442,1.0,0.0,0.0,0.0,6163.107978,0.0,0.0,0.0,0.333333,10,0,12000.0,2165.252987,0.0,12
2755.306896,0.909091,2754.49,1974.0,780.49,3193.924548,0.75,0.416667,0.583333,0.333333,9,43,13000.0,4843.691023,0.0,12
348.646985,0.818182,230.0,230.0,0.0,1099.152158,0.166667,0.166667,0.0,0.083333,1,2,1200.0,443.364076,0.0,12
472.663708,0.545455,310.44,0.0,310.44,0.0,0.416667,0.0,0.416667,0.0,0,5,4000.0,2493.243567,0.142857,12
387.585128,0.333333,0.0,0.0,0.0,2494.497971,0.0,0.0,0.0,0.333333,21,0,3000.0,0.0,0.0,6
120.658015,1.0,349.12,349.12,0.0,0.0,0.25,0.25,0.0,0.0,0,4,2700.0,383.414493,0.0,12
105.385636,1.0,1536.31,344.91,1191.4,0.0,0.666667,0.166667,0.416667,0.0,0,8,3000.0,1639.344093,0.625,12
2843.942194,1.0,0.0,0.0,0.0,266.975744,0.0,0.0,0.0,0.583333,10,0,3000.0,869.193769,0.0,12
28.315171,0.5,225.02,111.7,113.32,0.0,0.375,0.125,0.125,0.0,0,3,10000.0,315.246249,1.0,8
949.530268,1.0,45.65,45.65,0.0,47.786053,0.083333,0.083333,0.0,0.083333,1,1,1000.0,303.450157,0.0,12
34.706824,0.181818,242.9,242.9,0.0,0.0,0.083333,0.083333,0.0,0.0,0,2,1500.0,85.290895,0.0,12
3596.749572,1.0,0.0,0.0,0.0,1172.638871,0.0,0.0,0.0,0.166667,3,0,6000.0,1499.401344,0.0,12
49.920897,1.0,400.19,400.19,0.0,0.0,1.0,1.0,0.0,0.0,0,14,8500.0,363.703322,0.727273,12
120.945829,0.7,33.38,0.0,33.38,0.0,0.2,0.0,0.1,0.0,0,2,1000.0,514.002301,0.0,10
1118.479084,1.0,325.95,203.96,121.99,0.0,0.666667,0.333333,0.25,0.0,0,9,2400.0,290.888289,0.0,12
216.184011,0.454545,0.0,0.0,0.0,948.380744,0.0,0.0,0.0,0.166667,2,0,1200.0,243.64342,0.0,12
3997.572659,1.0,0.0,0.0,0.0,3516.5482,0.0,0.0,0.0,0.272727,6,0,4500.0,1456.274689,0.0,11
1906.703614,1.0,780.0,0.0,780.0,0.0,1.0,0.0,1.0,0.0,0,12,3000.0,1338.303471,0.0,12
1747.359784,1.0,0.0,0.0,0.0,413.38083,0.0,0.0,0.0,0.333333,8,0,1800.0,700.732344,0.0,12
2363.615492,1.0,1441.32,374.64,1066.68,0.0,0.833333,0.083333,0.833333,0.0,0,11,6000.0,1055.392983,0.0,12
1247.196735,1.0,243.0,243.0,0.0,0.0,0.333333,0.333333,0.0,0.0,0,9,1200.0,529.091477,0.0,12
336.640397,1.0,589.59,165.0,424.59,0.0,0.833333,0.083333,0.75,0.0,0,17,5000.0,839.728514,0.0,12
135.493002,1.0,0.0,0.0,0.0,499.794103,0.0,0.0,0.0,0.25,4,0,1200.0,1844.110066,0.166667,12
957.980588,1.0,424.76,0.0,424.76,0.0,0.333333,0.0,0.333333,0.0,0,4,5000.0,504.56116,0.0,12
965.236679,1.0,2786.08,763.82,2022.26,0.0,0.75,0.333333,0.666667,0.0,0,33,4500.0,1399.589495,0.0,12
260.409355,1.0,545.34,257.34,288.0,0.0,0.416667,0.166667,0.166667,0.0,0,9,1500.0,384.809868,0.0,12
2772.790822,1.0,337.98,0.0,337.98,198.185224,1.0,0.0,1.0,0.416667,7,45,3000.0,1043.396353,0.0,12
1305.266304,0.833333,1078.89,844.99,233.9,2081.15215,0.833333,0.833333,0.666667,0.666667,4,20,5000.0,164.080259,0.0,6
1153.335938,1.0,886.56,0.0,886.56,0.0,1.0,0.0,1.0,0.0,0,12,1000.0,724.171914,0.0,12
633.388444,1.0,830.45,830.45,0.0,0.0,0.416667,0.416667,0.0,0.0,0,8,6000.0,497.263402,0.0,12
5830.700298,1.0,4079.01,507.0,3572.01,0.0,1.0,0.333333,1.0,0.0,0,72,11500.0,2038.201869,0.0,12
4931.40051,1.0,540.0,540.0,0.0,527.008867,0.083333,0.083333,0.0,0.25,6,2,11500.0,1174.80652,0.0,12
344.532447,1.0,3603.0,1990.05,1612.95,0.0,1.0,1.0,1.0,0.0,0,44,6000.0,2912.826118,1.0,12
743.52397,1.0,962.78,278.48,684.3,360.154972,1.0,0.25,1.0,0.083333,1,30,1000.0,402.895757,0.0,12
1161.901683,1.0,10903.22,7841.79,3061.43,0.0,1.0,1.0,1.0,0.0,0,136,12000.0,10799.00074,1.0,12
10.451064,0.333333,405.93,405.93,0.0,0.0,0.111111,0.111111,0.0,0.0,0,1,6500.0,831.748202,0.0,9
256.028048,1.0,627.42,0.0,627.42,0.0,0.833333,0.0,0.833333,0.0,0,16,2500.0,288.225797,0.083333,12
1109.172807,0.909091,190.0,190.0,0.0,1496.441591,0.083333,0.083333,0.0,0.166667,5,1,1500.0,795.189855,0.0,12
15.307062,1.0,71.52,0.0,71.52,0.0,1.0,0.0,0.833333,0.0,0,6,1500.0,55.180487,0.25,6
1056.954525,1.0,0.0,0.0,0.0,744.221343,0.0,0.0,0.0,0.333333,11,0,2500.0,498.592426,0.0,12
4797.567431,1.0,0.0,0.0,0.0,4824.425698,0.0,0.0,0.0,0.333333,10,0,5000.0,5965.070573,0.083333,12
42.363094,0.571429,0.0,0.0,0.0,260.723304,0.0,0.0,0.0,0.285714,2,0,1200.0,440.939379,0.0,7
608.422266,0.636364,0.0,0.0,0.0,2338.86519,0.0,0.0,0.0,0.166667,2,0,4000.0,600.277524,0.0,12
7.950803,0.636364,92.2,0.0,92.2,0.0,0.583333,0.0,0.583333,0.0,0,7,3000.0,152.592178,0.166667,12
927.983543,1.0,1321.52,1321.52,0.0,0.0,0.25,0.25,0.0,0.0,0,15,4500.0,527.949934,0.0,12
821.933113,1.0,987.26,872.64,114.62,0.0,0.916667,0.833333,0.416667,0.0,0,29,6500.0,1605.098906,0.0,12
46.773238,0.545455,2166.56,0.0,2166.56,0.0,0.666667,0.0,0.583333,0.0,0,16,3000.0,1969.308069,0.4,12
42.755706,0.545455,350.94,284.29,66.65,0.0,0.25,0.25,0.25,0.0,0,9,5000.0,1191.823088,0.4,12
95.731707,1.0,632.3,200.0,432.3,0.0,0.916667,0.083333,0.916667,0.0,0,12,2000.0,606.576346,0.5,12
889.767658,1.0,2997.02,1823.02,1174.0,0.0,0.916667,0.416667,0.916667,0.0,0,22,7000.0,2199.48968,0.0,12
1456.399956,0.909091,0.0,0.0,0.0,4116.968065,0.0,0.0,0.0,0.727273,34,0,2500.0,2793.487295,0.0,11
72.372971,0.363636,456.7,456.7,0.0,0.0,0.25,0.25,0.0,0.0,0,4,1200.0,312.287787,0.0,12
405.052353,1.0,515.14,69.0,446.14,0.0,0.583333,0.083333,0.416667,0.0,0,11,4500.0,281.491353,0.0,12
855.811816,1.0,1960.18,306.18,1654.0,271.838738,1.0,0.083333,0.916667,0.083333,1,42,3000.0,2043.814652,0.1,12
1074.258487,1.0,11.35,0.0,11.35,0.0,0.083333,0.0,0.083333,0.0,0,1,1200.0,421.348577,0.0,12
3024.642476,1.0,0.0,0.0,0.0,2381.716886,0.0,0.0,0.0,0.083333,2,0,8000.0,578.458133,0.0,12
597.410794,0.909091,344.75,289.3,55.45,1347.900815,0.25,0.25,0.166667,0.416667,9,7,2500.0,2026.647785,0.0,12
43.20377,1.0,308.22,0.0,308.22,0.0,0.916667,0.0,0.916667,0.0,0,11,2000.0,331.111373,0.5,12
79.517489,0.818182,335.38,270.0,65.38,0.0,0.25,0.083333,0.083333,0.0,0,3,3000.0,413.920617,0.111111,12
35.16925,0.636364,272.34,0.0,272.34,0.0,0.416667,0.0,0.416667,0.0,0,8,1500.0,386.322209,0.272727,12
5177.774511,1.0,1562.74,979.99,582.75,1443.200669,0.666667,0.166667,0.5,0.166667,4,9,9000.0,3770.423728,0.0,12
80.298186,0.727273,1090.0,0.0,1090.0,0.0,0.5,0.0,0.416667,0.0,0,6,4500.0,1015.891727,0.666667,12
1202.204204,1.0,435.04,435.04,0.0,0.0,0.916667,0.916667,0.0,0.0,0,11,1200.0,686.958695,0.0,12
31.161679,0.545455,300.0,0.0,300.0,0.0,0.5,0.0,0.5,0.0,0,6,11500.0,619.179957,1.0,12
176.162762,0.909091,1814.64,1614.64,200.0,0.0,0.583333,0.583333,0.083333,0.0,0,25,4000.0,1847.959268,0.333333,12
703.407676,1.0,637.84,0.0,637.84,0.0,0.636364,0.0,0.545455,0.0,0,7,4500.0,888.272466,0.0,11
445.921101,1.0,1580.56,701.61,878.95,2703.408056,1.0,0.666667,1.0,0.5,14,61,2500.0,3992.8893,1.0,12
3083.784255,1.0,0.0,0.0,0.0,737.652849,0.0,0.0,0.0,0.166667,2,0,5500.0,1033.581612,0.0,12
31.111548,1.0,110.0,110.0,0.0,0.0,0.083333,0.083333,0.0,0.0,0,1,8000.0,228.192095,0.0,12
503.732786,1.0,1730.3,1401.15,329.15,0.0,0.916667,0.583333,0.333333,0.0,0,21,2500.0,2293.371099,0.083333,12
176.837859,1.0,108.39,0.0,108.39,0.0,0.416667,0.0,0.416667,0.0,0,6,1500.0,56.561603,0.0,12
94.537529,1.0,1399.55,1399.55,0.0,0.0,0.916667,0.916667,0.0,0.0,0,12,7500.0,471.663042,0.3,12
661.940291,1.0,755.14,482.9,272.24,0.0,0.916667,0.75,0.75,0.0,0,29,6500.0,2284.482833,0.333333,12
8.799432,0.454545,1591.48,218.8,1372.68,0.0,0.833333,0.25,0.666667,0.0,0,23,2000.0,1496.045221,0.2,12
3106.418215,0.636364,0.0,0.0,0.0,2139.745589,0.0,0.0,0.0,0.333333,6,0,10000.0,11508.41333,0.142857,12
827.393597,0.727273,693.89,0.0,693.89,0.0,0.416667,0.0,0.416667,0.0,0,13,1500.0,1954.590955,0.090909,12
0.0,0.0,94.5,0.0,94.5,0.0,0.166667,0.0,0.166667,0.0,0,2,1500.0,0.0,0.0,12
4361.964176,1.0,0.0,0.0,0.0,288.451529,0.0,0.0,0.0,0.166667,2,0,4500.0,1041.187421,0.0,12
73.10055,1.0,78.09,0.0,78.09,0.0,0.25,0.0,0.166667,0.0,0,3,4000.0,93.718849,0.0,12
7.047482,0.545455,321.07,321.07,0.0,0.0,0.916667,0.916667,0.0,0.0,0,11,3000.0,285.785253,0.0,12
353.895121,1.0,2073.54,2073.54,0.0,175.826711,0.75,0.75,0.0,0.25,4,35,700.0,1633.858307,0.333333,12
5911.506531,0.9,0.0,0.0,0.0,7098.892954,0.0,0.0,0.0,0.3,13,0,8000.0,1156.310659,0.0,10
8.523984,0.363636,130.32,0.0,130.32,0.0,0.166667,0.0,0.083333,0.0,0,2,1500.0,64.34569,0.0,12
3096.831684,1.0,4492.85,1076.95,3415.9,0.0,1.0,1.0,1.0,0.0,0,40,10000.0,3853.65899,0.0,12
2468.506177,1.0,0.0,0.0,0.0,648.808629,0.0,0.0,0.0,0.25,4,0,2500.0,601.740186,0.0,12
1341.000157,1.0,1355.77,1220.45,135.32,929.959753,0.916667,0.666667,0.5,0.083333,1,24,4000.0,553.207757,0.0,12
169.343874,0.818182,1553.8,1553.8,0.0,0.0,0.5,0.5,0.0,0.0,0,8,16500.0,1921.042991,0.8,12
18.112481,0.636364,206.69,0.0,206.69,0.0,0.416667,0.0,0.416667,0.0,0,5,2000.0,259.021737,0.3,12
287.493279,0.222222,1709.0,1709.0,0.0,0.0,0.111111,0.111111,0.0,0.0,0,1,2283.333333,5120.550705,0.0,9
38.013028,1.0,469.62,0.0,469.62,0.0,0.833333,0.0,0.833333,0.0,0,12,4000.0,744.854844,0.4,12
8.570991,0.272727,149.55,149.55,0.0,0.0,0.083333,0.083333,0.0,0.0,0,1,5000.0,447.377119,0.0,12
7.20735,0.545455,152.02,0.0,152.02,0.0,0.583333,0.0,0.5,0.0,0,7,1000.0,219.445915,0.5,12
15.667283,1.0,147.48,0.0,147.48,0.0,1.0,0.0,1.0,0.0,0,12,3000.0,137.105608,0.416667,12
955.159037,1.0,440.57,45.65,394.92,0.0,0.666667,0.083333,0.666667,0.0,0,13,1000.0,684.090131,0.0,12
827.255067,1.0,281.97,0.0,281.97,0.0,0.416667,0.0,0.416667,0.0,0,5,1000.0,298.808637,0.0,12
2472.017517,1.0,2317.89,1716.02,601.87,0.0,1.0,0.583333,0.75,0.0,0,55,5500.0,647.118596,0.0,12
22.322215,0.363636,448.0,190.0,258.0,0.0,0.333333,0.083333,0.25,0.0,0,5,3000.0,1262.320878,1.0,12
1764.083164,1.0,329.47,0.0,329.47,58.536178,1.0,0.0,1.0,0.166667,2,22,1800.0,789.269658,0.0,12
23.651198,0.454545,250.0,0.0,250.0,0.0,0.416667,0.0,0.333333,0.0,0,5,1200.0,475.347623,1.0,12
1886.811282,1.0,146.73,146.73,0.0,3249.377014,0.166667,0.166667,0.0,0.416667,10,2,3000.0,2817.269516,0.083333,12
232.140345,0.818182,552.66,76.0,476.66,76.633316,1.0,0.166667,1.0,0.083333,2,20,500.0,1123.972876,0.090909,12
17.092052,0.454545,1160.0,0.0,1160.0,0.0,1.0,0.0,1.0,0.0,0,29,7000.0,1587.607855,0.4,12
4746.953711,0.909091,0.0,0.0,0.0,939.38774,0.0,0.0,0.0,0.454545,10,0,11000.0,1257.708437,0.0,11
30.969957,0.666667,319.67,319.67,0.0,0.0,0.666667,0.666667,0.0,0.0,0,5,7500.0,103.198108,0.0,6
201.463595,1.0,2148.34,638.34,1510.0,0.0,1.0,1.0,0.166667,0.0,0,32,5000.0,1951.521978,1.0,12
322.411152,1.0,1506.92,813.02,693.9,0.0,1.0,1.0,0.583333,0.0,0,33,2500.0,1567.278435,0.0,12
1129.185643,1.0,0.0,0.0,0.0,1385.126221,0.0,0.0,0.0,0.25,3,0,1500.0,1275.071841,0.0,12
99.643727,1.0,677.68,655.68,22.0,0.0,1.0,1.0,0.083333,0.0,0,14,3000.0,809.678399,0.272727,12
651.394216,1.0,2529.64,1014.32,1515.32,0.0,1.0,0.916667,1.0,0.0,0,83,7500.0,2334.314811,0.0,12
1409.256223,0.9,4569.65,1748.94,2820.71,3883.517967,0.7,0.6,0.6,0.4,5,24,30000.0,5772.813158,0.0,10
194.927,0.909091,2061.48,1613.06,448.42,0.0,0.833333,0.5,0.5,0.0,0,23,8500.0,1937.914753,0.636364,12
6758.987905,1.0,198.96,26.6,172.36,7019.083751,0.5,0.083333,0.416667,0.083333,13,7,11000.0,2337.875284,0.0,12
2332.496766,1.0,0.0,0.0,0.0,1848.691278,0.0,0.0,0.0,0.083333,1,0,9700.0,803.519921,0.0,12
1860.469601,1.0,0.0,0.0,0.0,303.822585,0.0,0.0,0.0,0.166667,2,0,4000.0,560.883507,0.0,12
920.529926,0.857143,462.33,462.33,0.0,1065.754951,0.571429,0.571429,0.0,0.285714,3,11,1200.0,514.839542,0.0,7
3347.700395,1.0,5967.42,5016.08,951.34,0.0,1.0,1.0,1.0,0.0,0,73,11500.0,3012.483841,0.0,12
947.70851,1.0,483.4,483.4,0.0,1288.83283,0.083333,0.083333,0.0,0.166667,2,1,2000.0,394.907752,0.0,12
574.032791,1.0,1606.51,0.0,1606.51,0.0,1.0,0.0,1.0,0.0,0,98,1000.0,1844.561564,0.083333,12
3067.274152,1.0,0.0,0.0,0.0,591.246114,0.0,0.0,0.0,0.083333,1,0,3500.0,692.136868,0.0,12
768.881695,0.727273,408.59,408.59,0.0,0.0,0.25,0.25,0.0,0.0,0,7,2500.0,2095.952073,0.125,12
1190.884428,0.857143,0.0,0.0,0.0,1817.843113,0.0,0.0,0.0,0.285714,2,0,2000.0,290.690807,0.0,7
1710.119356,1.0,1697.15,122.9,1574.25,0.0,0.916667,0.166667,0.916667,0.0,0,37,7500.0,1161.146904,0.0,12
229.878735,0.272727,0.0,0.0,0.0,928.309409,0.0,0.0,0.0,0.090909,1,0,3000.0,101.7826,0.0,11
4766.360515,1.0,2894.04,2583.82,310.22,1386.851165,1.0,1.0,0.416667,0.166667,2,34,20000.0,1302.79339,0.0,12
3007.664861,1.0,534.26,365.51,168.75,0.0,0.833333,0.583333,0.75,0.0,0,21,16000.0,3007.94197,0.0,12
1871.597836,1.0,3220.25,208.49,3011.76,2367.006699,0.833333,0.166667,0.75,0.416667,15,28,5500.0,448.564207,0.0,12
1455.745146,1.0,266.0,266.0,0.0,168.514165,0.222222,0.222222,0.0,0.222222,2,4,1500.0,284.966485,0.0,9
1986.558317,1.0,0.0,0.0,0.0,872.861808,0.0,0.0,0.0,0.166667,4,0,6500.0,653.211583,0.0,12
36.174755,1.0,315.0,0.0,315.0,0.0,1.0,0.0,1.0,0.0,0,12,1000.0,294.181491,0.0,12
129.836526,0.909091,1433.99,743.99,690.0,0.0,0.909091,0.454545,0.636364,0.0,0,19,4000.0,1363.134203,0.875,11
206.978089,1.0,0.0,0.0,0.0,500.665069,0.0,0.0,0.0,0.090909,2,0,3000.0,936.856845,0.090909,11
1192.594159,1.0,1324.82,1000.12,324.7,914.684674,0.666667,0.5,0.416667,0.333333,4,17,6000.0,610.477936,0.0,12
50.564486,0.909091,84.0,84.0,0.0,259.105418,0.083333,0.083333,0.0,0.083333,2,2,2000.0,474.054081,0.3,12
62.104602,0.636364,377.62,0.0,377.62,0.0,0.5,0.0,0.5,0.0,0,6,2500.0,548.900318,0.181818,12
56.945201,0.454545,328.1,328.1,0.0,0.0,0.166667,0.166667,0.0,0.0,0,4,6500.0,437.845434,0.0,12
8.421315,0.272727,60.0,60.0,0.0,0.0,0.083333,0.083333,0.0,0.0,0,1,6000.0,250.155585,0.0,12
15.810927,0.363636,246.29,246.29,0.0,0.0,0.181818,0.181818,0.0,0.0,0,4,500.0,149.886496,0.0,11
44.613002,0.363636,281.7,281.7,0.0,0.0,0.083333,0.083333,0.0,0.0,0,2,7500.0,401.455848,0.0,12
2342.724406,0.909091,0.0,0.0,0.0,4697.170219,0.0,0.0,0.0,0.333333,7,0,8000.0,6049.990217,0.090909,12
3164.714813,1.0,839.65,815.65,24.0,96.764357,0.5,0.416667,0.083333,0.083333,1,7,4000.0,740.325412,0.0,12
2068.865586,1.0,0.0,0.0,0.0,1285.834671,0.0,0.0,0.0,0.166667,2,0,2500.0,607.215424,0.0,12
0.0,0.0,265.76,0.0,265.76,0.0,0.916667,0.0,0.916667,0.0,0,11,1500.0,288.141157,0.0,12
14.891908,0.818182,59.8,59.8,0.0,0.0,0.166667,0.166667,0.0,0.0,0,2,500.0,98.211239,0.0,12
1367.301373,1.0,231.41,0.0,231.41,0.0,1.0,0.0,1.0,0.0,0,16,2500.0,107.242408,0.0,6
299.82542,1.0,480.0,130.0,350.0,416.566286,1.0,0.142857,0.857143,0.428571,3,8,1000.0,113.970639,0.0,7
0.0,0.0,0.0,0.0,0.0,253.887233,0.0,0.0,0.0,0.111111,1,0,500.0,2437.932505,0.0,9
1176.088299,1.0,0.0,0.0,0.0,1106.360593,0.0,0.0,0.0,0.166667,4,0,1200.0,27.832777,0.0,12
1164.125671,1.0,0.0,0.0,0.0,3087.004701,0.0,0.0,0.0,0.25,5,0,3500.0,244.853194,0.0,12
25.499945,0.727273,62.53,62.53,0.0,0.0,0.083333,0.083333,0.0,0.0,0,1,1700.0,1637.518241,0.090909,12
3646.30636,1.0,594.88,133.9,460.98,3281.891728,0.416667,0.166667,0.333333,0.5,15,9,9000.0,732.79341,0.0,12
164.583178,0.454545,1489.28,918.48,570.8,0.0,0.333333,0.25,0.25,0.0,0,8,3500.0,1858.087268,0.0,12
2980.628942,1.0,1352.52,1352.52,0.0,0.0,0.083333,0.083333,0.0,0.0,0,1,10000.0,782.875155,0.0,12
3350.186138,1.0,0.0,0.0,0.0,2887.013513,0.0,0.0,0.0,0.5,10,0,4500.0,1161.817205,0.0,12
1101.8547,1.0,0.0,0.0,0.0,38.930597,0.0,0.0,0.0,0.083333,1,0,2100.0,292.271318,0.0,12
468.294595,1.0,4164.14,3215.54,948.6,0.0,1.0,1.0,1.0,0.0,0,53,4000.0,3958.926162,1.0,12
63.928065,1.0,183.6,0.0,183.6,0.0,1.0,0.0,1.0,0.0,0,12,1500.0,141.055898,0.0,12
906.613422,0.888889,0.0,0.0,0.0,2222.768202,0.0,0.0,0.0,0.666667,11,0,3000.0,1450.04403,0.142857,9
798.693995,1.0,0.0,0.0,0.0,1865.808018,0.0,0.0,0.0,0.666667,11,0,3000.0,180.865117,0.0,12
3.750633,0.181818,159.6,0.0,159.6,879.373487,0.166667,0.0,0.083333,0.083333,2,2,4500.0,966.963956,0.0,12
1281.842665,1.0,0.0,0.0,0.0,371.667107,0.0,0.0,0.0,0.333333,4,0,1500.0,576.243687,0.0,12
863.130387,1.0,37.3,37.3,0.0,0.0,0.166667,0.166667,0.0,0.0,0,2,1000.0,164.343581,0.0,12
50.302615,0.636364,0.0,0.0,0.0,575.797773,0.0,0.0,0.0,0.166667,2,0,500.0,511.341658,0.0,12
33.817964,0.909091,232.45,0.0,232.45,0.0,0.833333,0.0,0.833333,0.0,0,10,1800.0,243.407128,0.363636,12
559.917793,1.0,4760.11,2907.18,1852.93,19.930337,1.0,1.0,1.0,0.083333,1,85,4000.0,3632.719723,0.181818,12
2671.979402,1.0,1469.66,1427.43,42.23,2150.272488,0.666667,0.583333,0.166667,0.25,19,43,3000.0,4047.049777,0.0,12
814.781581,1.0,832.7,832.7,0.0,757.375098,0.666667,0.666667,0.0,0.333333,7,19,4000.0,265.237605,0.0,12
1184.434511,0.818182,99.8,99.8,0.0,3445.51955,0.083333,0.083333,0.0,0.583333,48,2,3000.0,3497.925485,0.111111,12
3.198999,0.090909,45.87,0.0,45.87,0.0,0.083333,0.0,0.083333,0.0,0,1,3000.0,89.700598,0.0,12
33.267171,0.909091,341.45,0.0,341.45,0.0,0.833333,0.0,0.833333,0.0,0,17,5000.0,361.47312,0.9,12
261.462528,1.0,2893.57,1690.63,1202.94,0.0,1.0,1.0,1.0,0.0,0,71,10000.0,2567.609796,1.0,12
2659.411879,1.0,177.62,177.62,0.0,1831.115496,0.166667,0.166667,0.0,0.583333,19,4,4000.0,577.131439,0.0,12
8.077527,0.545455,125.0,0.0,125.0,0.0,0.545455,0.0,0.454545,0.0,0,6,1500.0,155.940858,0.714286,11
115.937936,0.272727,0.0,0.0,0.0,1529.395551,0.0,0.0,0.0,0.083333,4,0,1800.0,109.424145,0.0,12
69.37782,0.545455,588.02,71.3,516.72,0.0,0.333333,0.083333,0.333333,0.0,0,5,7000.0,1596.674994,0.4,12
61.588389,0.818182,250.0,39.0,211.0,0.0,0.666667,0.083333,0.666667,0.0,0,12,1000.0,282.556704,0.111111,12
2.081357,0.181818,26.49,26.49,0.0,0.0,0.083333,0.083333,0.0,0.0,0,1,7500.0,78.573329,0.0,12
3092.189629,1.0,60.82,0.0,60.82,2361.473149,0.25,0.0,0.166667,0.5,17,3,3500.0,856.196277,0.0,12
564.325877,1.0,0.0,0.0,0.0,36.998782,0.0,0.0,0.0,0.083333,1,0,600.0,239.847051,0.0,12
10.684577,0.181818,300.0,0.0,300.0,0.0,0.25,0.0,0.25,0.0,0,3,4000.0,368.807294,0.0,12
2067.148279,1.0,792.68,441.9,350.78,446.493825,0.583333,0.25,0.5,0.333333,7,21,3500.0,697.332323,0.0,12
966.732798,1.0,1093.0,1093.0,0.0,247.199642,0.333333,0.333333,0.0,0.166667,2,7,7500.0,1226.547045,0.0,12
4099.755913,1.0,0.0,0.0,0.0,4933.666708,0.0,0.0,0.0,0.75,14,0,12000.0,3005.016513,0.0,12
1507.001995,1.0,209.1,209.1,0.0,0.0,0.25,0.25,0.0,0.0,0,4,1800.0,443.628394,0.0,12
2220.864979,1.0,2884.42,1327.83,1556.59,0.0,0.75,0.583333,0.666667,0.0,0,46,4500.0,1355.527973,0.0,12
92.325796,1.0,371.16,0.0,371.16,0.0,1.0,0.0,1.0,0.0,0,12,2000.0,205.804949,0.166667,12
3583.515054,1.0,5683.71,219.98,5463.73,0.0,1.0,0.166667,1.0,0.0,0,110,3000.0,4752.379612,0.0,12
3343.299372,1.0,790.8,0.0,790.8,5001.962631,1.0,0.0,1.0,0.333333,4,17,5000.0,1325.639966,0.0,12
2133.901379,1.0,303.03,9.03,294.0,0.0,1.0,0.083333,1.0,0.0,0,13,3000.0,1512.770602,0.0,12
217.993205,1.0,2435.21,1681.89,753.32,0.0,1.0,1.0,0.666667,0.0,0,30,7500.0,2024.009974,1.0,12
50.803778,0.25,0.0,0.0,0.0,892.941422,0.0,0.0,0.0,0.125,2,0,1500.0,1272.269385,0.333333,8
319.037744,0.818182,1262.28,1262.28,0.0,0.0,0.25,0.25,0.0,0.0,0,6,10500.0,1350.541585,0.125,12
100.208311,0.909091,0.0,0.0,0.0,182.143966,0.0,0.0,0.0,0.090909,1,0,3000.0,175.911508,0.0,11
7.168805,0.272727,88.04,88.04,0.0,0.0,0.083333,0.083333,0.0,0.0,0,1,1500.0,553.411253,0.0,12
1747.876077,1.0,0.0,0.0,0.0,2774.385866,0.0,0.0,0.0,0.25,7,0,3000.0,495.398338,0.0,12
519.444307,1.0,525.0,0.0,525.0,0.0,1.0,0.0,1.0,0.0,0,12,1000.0,1500.456687,0.083333,12
4320.267209,1.0,117.23,117.23,0.0,2746.430467,0.083333,0.083333,0.0,0.333333,6,1,8000.0,1200.321938,0.0,12
2811.486863,1.0,692.52,692.52,0.0,637.084199,1.0,1.0,0.0,0.25,5,13,3000.0,1848.537683,0.0,12
125.793836,1.0,630.0,0.0,630.0,0.0,1.0,0.0,0.916667,0.0,0,12,1000.0,373.891965,0.2,12
3798.323722,1.0,0.0,0.0,0.0,182.513182,0.0,0.0,0.0,0.166667,2,0,4000.0,916.384302,0.0,12
4274.488095,1.0,0.0,0.0,0.0,12527.49129,0.0,0.0,0.0,0.583333,17,0,10500.0,9836.835644,0.083333,12
900.557796,1.0,1865.55,1865.55,0.0,583.31815,0.583333,0.583333,0.0,0.25,7,20,3000.0,676.956491,0.090909,12
858.857651,1.0,1013.61,631.13,382.48,0.0,0.5,0.25,0.416667,0.0,0,13,2500.0,739.761292,0.0,12
6537.852206,0.909091,2598.51,2422.55,175.96,0.0,0.272727,0.090909,0.272727,0.0,0,26,16000.0,2209.410409,0.0,11
1793.970596,1.0,1004.9,1004.9,0.0,0.0,0.583333,0.583333,0.0,0.0,0,10,2500.0,2697.139893,0.0,12
3215.903805,1.0,745.48,0.0,745.48,0.0,1.0,0.0,1.0,0.0,0,35,2500.0,0.0,0.0,12
1893.704851,1.0,4124.81,3035.9,1088.91,0.0,1.0,0.75,1.0,0.0,0,72,6500.0,3235.222635,0.0,12
7.50839,0.181818,95.0,95.0,0.0,0.0,0.166667,0.166667,0.0,0.0,0,2,4000.0,547.880399,0.0,12
1180.178744,1.0,233.35,233.35,0.0,0.0,0.333333,0.333333,0.0,0.0,0,6,14000.0,599.388563,0.0,12
3232.101217,1.0,495.0,495.0,0.0,4815.406969,0.166667,0.166667,0.0,0.583333,14,2,5500.0,5434.899642,0.083333,12
6963.435383,1.0,2951.93,2951.93,0.0,0.0,0.333333,0.333333,0.0,0.0,0,10,8000.0,1069.094662,0.0,12
368.330629,1.0,1029.29,1029.29,0.0,0.0,0.416667,0.416667,0.0,0.0,0,6,6500.0,1393.630631,0.0,12
0.0,0.0,66.75,0.0,66.75,0.0,0.25,0.0,0.25,0.0,0,3,4000.0,0.0,0.0,12
4.421403,0.909091,95.59,22.03,73.56,0.0,1.0,0.083333,1.0,0.0,0,16,4500.0,186.546816,0.545455,12
41.049799,0.727273,413.31,133.31,280.0,0.0,0.583333,0.083333,0.416667,0.0,0,8,6000.0,475.939508,0.625,12
3611.316106,1.0,2400.71,1479.24,921.47,1815.313783,1.0,1.0,1.0,0.166667,2,32,11500.0,3911.840079,0.0,12
3214.579198,1.0,0.0,0.0,0.0,2322.566457,0.0,0.0,0.0,0.166667,3,0,4000.0,2232.66712,0.0,12
339.183041,1.0,139.5,139.5,0.0,0.0,0.25,0.25,0.0,0.0,0,3,1200.0,877.494612,0.090909,12
477.16584,1.0,1342.51,1072.51,270.0,0.0,0.583333,0.583333,0.083333,0.0,0,20,8500.0,1089.226019,0.0,12
3711.955487,1.0,1241.4,626.4,615.0,0.0,0.666667,0.25,0.666667,0.0,0,22,11000.0,848.624102,0.0,12
390.008261,1.0,0.0,0.0,0.0,463.287959,0.0,0.0,0.0,0.083333,1,0,2500.0,250.588485,0.0,12
2251.896834,1.0,1331.0,1321.1,9.9,0.0,1.0,1.0,0.083333,0.0,0,24,12500.0,4571.887377,0.0,12
2461.015559,0.636364,0.0,0.0,0.0,308.497698,0.0,0.0,0.0,0.166667,2,0,6500.0,8328.730628,0.142857,12
9309.635579,1.0,9007.67,8775.37,232.3,0.0,1.0,1.0,0.25,0.0,0,87,15000.0,5528.180381,0.0,12
4355.982388,1.0,0.0,0.0,0.0,305.985578,0.0,0.0,0.0,0.166667,2,0,7500.0,1188.602797,0.0,12
62.996845,1.0,779.7,290.0,489.7,0.0,1.0,0.166667,0.833333,0.0,0,14,9000.0,775.601851,0.5,12
22.879526,0.833333,171.0,0.0,171.0,0.0,0.833333,0.0,0.5,0.0,0,7,1500.0,152.51735,1.0,6
4719.819043,1.0,2143.73,1292.78,850.95,146.547709,0.5,0.416667,0.333333,0.083333,1,28,12500.0,1031.151095,0.0,12
1241.565972,1.0,3637.75,3396.25,241.5,6419.421654,0.833333,0.583333,0.5,0.333333,8,26,7000.0,8754.779769,0.416667,12
49.198038,0.272727,699.0,699.0,0.0,0.0,0.083333,0.083333,0.0,0.0,0,1,1800.0,69.941439,0.0,12
662.691336,1.0,0.0,0.0,0.0,967.59402,0.0,0.0,0.0,0.166667,4,0,1200.0,107.916464,0.0,12
4587.062248,1.0,333.28,0.0,333.28,77.956377,0.583333,0.0,0.583333,0.083333,1,8,5000.0,1234.809537,0.0,12
169.639713,1.0,1970.49,1009.85,960.64,0.0,1.0,1.0,0.666667,0.0,0,40,12000.0,1643.812227,0.416667,12
2823.212665,1.0,2814.23,2814.23,0.0,0.0,1.0,1.0,0.0,0.0,0,40,7500.0,1150.696529,0.0,12
2.880247,0.181818,250.0,250.0,0.0,0.0,0.083333,0.083333,0.0,0.0,0,1,2000.0,1401.222628,0.0,12
47.193664,1.0,132.0,0.0,132.0,0.0,0.166667,0.0,0.166667,0.0,0,2,2500.0,267.057792,0.0,12
597.628578,1.0,1430.0,1200.0,230.0,2091.07342,0.25,0.083333,0.166667,0.416667,8,4,1500.0,4032.106936,0.083333,12
2872.798614,1.0,27.16,0.0,27.16,2692.777044,0.083333,0.0,0.083333,0.416667,15,1,5000.0,507.240956,0.0,12
3350.116932,1.0,39.8,39.8,0.0,3907.706693,0.083333,0.083333,0.0,0.083333,2,1,8000.0,1809.711855,0.0,12
13.221335,0.857143,108.84,0.0,108.84,0.0,0.857143,0.0,0.714286,0.0,0,9,1500.0,69.973565,0.0,7
1083.120149,1.0,0.0,0.0,0.0,2426.830138,0.0,0.0,0.0,0.416667,9,0,1200.0,1481.809323,0.1,12
777.616173,0.909091,0.0,0.0,0.0,1894.377727,0.0,0.0,0.0,0.083333,2,0,9000.0,2245.358858,0.0,12
122.684019,0.875,1267.0,247.88,1019.12,0.0,0.875,0.375,0.75,0.0,0,12,2500.0,1263.464175,1.0,8
1615.968515,1.0,270.0,0.0,270.0,2592.263468,0.5,0.0,0.416667,0.666667,11,6,6000.0,3434.362444,0.111111,12
434.099616,1.0,4392.05,3817.98,574.07,0.0,1.0,1.0,1.0,0.0,0,79,6000.0,4076.914448,1.0,12
820.700166,0.818182,0.0,0.0,0.0,857.720875,0.0,0.0,0.0,0.083333,2,0,1500.0,1892.507498,0.111111,12
7.625765,1.0,110.68,0.0,110.68,0.0,0.166667,0.0,0.166667,0.0,0,3,4000.0,0.0,0.0,12
1428.118364,1.0,119.34,0.0,119.34,2563.324769,0.75,0.0,0.666667,0.25,14,27,1200.0,2545.222796,0.090909,12
1324.038811,1.0,1862.96,1862.96,0.0,0.0,0.416667,0.416667,0.0,0.0,0,11,4400.0,954.962296,0.0,12
1190.800122,1.0,1864.79,1002.22,862.57,0.0,0.916667,0.666667,0.75,0.0,0,51,3000.0,1617.884909,0.0,12
2580.169522,1.0,0.0,0.0,0.0,3912.041656,0.0,0.0,0.0,0.25,10,0,3000.0,1809.765794,0.0,12
371.866448,1.0,2825.85,2506.84,319.01,0.0,0.75,0.75,0.5,0.0,0,24,10000.0,2137.437449,0.25,12
1280.732187,1.0,0.0,0.0,0.0,395.725602,0.0,0.0,0.0,0.166667,4,0,1500.0,397.461163,0.0,12
975.416023,1.0,9586.1,7916.74,1669.36,0.0,1.0,1.0,1.0,0.0,0,248,12000.0,8906.373361,0.916667,12
122.113869,1.0,1105.92,0.0,1105.92,0.0,1.0,0.0,1.0,0.0,0,12,2500.0,1105.854643,0.666667,12
1262.631995,0.909091,405.0,405.0,0.0,0.0,1.0,1.0,0.0,0.0,0,11,7000.0,586.551078,0.0,11
143.553904,1.0,1778.76,726.88,1051.88,0.0,1.0,0.416667,1.0,0.0,0,53,7000.0,1303.254323,0.583333,12
1037.797184,1.0,103.27,103.27,0.0,475.467016,0.25,0.25,0.0,0.75,14,5,2500.0,326.649398,0.0,12
1938.576334,1.0,333.54,310.19,23.35,2738.946605,0.571429,0.428571,0.142857,0.857143,7,4,2000.0,867.233681,0.0,7
6257.390416,1.0,9228.97,9081.24,147.73,0.0,1.0,1.0,0.916667,0.0,0,85,9400.0,2139.278062,0.0,12
14.570032,1.0,89.58,0.0,89.58,0.0,1.0,0.0,0.833333,0.0,0,6,1500.0,71.641741,1.0,6
39.241601,1.0,199.56,0.0,199.56,0.0,1.0,0.0,1.0,0.0,0,12,3000.0,1558.673423,0.25,12
871.499977,1.0,20.0,20.0,0.0,197.024597,0.083333,0.083333,0.0,0.333333,5,1,2000.0,278.265172,0.0,12
180.750232,1.0,266.64,0.0,266.64,95.285453,1.0,0.0,1.0,0.083333,1,12,3500.0,1172.975952,0.545455,12
4107.157763,1.0,279.71,279.71,0.0,9337.271222,0.25,0.25,0.0,0.416667,8,3,5000.0,8627.985927,0.166667,12
58.313733,0.454545,499.0,0.0,499.0,0.0,0.545455,0.0,0.454545,0.0,0,6,1500.0,526.368079,0.125,11
5665.802895,1.0,0.0,0.0,0.0,10507.87257,0.0,0.0,0.0,0.416667,9,0,10500.0,1290.753615,0.0,12
1340.671346,1.0,0.0,0.0,0.0,244.036318,0.0,0.0,0.0,0.25,3,0,1500.0,514.124193,0.0,12
43.762299,1.0,422.24,347.24,75.0,0.0,1.0,0.166667,1.0,0.0,0,15,3000.0,280.83786,0.0,12
111.449845,1.0,1389.94,0.0,1389.94,0.0,1.0,0.0,1.0,0.0,0,24,1300.0,1356.270465,1.0,12
138.489138,1.0,1455.68,1237.92,217.76,0.0,1.0,1.0,0.083333,0.0,0,30,500.0,1330.92776,1.0,12
70.976464,1.0,0.0,0.0,0.0,1880.659305,0.0,0.0,0.0,0.166667,2,0,1000.0,1860.536797,0.181818,12
49.378783,0.375,542.34,542.34,0.0,0.0,0.25,0.25,0.0,0.0,0,3,2700.0,387.944071,1.0,8
4295.964134,1.0,0.0,0.0,0.0,4505.063338,0.0,0.0,0.0,0.416667,18,0,7500.0,934.137744,0.0,12
1017.071792,0.636364,0.0,0.0,0.0,4310.221199,0.0,0.0,0.0,0.25,15,0,4500.0,4992.302341,0.2,12
138.459191,1.0,327.94,0.0,327.94,0.0,1.0,0.0,1.0,0.0,0,26,5000.0,188.683162,0.0,12
289.537597,0.909091,1216.7,1216.7,0.0,0.0,0.5,0.5,0.0,0.0,0,9,5000.0,788.58998,0.0,12
74.755978,1.0,553.7,248.7,305.0,0.0,0.583333,0.333333,0.166667,0.0,0,9,1000.0,467.131192,0.2,12
16.59641,0.545455,220.48,220.48,0.0,0.0,0.083333,0.083333,0.0,0.0,0,1,5000.0,302.180025,0.0,12
51.004807,0.909091,431.93,0.0,431.93,0.0,1.0,0.0,1.0,0.0,0,17,4000.0,1089.402716,0.3,12
1489.224372,0.636364,1209.56,890.0,319.56,0.0,0.833333,0.083333,0.833333,0.0,0,11,12500.0,6831.656434,0.181818,12
57.70484,0.818182,772.46,85.0,687.46,0.0,0.833333,0.083333,0.75,0.0,0,13,4000.0,770.916661,0.5,12
99.446029,0.181818,0.0,0.0,0.0,1045.066588,0.0,0.0,0.0,0.083333,5,0,1200.0,7142.732735,1.0,12
186.054174,1.0,2126.81,1529.8,597.01,0.0,1.0,0.916667,1.0,0.0,0,27,7000.0,1998.999896,1.0,12
2948.447663,1.0,0.0,0.0,0.0,1539.285222,0.0,0.0,0.0,0.333333,13,0,3000.0,207.448103,0.0,12
127.895284,1.0,1085.16,134.9,950.26,0.0,1.0,0.25,1.0,0.0,0,29,1000.0,469.114905,0.333333,12
18.014226,0.727273,130.5,0.0,130.5,0.0,0.75,0.0,0.75,0.0,0,9,1500.0,176.874316,0.333333,12
6.86049,0.2,114.0,114.0,0.0,0.0,0.1,0.1,0.0,0.0,0,1,2000.0,1081.831337,0.0,10
1908.569743,1.0,0.0,0.0,0.0,4604.425401,0.0,0.0,0.0,0.416667,6,0,5400.0,2118.553043,0.0,12
437.735369,0.909091,483.65,483.65,0.0,0.0,0.5,0.5,0.0,0.0,0,11,6000.0,1497.949644,0.2,12
1245.976021,1.0,0.0,0.0,0.0,615.715834,0.0,0.0,0.0,0.083333,2,0,1800.0,328.825762,0.0,12
1019.133646,1.0,9249.73,2326.09,6923.64,0.0,0.833333,0.583333,0.833333,0.0,0,96,9000.0,8716.674684,0.3,12
1844.889665,1.0,1848.24,1848.24,0.0,0.0,0.75,0.75,0.0,0.0,0,12,3400.0,1239.278015,0.0,12
952.431767,0.909091,3882.65,3527.65,355.0,2101.942774,0.666667,0.583333,0.166667,0.333333,10,37,3500.0,3823.141055,0.166667,12
1848.758853,1.0,3588.13,399.76,3188.37,0.0,1.0,0.583333,1.0,0.0,0,62,6700.0,4923.193295,0.0,12
1181.852384,1.0,750.78,0.0,750.78,18.531069,0.5,0.0,0.5,0.083333,1,6,1200.0,1080.501526,0.0,12
382.870641,0.909091,2972.92,2479.1,493.82,0.0,0.75,0.666667,0.416667,0.0,0,18,1200.0,3753.091608,0.8,12
1459.803597,1.0,0.0,0.0,0.0,218.234292,0.0,0.0,0.0,0.416667,5,0,1500.0,436.226459,0.0,12
162.972111,0.909091,1586.6,0.0,1586.6,110.671623,0.833333,0.0,0.75,0.083333,1,10,2500.0,1577.161232,0.666667,12
1396.214811,1.0,3729.35,2489.35,1240.0,536.658419,1.0,1.0,0.583333,0.25,4,45,2500.0,1550.474014,0.0,12
225.282024,1.0,545.68,0.0,545.68,0.0,1.0,0.0,1.0,0.0,0,14,6500.0,1097.963345,0.083333,12
454.552808,0.454545,0.0,0.0,0.0,1091.832836,0.0,0.0,0.0,0.083333,1,0,1200.0,163.85665,0.0,12
1785.90226,1.0,0.0,0.0,0.0,129.421992,0.0,0.0,0.0,0.166667,4,0,1800.0,287.777315,0.0,12
535.291589,1.0,824.61,438.57,386.04,0.0,0.727273,0.181818,0.545455,0.0,0,20,4000.0,314.512747,0.0,11
6.697211,0.181818,64.69,64.69,0.0,0.0,0.083333,0.083333,0.0,0.0,0,2,10500.0,372.572278,0.0,12
5.377296,0.181818,69.0,69.0,0.0,0.0,0.083333,0.083333,0.0,0.0,0,1,2000.0,92.031894,0.0,12
4020.130769,1.0,79.62,79.62,0.0,5457.123658,0.083333,0.083333,0.0,0.25,23,1,9500.0,7058.832194,0.1,12
1117.33657,1.0,0.0,0.0,0.0,99.315429,0.0,0.0,0.0,0.25,4,0,1200.0,272.177301,0.0,12
15.848963,0.363636,150.0,0.0,150.0,0.0,0.25,0.0,0.166667,0.0,0,3,1600.0,119.468878,0.181818,12
900.541751,1.0,15.8,0.0,15.8,0.0,0.25,0.0,0.25,0.0,0,3,7000.0,1542.583506,0.0,12
2544.378002,1.0,1108.54,1108.54,0.0,0.0,0.583333,0.583333,0.0,0.0,0,26,3000.0,524.24945,0.0,12
1852.646433,1.0,2600.0,2200.0,400.0,3481.132679,0.333333,0.166667,0.083333,0.083333,8,4,6000.0,1362.425769,0.1,12
0.0,0.0,0.0,0.0,0.0,465.571691,0.0,0.0,0.0,0.083333,1,0,3000.0,6112.512276,0.0,12
581.24856,0.909091,556.83,484.88,71.95,0.0,0.727273,0.636364,0.090909,0.0,0,32,1500.0,328.462817,0.0,11
504.409631,1.0,338.9,199.0,139.9,0.0,0.416667,0.166667,0.166667,0.0,0,5,2500.0,829.691401,0.0,12
142.430458,1.0,1488.84,0.0,1488.84,0.0,1.0,0.0,1.0,0.0,0,24,5000.0,1450.096836,1.0,12
7057.524237,1.0,2761.76,163.0,2598.76,2317.636143,0.916667,0.166667,0.75,0.25,5,121,7000.0,3083.16422,0.0,12
958.920206,1.0,66.7,0.0,66.7,0.0,0.166667,0.0,0.166667,0.0,0,2,1000.0,302.656395,0.0,12
15.257465,0.636364,238.25,0.0,238.25,0.0,0.083333,0.0,0.083333,0.0,0,2,3000.0,4.841543,0.0,12
0.009684,0.181818,79.24,0.0,79.24,0.0,0.083333,0.0,0.083333,0.0,0,1,6000.0,688.614293,0.333333,12
385.763111,1.0,232.93,232.93,0.0,0.0,0.5,0.5,0.0,0.0,0,6,2500.0,989.738532,0.083333,12
1780.188356,1.0,845.67,31.5,814.17,4137.170984,0.75,0.166667,0.583333,1.0,71,16,2500.0,3989.545295,0.090909,12
1.841583,0.181818,67.5,0.0,67.5,0.0,0.083333,0.0,0.083333,0.0,0,1,2500.0,110.266434,0.0,12
1839.122533,1.0,1055.32,0.0,1055.32,3780.152602,0.916667,0.0,0.833333,0.25,3,19,6500.0,2842.037627,0.0,12
15.008041,1.0,108.95,49.8,59.15,0.0,0.5,0.083333,0.333333,0.0,0,6,1500.0,149.853315,0.111111,12
2106.417286,1.0,2151.93,1386.67,765.26,0.0,0.833333,0.5,0.75,0.0,0,21,4200.0,2190.962493,0.0,12
2676.263845,1.0,0.0,0.0,0.0,2328.859489,0.0,0.0,0.0,0.083333,1,0,3500.0,636.709165,0.0,12
500.219415,1.0,27.05,0.0,27.05,0.0,0.083333,0.0,0.083333,0.0,0,1,1200.0,104.687781,0.0,12
4128.31155,1.0,0.0,0.0,0.0,1674.401635,0.0,0.0,0.0,0.416667,6,0,5000.0,1082.274035,0.0,12
1018.350846,1.0,0.0,0.0,0.0,716.818927,0.0,0.0,0.0,0.090909,3,0,3000.0,263.238508,0.0,11
10.678354,0.727273,50.0,50.0,0.0,0.0,0.083333,0.083333,0.0,0.0,0,1,3000.0,71.90595,0.0,12
1273.731635,1.0,0.0,0.0,0.0,534.228453,0.0,0.0,0.0,0.166667,3,0,1500.0,755.520686,0.0,12
58.12945,1.0,576.0,0.0,576.0,0.0,1.0,0.0,1.0,0.0,0,12,1500.0,505.433563,0.416667,12
153.637431,1.0,1495.41,941.41,554.0,0.0,1.0,1.0,0.25,0.0,0,26,4500.0,1345.989788,0.727273,12
1667.146414,1.0,4343.82,3818.84,524.98,0.0,0.916667,0.75,0.666667,0.0,0,39,7500.0,3798.443473,0.0,12
1648.701838,1.0,740.7,650.9,89.8,0.0,0.5,0.5,0.166667,0.0,0,12,2500.0,885.070007,0.0,12
15.330559,0.727273,144.64,0.0,144.64,0.0,0.666667,0.0,0.666667,0.0,0,8,1000.0,198.970881,0.0,12
5772.250286,1.0,255.25,150.0,105.25,2969.93596,0.25,0.083333,0.166667,0.5,20,4,6500.0,1385.482263,0.0,12
73.704935,1.0,554.67,0.0,554.67,0.0,1.0,0.0,1.0,0.0,0,17,4000.0,578.565706,0.75,12
2933.068755,1.0,0.0,0.0,0.0,7542.177658,0.0,0.0,0.0,0.833333,20,0,10000.0,2201.09767,0.0,12
1421.419262,1.0,1669.2,274.19,1395.01,0.0,1.0,0.166667,1.0,0.0,0,65,8500.0,7684.307278,0.0,12
424.938385,1.0,4060.58,1696.94,2363.64,0.0,1.0,1.0,0.75,0.0,0,53,7500.0,4308.448155,0.833333,12
1033.371763,1.0,2361.97,1591.05,770.92,365.689536,1.0,0.583333,1.0,0.083333,1,39,3000.0,2097.161809,0.083333,12
0.0,0.0,120.0,0.0,120.0,0.0,0.333333,0.0,0.333333,0.0,0,4,4000.0,140.890144,0.0,12
5861.100691,1.0,64.71,64.71,0.0,9799.529884,0.083333,0.083333,0.0,0.583333,35,2,9000.0,7371.459399,0.083333,12
3987.467435,1.0,146.53,45.0,101.53,2665.355738,0.416667,0.083333,0.25,0.5,8,6,6000.0,1316.698331,0.0,12
1606.56766,0.818182,0.0,0.0,0.0,1173.530445,0.0,0.0,0.0,0.25,3,0,4500.0,3883.138519,0.125,12
1630.991993,1.0,578.9,0.0,578.9,145.230653,0.666667,0.0,0.583333,0.083333,1,20,2500.0,574.051951,0.0,12
95.887902,1.0,769.0,325.0,444.0,0.0,0.666667,0.416667,0.25,0.0,0,15,4000.0,958.996228,0.4,12
1804.401706,1.0,40.0,40.0,0.0,2392.281584,0.083333,0.083333,0.0,0.25,6,1,2500.0,2459.382382,0.0,12
1447.267049,1.0,0.0,0.0,0.0,77.866868,0.0,0.0,0.0,0.083333,1,0,1500.0,315.87129,0.0,12
1268.250294,1.0,167.0,167.0,0.0,1141.77504,0.083333,0.083333,0.0,0.333333,5,1,1800.0,467.080947,0.0,12
668.291862,0.545455,248.77,0.0,248.77,0.0,0.333333,0.0,0.333333,0.0,0,8,1500.0,2482.201611,0.0,12
50.853021,1.0,428.75,0.0,428.75,0.0,1.0,0.0,1.0,0.0,0,18,8000.0,319.919021,0.090909,12
241.001768,0.5,1888.88,1000.0,888.88,0.0,0.875,0.125,0.875,0.0,0,9,1000.0,3450.990535,0.4,8
157.763858,0.909091,211.07,211.07,0.0,0.0,0.25,0.25,0.0,0.0,0,4,1400.0,994.915444,0.1,12
724.854858,1.0,185.63,185.63,0.0,321.127263,0.25,0.25,0.0,0.083333,1,4,1300.0,1474.929946,0.083333,12
147.527826,0.727273,0.0,0.0,0.0,291.423252,0.0,0.0,0.0,0.181818,3,0,1200.0,114.87215,0.0,11
581.916416,1.0,5723.9,3780.51,1943.39,0.0,1.0,1.0,1.0,0.0,0,130,7500.0,5666.333186,1.0,12
5292.264382,1.0,0.0,0.0,0.0,3383.299741,0.0,0.0,0.0,0.666667,9,0,8000.0,994.210187,0.0,9
2762.536531,1.0,0.0,0.0,0.0,478.933445,0.0,0.0,0.0,0.083333,1,0,3000.0,652.759069,0.0,12
273.429593,1.0,8534.58,7875.08,659.5,0.0,0.916667,0.916667,0.75,0.0,0,116,5000.0,7512.513474,0.875,12
12.039121,1.0,274.98,0.0,274.98,0.0,1.0,0.0,0.833333,0.0,0,6,1500.0,310.575541,0.0,6
1451.993504,1.0,0.0,0.0,0.0,1739.998495,0.0,0.0,0.0,0.25,4,0,2000.0,251.384712,0.0,8
90.017392,0.909091,1247.39,427.02,820.37,0.0,0.909091,0.272727,0.818182,0.0,0,25,5000.0,762.863333,0.454545,11
0.920339,0.454545,343.4,0.0,343.4,0.0,0.833333,0.0,0.833333,0.0,0,10,3000.0,347.01723,0.0,12
1071.748626,1.0,0.0,0.0,0.0,567.817662,0.0,0.0,0.0,0.166667,2,0,3500.0,513.503781,0.0,12
303.929544,0.545455,0.0,0.0,0.0,1120.769857,0.0,0.0,0.0,0.083333,1,0,1200.0,1471.642879,0.125,12
1938.648722,1.0,0.0,0.0,0.0,2548.837078,0.0,0.0,0.0,0.333333,5,0,6000.0,1732.275197,0.0,12
79.432369,0.636364,799.83,81.0,718.83,0.0,0.583333,0.083333,0.5,0.0,0,17,3000.0,786.407104,1.0,12
670.885072,1.0,341.9,215.18,126.72,294.185703,0.833333,0.25,0.666667,0.166667,4,13,4000.0,409.29211,0.0,12
1494.69695,0.666667,0.0,0.0,0.0,3020.521475,0.0,0.0,0.0,0.5,20,0,3000.0,582.828406,0.0,6
114.361988,0.727273,2141.32,98.0,2043.32,0.0,0.666667,0.083333,0.666667,0.0,0,13,6500.0,3361.500799,0.0,12
2002.429291,1.0,3500.03,1814.42,1685.61,0.0,1.0,0.666667,1.0,0.0,0,129,6000.0,1619.62737,0.0,12
2135.646123,1.0,114.0,114.0,0.0,0.0,0.083333,0.083333,0.0,0.0,0,2,8000.0,577.415935,0.0,12
943.584041,0.875,103.0,103.0,0.0,0.0,0.125,0.125,0.0,0.0,0,1,1000.0,215.325023,0.0,8
4785.789559,1.0,0.0,0.0,0.0,8422.554694,0.0,0.0,0.0,0.875,25,0,9500.0,687.474829,0.0,8
1436.996287,1.0,0.0,0.0,0.0,73.568388,0.0,0.0,0.0,0.25,4,0,1500.0,292.521349,0.0,12
5.313086,0.545455,71.75,0.0,71.75,0.0,0.583333,0.0,0.583333,0.0,0,7,3000.0,112.61746,0.142857,12
365.48242,1.0,1618.31,1000.0,618.31,0.0,1.0,0.142857,0.857143,0.0,0,9,1000.0,1366.668756,0.333333,7
322.383609,1.0,2903.17,935.82,1967.35,0.0,1.0,0.333333,0.75,0.0,0,24,4000.0,2826.698853,0.833333,12
3497.200665,1.0,1350.13,519.8,830.33,1938.008846,0.666667,0.416667,0.583333,0.166667,3,32,4000.0,1882.437447,0.0,12
3720.59375,1.0,345.0,0.0,345.0,2529.303126,1.0,0.0,1.0,0.25,7,12,4500.0,977.281878,0.0,12
5598.352813,1.0,0.0,0.0,0.0,2698.171001,0.0,0.0,0.0,0.583333,26,0,6000.0,1421.321273,0.0,12
0.0,0.0,933.75,0.0,933.75,0.0,0.75,0.0,0.75,0.0,0,9,4000.0,0.0,0.0,12
2.777589,0.090909,0.0,0.0,0.0,135.339466,0.0,0.0,0.0,0.083333,1,0,3000.0,0.0,0.0,12
3362.979048,1.0,90.0,90.0,0.0,2093.951054,0.083333,0.083333,0.0,0.25,3,1,5000.0,1599.377333,0.0,12
563.459762,0.833333,420.06,283.36,136.7,765.914966,0.833333,0.333333,0.666667,0.666667,10,9,1200.0,70.500843,0.0,6
31.980197,0.727273,300.0,0.0,300.0,0.0,0.666667,0.0,0.583333,0.0,0,8,7500.0,214.796949,0.0,12
1964.369476,0.727273,0.0,0.0,0.0,2706.493856,0.0,0.0,0.0,0.083333,1,0,3000.0,636.224436,0.0,12
740.704213,0.545455,1311.76,524.8,786.96,0.0,0.416667,0.083333,0.333333,0.0,0,14,3500.0,5149.432038,0.0,12
991.949111,1.0,945.43,945.43,0.0,0.0,0.583333,0.583333,0.0,0.0,0,10,1500.0,1448.269927,0.0,12
37.615084,0.909091,229.5,0.0,229.5,0.0,0.5,0.0,0.416667,0.0,0,6,6000.0,229.256141,0.444444,12
2266.220776,1.0,125.32,125.32,0.0,434.011893,0.083333,0.083333,0.0,0.083333,1,1,3000.0,657.190307,0.0,12
262.25861,1.0,2269.74,614.5,1655.24,292.97442,1.0,0.416667,1.0,0.083333,1,41,3000.0,2239.223522,1.0,12
14.5923,1.0,200.4,0.0,200.4,0.0,1.0,0.0,1.0,0.0,0,12,4000.0,196.541494,0.454545,12
833.541256,1.0,0.0,0.0,0.0,1422.637361,0.0,0.0,0.0,0.333333,8,0,2500.0,180.104404,0.0,12
116.172752,0.111111,0.0,0.0,0.0,1867.994674,0.0,0.0,0.0,0.111111,6,0,3000.0,0.0,0.0,9
478.520473,0.727273,768.96,368.96,400.0,2604.390666,0.25,0.083333,0.166667,0.333333,9,3,5000.0,2465.151762,0.363636,12
1018.811119,1.0,3137.2,1737.1,1400.1,0.0,1.0,0.666667,1.0,0.0,0,57,6500.0,4106.558919,0.0,12
2827.367195,1.0,678.32,195.0,483.32,175.567183,0.333333,0.083333,0.25,0.083333,1,9,3000.0,1223.23593,0.0,12
1529.318797,1.0,678.44,0.0,678.44,36.989392,0.75,0.0,0.666667,0.083333,1,17,1500.0,731.943501,0.0,12
2670.123456,1.0,3103.57,1587.68,1515.89,3780.101366,1.0,0.333333,1.0,0.166667,3,44,7500.0,1865.73836,0.090909,12
481.961018,0.909091,967.23,585.5,381.73,6718.127621,0.25,0.166667,0.166667,0.666667,19,15,1400.0,9282.027007,0.571429,12
72.087172,1.0,607.36,607.36,0.0,0.0,1.0,1.0,0.0,0.0,0,12,5500.0,554.770836,1.0,12
87.887472,1.0,1282.73,0.0,1282.73,0.0,0.916667,0.0,0.916667,0.0,0,11,3500.0,1347.51278,0.818182,12
5194.184491,1.0,73.42,73.42,0.0,1101.178394,0.083333,0.083333,0.0,0.166667,3,1,9500.0,1465.747485,0.0,12
216.705656,1.0,1442.9,424.6,1018.3,0.0,1.0,0.666667,0.833333,0.0,0,29,4000.0,1111.898226,1.0,6
18.400472,0.166667,0.0,0.0,0.0,186.853063,0.0,0.0,0.0,0.166667,1,0,4494.449450364621,9.040017,0.0,6
5829.92767,1.0,0.0,0.0,0.0,306.064982,0.0,0.0,0.0,0.25,4,0,6500.0,1438.89528,0.0,12
830.51605,1.0,1059.04,799.04,260.0,0.0,0.5,0.333333,0.25,0.0,0,8,3000.0,182.53903,0.0,12
88.012898,0.545455,975.0,0.0,975.0,0.0,0.583333,0.0,0.583333,0.0,0,11,2725.0,1930.437135,0.857143,12
77.523872,1.0,325.0,0.0,325.0,117.402685,0.833333,0.0,0.75,0.166667,2,10,6500.0,408.437645,0.166667,12
8073.052656,1.0,2588.69,1592.99,995.7,1857.729049,1.0,0.833333,0.833333,0.333333,9,39,11500.0,2435.285131,0.0,12
72.76697,1.0,0.0,0.0,0.0,952.855308,0.0,0.0,0.0,0.083333,1,0,2500.0,945.465018,0.090909,12
8.285344,0.142857,72.52,72.52,0.0,0.0,0.142857,0.142857,0.0,0.0,0,1,3000.0,0.0,0.0,7
1207.768239,1.0,0.0,0.0,0.0,944.367262,0.0,0.0,0.0,0.25,8,0,1200.0,1106.479425,0.0,12
470.593325,1.0,6743.31,6182.78,560.53,0.0,1.0,1.0,0.666667,0.0,0,122,3200.0,4369.008441,0.666667,12
1915.675716,1.0,855.27,855.27,0.0,0.0,0.545455,0.545455,0.0,0.0,0,8,6200.0,519.064499,0.0,11
1283.81226,1.0,166.9,166.9,0.0,959.09202,0.166667,0.166667,0.0,0.666667,20,6,1200.0,1363.547891,0.0,12
1322.579742,1.0,453.0,453.0,0.0,0.0,0.5,0.5,0.0,0.0,0,7,1800.0,616.31303,0.0,12
1753.27998,1.0,245.85,245.85,0.0,468.567126,0.333333,0.333333,0.0,0.25,5,4,1800.0,955.297792,0.0,12
1663.492233,1.0,3415.39,2355.11,1060.28,4152.202096,1.0,0.666667,1.0,0.416667,7,44,8500.0,4768.332744,0.0,12
528.651164,1.0,4978.23,2870.42,2107.81,0.0,0.916667,0.833333,0.5,0.0,0,60,6000.0,4465.155013,0.916667,12
6.226972,0.181818,54.0,0.0,54.0,0.0,0.166667,0.0,0.083333,0.0,0,2,3000.0,0.0,0.0,12
2517.38247,1.0,320.0,320.0,0.0,2357.815693,0.166667,0.166667,0.0,0.5,5,2,2500.0,552.896593,0.0,6
1453.608861,1.0,4656.79,3853.49,803.3,0.0,1.0,1.0,0.5,0.0,0,70,11500.0,1158.648328,0.0,12
1002.93543,1.0,1056.33,0.0,1056.33,0.0,1.0,0.0,1.0,0.0,0,42,2200.0,1108.476353,0.0,12
1344.982445,1.0,224.54,0.0,224.54,0.0,0.5,0.0,0.5,0.0,0,18,1500.0,619.063466,0.0,12
50.366106,0.363636,507.57,507.57,0.0,0.0,0.083333,0.083333,0.0,0.0,0,2,6000.0,503.254349,0.0,12
3570.596193,1.0,150.46,0.0,150.46,3381.913668,0.181818,0.0,0.090909,0.272727,7,2,6500.0,1233.301038,0.0,11
4364.016237,1.0,2711.9,2711.9,0.0,908.150316,1.0,1.0,0.0,0.083333,1,12,9500.0,2428.395411,0.0,12
1207.320442,0.9,359.0,359.0,0.0,0.0,0.4,0.4,0.0,0.0,0,4,3000.0,239.704238,0.0,10
138.537976,0.333333,987.45,987.45,0.0,0.0,0.333333,0.333333,0.0,0.0,0,12,3000.0,0.0,0.0,6
1155.338824,0.909091,5744.03,4055.8,1688.23,0.0,0.5,0.083333,0.416667,0.0,0,11,6000.0,3684.789911,0.0,12
30.327329,0.909091,284.34,0.0,284.34,0.0,0.333333,0.0,0.25,0.0,0,6,1200.0,269.948292,0.272727,12
30.692503,0.454545,205.06,0.0,607.76,0.0,0.916667,0.0,1.0,0.0,0,35,4500.0,163.982192,0.0,12
805.368458,1.0,0.0,0.0,0.0,1257.626787,0.0,0.0,0.0,0.333333,7,0,1000.0,1515.789235,0.083333,12
638.163467,1.0,1202.72,904.2,298.52,716.190021,0.833333,0.416667,0.75,0.25,3,23,3000.0,2857.881585,0.166667,12
264.869295,1.0,940.0,940.0,0.0,0.0,0.166667,0.166667,0.0,0.0,0,2,6000.0,753.034035,0.0,12
576.890374,1.0,1081.0,1081.0,0.0,0.0,0.25,0.25,0.0,0.0,0,3,6000.0,513.64046,0.0,12
27.17079,0.909091,275.0,0.0,275.0,0.0,0.833333,0.0,0.833333,0.0,0,10,3000.0,299.572759,0.8,12
2292.952733,1.0,0.0,0.0,0.0,523.015459,0.0,0.0,0.0,0.166667,2,0,2500.0,976.79165,0.0,12
3830.603522,1.0,1257.16,841.0,416.16,2929.077889,1.0,0.083333,0.916667,0.166667,4,26,7500.0,887.037084,0.0,12
690.625555,1.0,666.6,0.0,666.6,0.0,1.0,0.0,1.0,0.0,0,12,6000.0,1130.376548,0.0,12
566.477136,1.0,5370.39,1129.3,4241.09,0.0,1.0,0.5,1.0,0.0,0,60,5700.0,4124.004704,0.5,12
1158.01315,1.0,170.0,170.0,0.0,299.89919,0.083333,0.083333,0.0,0.25,3,1,1200.0,525.816276,0.0,12
145.320241,0.636364,530.81,0.0,530.81,0.0,0.583333,0.0,0.5,0.0,0,7,5500.0,143.114001,0.0,12
3619.986054,1.0,0.0,0.0,0.0,1483.6368,0.0,0.0,0.0,0.75,17,0,13000.0,942.812569,0.0,12
118.941982,0.285714,1250.0,0.0,1250.0,0.0,0.714286,0.0,0.714286,0.0,0,5,3000.0,1130.438324,0.0,7
1793.954788,1.0,0.0,0.0,0.0,93.199729,0.0,0.0,0.0,0.083333,1,0,2500.0,508.613001,0.0,12
186.020599,0.714286,269.85,211.8,58.05,1115.885225,0.714286,0.142857,0.571429,0.428571,5,6,2000.0,174.556187,0.333333,7
1414.47232,0.636364,331.52,331.52,0.0,57.691122,0.166667,0.166667,0.0,0.083333,1,2,7500.0,3321.020515,0.0,12
385.841997,1.0,24.63,0.0,24.63,0.0,0.416667,0.0,0.416667,0.0,0,5,4500.0,1349.938041,0.0,12
306.539753,0.909091,2684.5,299.5,2385.0,0.0,0.75,0.083333,0.666667,0.0,0,10,6000.0,2855.153528,1.0,12
12.132712,0.8,244.18,0.0,244.18,0.0,1.0,0.0,1.0,0.0,0,10,2500.0,231.239325,1.0,10
330.068448,1.0,2441.21,0.0,2441.21,0.0,0.833333,0.0,0.833333,0.0,0,21,1500.0,2816.104753,0.916667,12
1121.018433,1.0,0.0,0.0,0.0,410.041428,0.0,0.0,0.0,0.083333,2,0,1500.0,858.248769,0.0,12
133.957441,0.571429,128.5,0.0,128.5,357.492328,0.142857,0.0,0.142857,0.142857,2,1,1500.0,507.934017,0.0,7
1057.699883,1.0,229.74,216.17,13.57,768.99315,0.5,0.5,0.083333,0.333333,4,7,1500.0,307.755667,0.0,12
7907.725211,1.0,1685.19,1552.31,132.88,8253.390661,0.833333,0.75,0.166667,0.416667,14,27,18500.0,19841.25737,0.090909,12
61.159113,0.818182,981.49,381.49,600.0,0.0,0.916667,0.833333,0.333333,0.0,0,21,7000.0,873.241146,0.4,12
1191.749595,1.0,0.0,0.0,0.0,1242.647518,0.0,0.0,0.0,0.166667,2,0,2500.0,387.341388,0.0,12
15.577506,1.0,143.76,0.0,143.76,0.0,1.0,0.0,0.916667,0.0,0,12,1000.0,124.753548,0.3,12
2.641101,1.0,9.68,0.0,9.68,0.0,0.083333,0.0,0.083333,0.0,0,1,8000.0,72.282497,0.0,12
4060.710208,0.727273,22500.0,0.0,22500.0,0.0,0.5,0.0,0.416667,0.0,0,12,23000.0,8760.860264,0.0,12
909.846336,0.875,590.0,590.0,0.0,1557.373205,0.375,0.375,0.0,0.25,5,5,2500.0,750.556869,0.0,8
894.357857,1.0,1164.0,0.0,1164.0,0.0,1.0,0.0,1.0,0.0,0,12,2000.0,907.603723,0.0,12
801.703734,1.0,387.77,0.0,387.77,0.0,0.583333,0.0,0.583333,0.0,0,7,2500.0,1480.676383,0.0,12
267.253822,1.0,2326.71,1333.71,993.0,457.383814,1.0,0.75,0.916667,0.083333,2,27,16000.0,2803.060431,1.0,12
291.598301,0.454545,0.0,0.0,0.0,1118.361104,0.0,0.0,0.0,0.083333,2,0,3000.0,1174.005094,0.083333,12
660.468854,1.0,0.0,0.0,0.0,1334.235174,0.0,0.0,0.0,0.583333,8,0,1700.0,205.396282,0.0,12
128.365782,1.0,1003.2,816.07,187.13,0.0,1.0,0.916667,0.416667,0.0,0,27,7000.0,1057.647019,0.75,12
3267.962664,1.0,1910.51,0.0,1910.51,0.0,1.0,0.0,1.0,0.0,0,65,3000.0,2553.372888,0.0,12
437.609832,1.0,0.0,0.0,0.0,1340.127945,0.0,0.0,0.0,0.166667,3,0,1200.0,1569.501192,0.090909,12
2701.540547,1.0,0.0,0.0,0.0,932.369762,0.0,0.0,0.0,0.25,4,0,3000.0,1065.255189,0.0,12
2427.756294,1.0,0.0,0.0,0.0,2995.177193,0.0,0.0,0.0,0.25,19,0,5000.0,477.894327,0.0,12
239.101942,1.0,750.0,0.0,750.0,1299.253842,0.857143,0.0,0.714286,0.285714,3,6,6500.0,2021.846497,0.428571,7
1500.810722,1.0,2340.87,1975.55,365.32,0.0,0.916667,0.833333,0.5,0.0,0,31,5500.0,348.740817,0.0,12
3425.949762,1.0,0.0,0.0,0.0,2601.134743,0.0,0.0,0.0,0.416667,7,0,4000.0,1114.681017,0.0,12
103.792136,1.0,1607.84,168.27,1439.57,0.0,1.0,0.083333,1.0,0.0,0,38,7000.0,1563.287264,0.833333,12
1621.345326,1.0,5167.6,4246.5,921.1,0.0,1.0,1.0,0.833333,0.0,0,52,5000.0,2721.870415,0.0,12
250.258381,0.727273,486.94,486.94,0.0,1131.986387,0.25,0.25,0.0,0.083333,1,3,4500.0,2837.08595,0.333333,12
663.394569,0.875,1208.7,1025.94,182.76,0.0,0.875,0.25,0.75,0.0,0,19,1500.0,662.519566,0.0,8
96.820999,0.272727,928.53,611.04,317.49,148.450478,0.25,0.25,0.166667,0.083333,2,13,3000.0,1827.504821,1.0,12
636.142309,1.0,4659.65,3377.15,1282.5,0.0,1.0,0.916667,0.666667,0.0,0,46,6000.0,4622.217377,0.25,12
16115.5964,1.0,684.74,105.3,579.44,4354.002428,1.0,0.083333,1.0,0.583333,15,15,18000.0,3546.06155,0.0,12
5238.915225,1.0,270.0,270.0,0.0,2706.554295,0.166667,0.166667,0.0,0.666667,14,3,6000.0,1259.203988,0.0,12
2172.893325,0.909091,416.74,0.0,416.74,0.0,0.416667,0.0,0.333333,0.0,0,5,3000.0,3905.486286,0.1,12
1143.333419,1.0,0.0,0.0,0.0,267.402242,0.0,0.0,0.0,0.083333,1,0,2500.0,588.789066,0.0,12
1595.980444,1.0,0.0,0.0,0.0,138.761295,0.0,0.0,0.0,0.333333,4,0,2400.0,351.305519,0.0,12
288.097302,1.0,2622.6,0.0,2622.6,0.0,1.0,0.0,1.0,0.0,0,12,450.0,2718.47954,0.833333,12
7268.70638,1.0,306.91,306.91,0.0,12702.4277,0.272727,0.272727,0.0,1.0,93,4,12000.0,3512.633784,0.0,11
15.449607,0.818182,574.75,0.0,574.75,0.0,1.0,0.0,0.909091,0.0,0,11,1000.0,560.219458,0.0,11
1903.274531,0.545455,1813.4,0.0,1813.4,3795.101004,0.5,0.0,0.416667,0.083333,1,14,4000.0,1959.916433,0.0,12
1102.63215,1.0,1409.31,1080.18,329.13,0.0,0.666667,0.25,0.583333,0.0,0,13,8500.0,874.024544,0.0,12
21.881383,1.0,123.48,0.0,123.48,0.0,1.0,0.0,0.833333,0.0,0,6,1500.0,87.868362,0.5,6
2.585715,0.090909,70.0,70.0,0.0,0.0,0.083333,0.083333,0.0,0.0,0,1,2000.0,396.435632,0.0,12
1182.28075,1.0,0.0,0.0,0.0,19.326352,0.0,0.0,0.0,0.090909,1,0,1200.0,254.727472,0.0,11
66.842287,1.0,908.34,723.02,185.32,0.0,1.0,1.0,0.083333,0.0,0,14,6500.0,788.60284,0.5,12
4476.634442,1.0,0.0,0.0,0.0,6118.973106,0.0,0.0,0.0,0.416667,20,0,6000.0,3395.637883,0.0,12
6069.720873,1.0,0.0,0.0,0.0,3189.058341,0.0,0.0,0.0,0.166667,2,0,12000.0,3357.944033,0.0,12
536.027158,1.0,0.0,0.0,0.0,1057.951828,0.0,0.0,0.0,0.166667,3,0,1200.0,1326.002237,0.0,12
5044.179003,1.0,966.6,0.0,966.6,774.254505,1.0,0.0,1.0,0.083333,3,48,4500.0,3332.360525,0.0,12
97.16839,1.0,1639.92,0.0,1639.92,0.0,1.0,0.0,1.0,0.0,0,12,2150.0,1620.285733,0.083333,12
1339.008889,1.0,0.0,0.0,0.0,1982.368623,0.0,0.0,0.0,0.125,1,0,2500.0,1331.706743,0.0,8
2786.743524,1.0,231.63,86.63,145.0,0.0,0.5,0.166667,0.25,0.0,0,6,3000.0,711.838166,0.0,12
28.413136,0.727273,215.94,0.0,215.94,0.0,0.5,0.0,0.5,0.0,0,12,4000.0,331.529307,0.777778,12
37.261373,1.0,498.65,51.05,447.6,0.0,1.0,0.083333,1.0,0.0,0,29,7000.0,487.168856,0.666667,12
11.116861,1.0,168.0,0.0,168.0,0.0,1.0,0.0,1.0,0.0,0,12,5500.0,154.705191,0.083333,12
6.420394,0.363636,136.72,0.0,136.72,0.0,0.333333,0.0,0.333333,0.0,0,4,2500.0,361.012758,0.8,12
135.856693,0.75,843.95,198.0,645.95,0.0,0.75,0.25,0.625,0.0,0,25,1200.0,862.494363,1.0,8
13.792103,0.909091,600.0,600.0,0.0,0.0,0.083333,0.083333,0.0,0.0,0,1,4500.0,607.677726,0.0,12
2116.845833,1.0,898.34,0.0,898.34,256.376109,0.916667,0.0,0.916667,0.166667,2,11,2500.0,1786.497369,0.0,12
135.794123,0.909091,880.28,0.0,880.28,0.0,0.833333,0.0,0.833333,0.0,0,22,6000.0,1550.332412,0.727273,12
243.182403,1.0,2687.48,398.67,2288.81,0.0,1.0,0.333333,1.0,0.0,0,67,5500.0,2349.060843,1.0,12
7468.01201,1.0,1569.41,796.07,773.34,4500.288676,0.545455,0.454545,0.363636,0.272727,7,10,8700.0,2162.94335,0.0,11
7395.88757,1.0,0.0,0.0,0.0,4507.523293,0.0,0.0,0.0,1.0,31,0,8500.0,2902.821241,0.0,12
364.219107,0.818182,142.52,142.52,0.0,654.345476,0.083333,0.083333,0.0,0.25,6,2,2500.0,621.956899,0.0,12
53.173349,0.545455,60.0,60.0,0.0,277.129953,0.083333,0.083333,0.0,0.083333,1,1,1200.0,2202.149777,0.0,12
1173.949821,1.0,785.69,785.69,0.0,0.0,0.416667,0.416667,0.0,0.0,0,8,1200.0,473.659122,0.0,12
1543.205532,1.0,1027.57,927.57,100.0,0.0,0.416667,0.333333,0.083333,0.0,0,13,6000.0,319.878647,0.0,12
467.345479,1.0,46.74,0.0,46.74,0.0,0.166667,0.0,0.166667,0.0,0,2,2500.0,122.054178,0.0,12
303.054817,0.636364,894.4,609.4,285.0,0.0,0.636364,0.363636,0.454545,0.0,0,12,4000.0,183.620398,0.0,11
5481.738308,1.0,0.0,0.0,0.0,8896.92309,0.0,0.0,0.0,1.0,80,0,9000.0,13652.75432,0.0,12
1952.189994,1.0,297.59,99.59,198.0,55.219714,0.5,0.083333,0.416667,0.166667,2,7,2500.0,634.780319,0.0,12
0.0,0.0,54.85,0.0,54.85,0.0,0.333333,0.0,0.333333,0.0,0,5,5000.0,75.750562,0.0,12
19.962737,1.0,287.4,0.0,287.4,0.0,1.0,0.0,1.0,0.0,0,12,3000.0,276.339695,0.833333,12
1773.484195,1.0,0.0,0.0,0.0,1578.889669,0.0,0.0,0.0,0.25,3,0,3000.0,442.578729,0.0,12
1734.688041,1.0,0.0,0.0,0.0,158.851964,0.0,0.0,0.0,0.166667,2,0,1800.0,363.842433,0.0,12
927.294609,1.0,364.74,151.42,213.32,0.0,0.75,0.166667,0.583333,0.0,0,16,1000.0,442.174198,0.0,12
1248.193121,1.0,40.13,0.0,40.13,0.0,0.083333,0.0,0.083333,0.0,0,1,1750.0,293.330975,0.0,12
467.287934,1.0,4327.92,78.0,4249.92,0.0,1.0,0.083333,1.0,0.0,0,13,3000.0,4214.565847,0.75,12
1450.959629,0.444444,0.0,0.0,0.0,3419.81768,0.0,0.0,0.0,0.222222,4,0,4000.0,446.092673,0.0,9
34.195309,1.0,211.56,0.0,211.56,0.0,1.0,0.0,1.0,0.0,0,12,1000.0,188.66041,0.5,12
3028.512053,1.0,0.0,0.0,0.0,353.51025,0.0,0.0,0.0,0.583333,10,0,3000.0,820.085077,0.0,12
886.65747,1.0,1440.48,1440.48,0.0,0.0,1.0,1.0,0.0,0.0,0,13,1800.0,309.644014,0.0,12
692.529504,1.0,404.0,404.0,0.0,0.0,0.166667,0.166667,0.0,0.0,0,2,6400.0,787.236366,0.0,12
952.952011,1.0,39.58,39.58,0.0,663.05871,0.083333,0.083333,0.0,0.083333,3,1,1800.0,1665.457998,0.0,12
2056.866139,1.0,3373.7,3373.7,0.0,0.0,0.833333,0.833333,0.0,0.0,0,31,7000.0,2647.183713,0.0,12
566.928754,0.909091,903.0,903.0,0.0,0.0,0.090909,0.090909,0.0,0.0,0,1,1500.0,751.551966,0.0,11
1395.907515,1.0,962.12,962.12,0.0,0.0,0.583333,0.583333,0.0,0.0,0,20,1600.0,1081.988109,0.0,12
18.606861,0.636364,302.5,0.0,302.5,0.0,0.75,0.0,0.666667,0.0,0,17,3000.0,705.81092,0.333333,12
8419.737786,1.0,3050.48,1475.56,1574.92,2127.489462,1.0,1.0,1.0,0.25,5,67,12300.0,3298.741768,0.0,12
5.168354,0.181818,69.0,29.0,40.0,0.0,0.083333,0.083333,0.083333,0.0,0,3,5000.0,167.350713,0.181818,12
7030.446043,1.0,3747.12,1053.08,2694.04,266.710051,1.0,0.25,1.0,0.083333,1,70,14000.0,1968.080891,0.0,12
7091.028361,1.0,0.0,0.0,0.0,2137.809373,0.0,0.0,0.0,0.25,5,0,8500.0,1835.361842,0.0,12
1478.552756,1.0,479.1,311.1,168.0,901.677781,0.5,0.416667,0.5,0.083333,1,11,4500.0,4774.597215,0.0,12
985.457755,1.0,672.31,103.0,569.31,0.0,1.0,0.166667,1.0,0.0,0,17,2500.0,1656.974517,0.0,12
767.708957,1.0,1730.6,661.45,1069.15,0.0,1.0,0.571429,0.857143,0.0,0,45,4000.0,341.459733,0.0,7
8670.048011,1.0,0.0,0.0,0.0,7738.744823,0.0,0.0,0.0,0.666667,17,0,12500.0,10496.24166,0.0,12
26.767358,0.6,190.0,90.0,100.0,0.0,0.5,0.1,0.3,0.0,0,7,1200.0,270.6586,0.0,10
878.010252,0.833333,4085.23,3705.15,380.08,0.0,0.833333,0.833333,0.666667,0.0,0,43,20000.0,4036.028203,1.0,6
2409.236843,1.0,990.15,772.6,217.55,0.0,0.75,0.416667,0.416667,0.0,0,26,8000.0,707.712681,0.0,12
2891.678357,0.454545,0.0,0.0,0.0,7981.152983,0.0,0.0,0.0,0.083333,4,0,10000.0,1379.83404,0.0,12
21.409828,1.0,149.71,0.0,149.71,0.0,0.916667,0.0,0.916667,0.0,0,11,1500.0,141.974905,0.166667,12
1268.584315,1.0,1835.93,255.32,1580.61,674.180105,1.0,0.25,1.0,0.083333,1,30,1200.0,3021.605454,0.083333,12
3509.710886,1.0,0.0,0.0,0.0,3448.87085,0.0,0.0,0.0,0.090909,1,0,6000.0,811.884107,0.0,11
2.566385,0.454545,0.0,0.0,0.0,294.434643,0.0,0.0,0.0,0.083333,1,0,1300.0,379.556939,0.0,12
879.987974,1.0,1517.56,1507.56,10.0,0.0,0.583333,0.583333,0.083333,0.0,0,15,1700.0,1812.402979,0.166667,12
868.331112,1.0,1167.15,864.28,302.87,748.152104,1.0,0.25,1.0,0.25,4,26,3000.0,704.323375,0.083333,12
3093.592745,1.0,47.69,82.41,0.0,1438.951061,0.166667,0.083333,0.0,0.583333,15,1,4100.0,4591.237633,0.0,12
1879.694262,1.0,832.67,694.73,137.94,0.0,0.583333,0.25,0.333333,0.0,0,22,2000.0,873.931715,0.0,12
6372.182817,1.0,22101.78,22101.78,0.0,19513.47483,0.333333,0.333333,0.0,0.666667,35,40,7500.0,39461.9658,0.25,12
1235.224095,1.0,637.28,10.0,627.28,0.0,1.0,0.083333,0.916667,0.0,0,13,1500.0,742.382146,0.0,12
4800.168978,1.0,0.0,0.0,0.0,4491.730795,0.0,0.0,0.0,0.272727,11,0,9000.0,1134.482984,0.0,11
704.910363,1.0,500.5,225.5,275.0,851.158327,1.0,0.166667,1.0,0.333333,6,18,1200.0,1713.299924,0.0,12
1340.551352,1.0,427.96,331.96,96.0,618.344755,0.5,0.333333,0.416667,0.166667,4,12,1500.0,326.956073,0.0,12
923.977036,1.0,0.0,0.0,0.0,6616.555691,0.0,0.0,0.0,0.416667,6,0,2500.0,5155.088326,0.2,12
182.171771,1.0,270.65,45.65,225.0,0.0,0.833333,0.083333,0.75,0.0,0,10,1000.0,216.489485,0.0,12
22.689289,0.818182,360.6,160.6,200.0,0.0,0.666667,0.166667,0.416667,0.0,0,9,4500.0,415.618854,0.857143,12
1184.971992,1.0,0.0,0.0,0.0,4743.715012,0.0,0.0,0.0,0.5,10,0,3000.0,2355.267462,0.0,12
4375.764064,1.0,1016.41,0.0,1016.41,252.583938,0.916667,0.0,0.833333,0.083333,1,12,10000.0,1133.806322,0.0,12
444.519756,1.0,302.4,0.0,302.4,1955.504366,0.333333,0.0,0.25,0.166667,4,6,3000.0,2579.035502,0.166667,12
1383.72609,1.0,0.0,0.0,0.0,148.185304,0.0,0.0,0.0,0.166667,2,0,1500.0,298.943957,0.0,12
4738.804194,1.0,0.0,0.0,0.0,3814.313134,0.0,0.0,0.0,0.833333,27,0,7000.0,1374.849589,0.0,12
389.835298,0.818182,0.0,0.0,0.0,2101.740346,0.0,0.0,0.0,0.5,7,0,3000.0,2236.589562,0.0,12
455.452678,0.909091,1301.25,1301.25,0.0,0.0,0.5,0.5,0.0,0.0,0,9,1500.0,472.453467,0.0,12
658.6552,1.0,629.99,629.99,0.0,0.0,0.083333,0.083333,0.0,0.0,0,1,6000.0,353.862252,0.0,12
5058.555256,1.0,0.0,0.0,0.0,2915.339463,0.0,0.0,0.0,0.666667,8,0,7000.0,1689.268612,0.0,12
42.51225,0.272727,523.15,75.2,447.95,0.0,0.25,0.083333,0.25,0.0,0,7,2000.0,925.820102,1.0,12
21.187313,0.272727,319.41,0.0,319.41,0.0,0.25,0.0,0.166667,0.0,0,6,6000.0,135.546054,0.083333,12
570.552082,1.0,3179.69,1258.99,1920.7,0.0,1.0,0.25,0.833333,0.0,0,28,5000.0,3067.833591,0.416667,12
3.319222,0.181818,47.05,0.0,47.05,0.0,0.083333,0.0,0.083333,0.0,0,1,1900.0,511.105425,1.0,12
2899.781468,1.0,223.62,193.94,29.68,507.263645,0.333333,0.25,0.166667,0.083333,2,6,3000.0,1059.352415,0.0,12
1278.829156,1.0,0.0,0.0,0.0,2425.727213,0.0,0.0,0.0,0.166667,6,0,4000.0,445.436177,0.0,12
1368.906278,1.0,0.0,0.0,0.0,5809.802917,0.0,0.0,0.0,0.166667,8,0,6000.0,322.580506,0.0,12
1859.165344,1.0,0.0,0.0,0.0,1543.160715,0.0,0.0,0.0,0.083333,5,0,3500.0,310.775643,0.0,12
1413.865738,1.0,313.03,313.03,0.0,1405.693267,0.25,0.25,0.0,0.166667,3,4,1800.0,1467.766461,0.0,12
205.409896,0.909091,0.0,0.0,0.0,1903.840296,0.0,0.0,0.0,0.25,3,0,1500.0,779.245735,0.125,12
2527.531968,1.0,720.16,720.16,0.0,4783.105548,0.5,0.5,0.0,0.416667,15,13,3000.0,3866.435107,0.090909,12
1022.71734,1.0,120.09,120.09,0.0,0.0,0.083333,0.083333,0.0,0.0,0,1,2500.0,368.7253,0.0,12
3078.059784,1.0,0.0,0.0,0.0,4403.683518,0.0,0.0,0.0,0.333333,8,0,6000.0,6043.227704,0.083333,12
1064.308102,1.0,1067.32,242.38,824.94,3608.38187,0.833333,0.25,0.666667,0.083333,1,13,6000.0,4770.998795,0.083333,12
1204.686047,1.0,0.0,0.0,0.0,2212.929045,0.0,0.0,0.0,0.75,20,0,3500.0,1668.247356,0.0,12
40.247238,0.181818,0.0,0.0,0.0,909.480894,0.0,0.0,0.0,0.083333,2,0,1500.0,3578.648701,1.0,12
2722.600219,1.0,0.0,0.0,0.0,234.473649,0.0,0.0,0.0,0.083333,2,0,3000.0,638.102089,0.0,12
90.953335,0.888889,921.02,317.74,603.28,0.0,0.888889,0.111111,0.777778,0.0,0,9,2500.0,782.67882,0.777778,9
165.721899,1.0,231.51,115.0,116.51,0.0,0.833333,0.166667,0.75,0.0,0,24,4300.0,90.964048,0.0,12
738.656748,1.0,0.0,0.0,0.0,1417.01143,0.0,0.0,0.0,0.25,3,0,3000.0,170.645351,0.0,12
3182.968599,1.0,2502.46,2455.79,46.67,1837.023964,0.833333,0.833333,0.166667,0.5,22,53,5500.0,2170.561697,0.0,12
44.586199,0.272727,413.7,0.0,413.7,0.0,0.166667,0.0,0.166667,0.0,0,4,2500.0,2271.738188,0.0,12
3221.105151,1.0,3447.55,1450.0,1997.55,0.0,1.0,0.166667,1.0,0.0,0,40,9500.0,5401.287094,0.0,12
45.869314,0.363636,0.0,0.0,0.0,566.943998,0.0,0.0,0.0,0.25,10,0,4500.0,238.152441,0.0,12
2089.997028,1.0,2576.0,2576.0,0.0,0.0,0.25,0.25,0.0,0.0,0,4,5700.0,574.514857,0.0,12
2017.314401,1.0,4311.85,1259.88,3051.97,0.0,1.0,0.666667,1.0,0.0,0,121,12000.0,5430.633936,0.0,12
1719.048074,1.0,2115.79,1395.05,720.74,0.0,1.0,0.583333,0.666667,0.0,0,34,9000.0,4450.197966,0.0,12
875.649126,1.0,0.0,0.0,0.0,748.125667,0.0,0.0,0.0,0.166667,3,0,1200.0,860.788124,0.0,12
268.82613,0.454545,0.0,0.0,0.0,2793.801452,0.0,0.0,0.0,0.166667,2,0,6000.0,6801.790399,1.0,12
1906.283349,1.0,4016.42,1058.18,2958.24,0.0,1.0,0.583333,1.0,0.0,0,35,8000.0,1344.622375,0.0,12
2686.595082,1.0,282.52,282.52,0.0,0.0,0.416667,0.416667,0.0,0.0,0,5,3000.0,3747.500925,0.083333,12
99.508886,0.636364,248.72,225.39,23.33,198.923306,0.25,0.166667,0.083333,0.166667,3,3,1500.0,275.248686,0.083333,12
1038.573059,1.0,1023.76,855.9,167.86,0.0,0.909091,0.272727,0.818182,0.0,0,18,1600.0,811.701446,0.0,11
5678.479456,1.0,0.0,0.0,0.0,2677.463375,0.0,0.0,0.0,0.666667,35,0,9500.0,1259.720956,0.0,12
788.5958,1.0,3858.06,3678.81,179.25,974.547645,0.916667,0.833333,0.166667,0.333333,6,44,7050.0,8123.060053,0.444444,12
2933.387442,0.727273,0.0,0.0,0.0,3317.250842,0.0,0.0,0.0,0.25,5,0,6500.0,9317.533927,0.125,12
1322.005771,1.0,0.0,0.0,0.0,159.292225,0.0,0.0,0.0,0.25,3,0,1500.0,404.269442,0.0,12
286.686616,0.090909,0.0,0.0,0.0,3742.712482,0.0,0.0,0.0,0.083333,2,0,4000.0,0.0,0.0,12
485.507827,0.875,0.0,0.0,0.0,455.227731,0.0,0.0,0.0,0.125,1,0,2000.0,794.426157,0.0,8
216.716507,1.0,0.0,0.0,0.0,810.792285,0.0,0.0,0.0,0.25,3,0,1800.0,1308.537026,0.25,12
239.446482,0.636364,0.0,0.0,0.0,698.096182,0.0,0.0,0.0,0.25,8,0,2000.0,351.850485,0.166667,12
91.861479,1.0,939.51,0.0,939.51,0.0,0.916667,0.0,0.833333,0.0,0,11,3000.0,874.020918,1.0,12
27.716642,0.1,0.0,0.0,0.0,480.104401,0.0,0.0,0.0,0.1,1,0,5000.0,0.0,0.0,10
1030.914048,1.0,1083.44,1083.44,0.0,1342.617687,1.0,1.0,0.0,0.333333,5,48,1200.0,2574.978162,0.083333,12
391.755763,1.0,575.72,400.72,175.0,0.0,0.833333,0.416667,0.5,0.0,0,13,10500.0,1631.594511,0.333333,12
126.279615,1.0,1307.52,0.0,1307.52,0.0,1.0,0.0,1.0,0.0,0,39,6000.0,1491.690159,0.5,12
1193.708983,1.0,6643.71,4841.7,1802.01,0.0,1.0,0.916667,0.75,0.0,0,39,12500.0,6446.627837,0.0,12
6958.239974,1.0,0.0,0.0,0.0,3482.699506,0.0,0.0,0.0,0.166667,2,0,7500.0,3688.217452,0.0,12
5965.535557,1.0,0.0,0.0,0.0,419.177619,0.0,0.0,0.0,0.583333,7,0,6000.0,1495.067426,0.0,12
1039.256129,1.0,618.75,0.0,618.75,0.0,0.916667,0.0,0.916667,0.0,0,11,1700.0,202.137436,0.0,12
94.110539,1.0,1090.19,0.0,1090.19,0.0,1.0,0.0,1.0,0.0,0,19,7000.0,1174.739824,0.916667,12
293.118363,1.0,368.91,0.0,368.91,683.536421,0.75,0.0,0.75,0.166667,3,18,1800.0,1309.489418,0.166667,12
2206.463745,1.0,1945.82,521.5,1424.32,194.73579,1.0,0.083333,1.0,0.083333,1,56,9000.0,819.905846,0.0,12
39.554197,0.545455,353.9,0.0,353.9,0.0,0.5,0.0,0.5,0.0,0,6,2500.0,374.472803,0.454545,12
237.435762,0.909091,1270.32,1270.32,0.0,438.420213,0.333333,0.333333,0.0,0.166667,2,6,1800.0,1148.378687,0.0,12
38.160715,0.545455,340.0,0.0,340.0,0.0,0.5,0.0,0.416667,0.0,0,6,5000.0,888.221177,1.0,12
28.593511,0.909091,258.32,0.0,258.32,0.0,0.666667,0.0,0.583333,0.0,0,10,4000.0,307.750161,0.166667,12
1597.679284,1.0,272.4,0.0,272.4,0.0,1.0,0.0,1.0,0.0,0,16,1550.0,587.710246,0.0,12
1140.91813,1.0,0.0,0.0,0.0,1531.176754,0.0,0.0,0.0,0.333333,6,0,1800.0,1336.452403,0.0,12
1458.775165,1.0,0.0,0.0,0.0,1759.295218,0.0,0.0,0.0,0.333333,10,0,3500.0,856.740386,0.0,12
2.307336,0.142857,0.0,0.0,0.0,28.443974,0.0,0.0,0.0,0.142857,1,0,3000.0,0.0,0.0,7
1173.112709,1.0,823.05,573.05,250.0,1000.869648,0.5,0.25,0.416667,0.25,3,11,1500.0,2049.345099,0.0,12
287.817221,1.0,360.0,360.0,0.0,0.0,0.083333,0.083333,0.0,0.0,0,1,3000.0,112.678222,0.0,12
3.894895,0.727273,182.49,0.0,182.49,0.0,0.916667,0.0,0.916667,0.0,0,11,1500.0,201.08824,0.0,12
2377.537394,1.0,0.0,0.0,0.0,2420.59067,0.0,0.0,0.0,0.166667,3,0,5000.0,533.940153,0.0,12
4694.671605,1.0,0.0,0.0,0.0,4174.716471,0.0,0.0,0.0,0.5,14,0,12000.0,8919.228234,0.0,12
30.072702,0.454545,461.99,461.99,0.0,0.0,0.333333,0.333333,0.0,0.0,0,4,6000.0,945.998757,0.666667,12
44.538702,0.545455,916.67,0.0,916.67,0.0,0.416667,0.0,0.416667,0.0,0,5,1500.0,1075.578609,0.416667,12
28.349518,0.454545,235.0,0.0,235.0,0.0,0.25,0.0,0.166667,0.0,0,4,6000.0,268.128456,0.272727,12
557.277303,1.0,3739.78,3436.23,303.55,0.0,0.833333,0.833333,0.25,0.0,0,28,1500.0,3530.131795,0.25,12
1919.099019,1.0,240.27,102.26,138.01,2116.077457,0.833333,0.083333,0.75,0.583333,17,11,3200.0,763.674122,0.0,12
4837.835705,0.909091,1283.4,1140.9,142.5,6312.335558,0.818182,0.818182,0.090909,1.0,24,34,4500.0,5190.696125,0.0,11
226.34624,1.0,2206.74,2206.74,0.0,0.0,1.0,1.0,0.0,0.0,0,24,10000.0,1891.000067,0.818182,12
2269.073907,1.0,284.9,284.9,0.0,490.612381,0.166667,0.166667,0.0,0.333333,5,6,6000.0,559.24901,0.0,12
588.618641,1.0,0.0,0.0,0.0,36.769821,0.0,0.0,0.0,0.166667,2,0,1200.0,1386.88202,0.083333,12
5825.38367,1.0,3426.12,2369.78,1056.34,570.064013,1.0,0.666667,0.916667,0.166667,2,39,17000.0,2925.020526,0.0,12
2267.664008,1.0,0.0,0.0,0.0,76.590404,0.0,0.0,0.0,0.083333,1,0,2500.0,597.046672,0.0,12
2514.170127,0.818182,87.28,87.28,0.0,1863.759832,0.083333,0.083333,0.0,0.333333,6,2,5000.0,4646.340788,0.0,12
2354.125834,1.0,5351.58,3824.94,1526.64,156.148653,1.0,0.333333,1.0,0.083333,1,21,10000.0,4452.753075,0.0,12
616.570241,0.818182,5788.81,5788.81,0.0,0.0,0.5,0.5,0.0,0.0,0,13,7000.0,5891.252034,0.2,12
153.679036,1.0,181.81,0.0,181.81,0.0,0.833333,0.0,0.833333,0.0,0,16,1500.0,454.857585,0.0,12
417.898933,0.9,1735.17,1116.67,618.5,649.936157,0.9,0.3,0.8,0.1,2,20,2500.0,1892.675483,0.125,10
810.089776,0.909091,1428.89,1428.89,0.0,0.0,0.181818,0.181818,0.0,0.0,0,11,2500.0,1576.842421,0.0,11
450.746858,1.0,194.1,194.1,0.0,345.734661,0.166667,0.166667,0.0,0.333333,6,4,600.0,635.073163,0.0,12
21.441736,0.636364,197.62,0.0,197.62,0.0,0.5,0.0,0.5,0.0,0,6,4000.0,398.382513,1.0,12
8978.156324,1.0,482.88,325.52,157.36,72.44379,0.75,0.5,0.75,0.083333,1,15,9500.0,2112.619409,0.0,12
1669.992809,1.0,91.84,91.84,0.0,1680.871074,0.166667,0.166667,0.0,0.583333,11,2,4400.0,348.40535,0.0,12
957.010021,1.0,604.8,0.0,604.8,901.754709,1.0,0.0,0.916667,0.083333,3,12,1000.0,811.45719,0.0,12
249.489629,0.181818,0.0,0.0,0.0,3689.517625,0.0,0.0,0.0,0.166667,8,0,6000.0,0.0,0.0,12
12.886661,0.363636,1437.15,1399.8,37.35,0.0,0.333333,0.25,0.083333,0.0,0,4,2700.0,2372.012083,0.25,12
1502.517905,1.0,266.64,0.0,266.64,0.0,0.727273,0.0,0.636364,0.0,0,8,1500.0,318.73308,0.0,11
2287.486277,1.0,0.0,0.0,0.0,2705.094894,0.0,0.0,0.0,0.166667,1,0,3000.0,341.751466,0.0,6
184.890347,0.454545,1686.86,1686.86,0.0,0.0,0.25,0.25,0.0,0.0,0,5,6000.0,3873.506886,0.0,12
2122.821694,1.0,255.34,199.34,56.0,1331.769584,0.333333,0.166667,0.333333,0.5,7,6,5000.0,1016.843526,0.0,12
1097.28593,1.0,0.0,0.0,0.0,37.643261,0.0,0.0,0.0,0.166667,2,0,1200.0,236.375748,0.0,12
114.523682,1.0,83.0,83.0,0.0,69.22803,0.166667,0.166667,0.0,0.166667,2,3,300.0,196.333324,0.083333,12
298.779514,0.909091,1205.85,310.97,894.88,0.0,0.666667,0.333333,0.416667,0.0,0,12,3000.0,378.768909,0.0,12
2306.698723,0.727273,12784.51,11246.07,1538.44,191.652876,0.666667,0.666667,0.333333,0.083333,1,68,6200.0,13705.00441,0.0,12
8.838114,0.454545,1003.66,586.14,417.52,0.0,0.583333,0.333333,0.25,0.0,0,10,2500.0,1140.257668,0.0,12
1710.971649,1.0,2042.5,1000.0,1042.5,0.0,0.833333,0.083333,0.833333,0.0,0,12,9500.0,1952.923432,0.0,12
742.730997,1.0,6236.64,4613.7,1622.94,0.0,1.0,1.0,1.0,0.0,0,49,3750.0,8529.330225,0.833333,12
1625.118547,1.0,2908.35,956.83,1951.52,1029.560342,0.916667,0.333333,0.75,0.166667,4,40,3500.0,763.750978,0.0,12
358.915537,0.727273,0.0,0.0,0.0,709.485501,0.0,0.0,0.0,0.166667,5,0,6400.0,331.996644,0.0,12
1060.420992,1.0,480.22,295.63,184.59,0.0,1.0,0.25,0.916667,0.0,0,17,4200.0,2398.956105,0.0,12
1047.854274,1.0,384.0,0.0,384.0,0.0,1.0,0.0,1.0,0.0,0,12,1000.0,530.36208,0.0,12
842.600625,0.909091,0.0,0.0,0.0,679.67338,0.0,0.0,0.0,0.333333,7,0,1200.0,1901.27932,0.090909,12
2344.19277,1.0,0.0,0.0,0.0,1517.268703,0.0,0.0,0.0,0.333333,9,0,3000.0,681.433652,0.0,12
352.736999,1.0,1833.9,1833.9,0.0,0.0,0.416667,0.416667,0.0,0.0,0,6,2500.0,1779.977904,0.4,12
1643.215639,0.818182,0.0,0.0,0.0,2493.498137,0.0,0.0,0.0,0.363636,9,0,2500.0,414.951308,0.0,11
1638.42534,1.0,0.0,0.0,0.0,37.921481,0.0,0.0,0.0,0.083333,1,0,1800.0,459.151425,0.0,12
855.571897,0.666667,71.13,0.0,71.13,1343.021655,0.666667,0.0,0.555556,0.222222,5,6,1500.0,220.436374,0.0,9
2893.897487,1.0,18.0,0.0,18.0,3904.514452,0.083333,0.0,0.083333,0.416667,23,1,6000.0,483.729934,0.0,12
19.766484,0.363636,197.48,0.0,197.48,0.0,0.333333,0.0,0.25,0.0,0,4,16000.0,409.933465,0.5,12
16304.88925,1.0,1770.57,0.0,1770.57,7424.094447,0.5,0.0,0.416667,0.666667,13,9,19000.0,5337.961195,0.0,12
5825.2877,1.0,230.0,230.0,0.0,1909.594385,0.083333,0.083333,0.0,0.25,3,1,7000.0,1537.817125,0.0,12
753.518771,0.636364,1737.87,249.12,1488.75,947.957969,1.0,0.083333,1.0,0.083333,1,27,2500.0,977.188809,0.083333,12
40.074484,1.0,423.37,423.37,0.0,0.0,1.0,1.0,0.0,0.0,0,12,7000.0,430.466572,0.083333,12
765.966137,1.0,1488.82,1402.35,86.47,0.0,0.833333,0.833333,0.25,0.0,0,24,4000.0,1111.593127,0.0,12
2594.878719,1.0,160.0,160.0,0.0,3095.18013,0.083333,0.083333,0.0,0.25,7,3,9500.0,851.52967,0.0,12
91.655431,0.363636,1110.01,1110.01,0.0,0.0,0.166667,0.166667,0.0,0.0,0,2,6000.0,3304.443043,0.0,12
1127.643812,1.0,14454.98,10454.28,4000.7,0.0,1.0,1.0,1.0,0.0,0,82,9000.0,12996.64271,0.916667,12
1.874969,0.363636,433.32,0.0,433.32,0.0,1.0,0.0,1.0,0.0,0,12,2000.0,238.913827,0.0,12
4241.864828,1.0,225.08,225.08,0.0,2842.771908,0.090909,0.090909,0.0,1.0,17,2,5000.0,2011.126751,0.0,11
287.565501,1.0,472.32,375.0,97.32,1785.926136,0.333333,0.166667,0.25,0.416667,5,7,1000.0,2022.302019,0.333333,12
5604.357612,0.909091,0.0,0.0,0.0,6067.586592,0.0,0.0,0.0,0.727273,15,0,6500.0,1255.546074,0.0,11
345.75483,1.0,3125.03,492.71,2632.32,0.0,1.0,0.166667,1.0,0.0,0,36,5500.0,3016.560969,1.0,12
56.872544,1.0,748.36,748.36,0.0,0.0,1.0,1.0,0.0,0.0,0,12,4000.0,698.817652,1.0,12
471.104779,1.0,0.0,0.0,0.0,58.192353,0.0,0.0,0.0,0.25,3,0,500.0,165.27161,0.0,12
11.944853,0.181818,88.93,88.93,0.0,0.0,0.083333,0.083333,0.0,0.0,0,1,2750.0,430.507379,0.0,12
4276.929643,1.0,298.0,298.0,0.0,7635.621091,0.166667,0.166667,0.0,0.333333,11,2,8000.0,969.689869,0.0,12
1768.589163,1.0,63.7,63.7,0.0,0.0,0.083333,0.083333,0.0,0.0,0,1,2000.0,750.927612,0.0,12
714.813335,1.0,1110.42,0.0,1110.42,0.0,0.5,0.0,0.5,0.0,0,6,2200.0,4296.908322,0.083333,12
1222.745469,0.363636,0.0,0.0,0.0,5396.550576,0.0,0.0,0.0,0.083333,1,0,6000.0,15843.68136,0.333333,12
70.794108,0.909091,0.0,0.0,0.0,211.854586,0.0,0.0,0.0,0.181818,2,0,150.0,699.292482,0.0,11
67.72881,1.0,869.48,685.79,183.69,0.0,0.916667,0.833333,0.666667,0.0,0,20,3000.0,824.557797,0.75,12
1455.904478,0.818182,149.0,149.0,0.0,1991.844526,0.083333,0.083333,0.0,0.333333,7,1,2200.0,2326.985125,0.0,12
309.491763,0.454545,0.0,0.0,0.0,3497.519958,0.0,0.0,0.0,0.25,6,0,4000.0,5364.680585,0.333333,12
635.48213,1.0,1481.24,1160.26,320.98,0.0,1.0,0.454545,0.545455,0.0,0,21,6000.0,805.516282,0.181818,11
2475.507619,1.0,569.85,233.04,336.81,1909.470528,0.666667,0.083333,0.583333,0.25,3,14,5000.0,672.048823,0.0,12
6976.34614,1.0,2552.1,2080.01,472.09,377.85546,1.0,0.916667,0.833333,0.083333,1,50,9000.0,1850.332531,0.0,12
3767.546906,1.0,3545.56,1653.36,1892.2,1841.555758,1.0,0.75,1.0,0.083333,1,30,9000.0,4061.59893,0.0,12
182.854647,1.0,1978.87,765.85,1213.02,0.0,1.0,0.75,1.0,0.0,0,68,6000.0,1590.330808,0.75,12
14.571059,0.545455,180.5,0.0,180.5,0.0,0.416667,0.0,0.333333,0.0,0,5,6000.0,178.584988,0.363636,12
10.035492,1.0,0.0,0.0,0.0,139.113927,0.0,0.0,0.0,0.083333,2,0,1000.0,154.970698,0.0,12
2584.617366,1.0,0.0,0.0,0.0,385.424519,0.0,0.0,0.0,0.3,3,0,3000.0,3206.865961,0.0,10
3857.278468,1.0,0.0,0.0,0.0,1238.047916,0.0,0.0,0.0,0.444444,6,0,4000.0,666.97848,0.0,9
374.101774,1.0,1283.36,1253.36,30.0,0.0,1.0,1.0,0.083333,0.0,0,14,1800.0,1482.140815,0.083333,12
1696.302382,1.0,0.0,0.0,0.0,1578.159867,0.0,0.0,0.0,0.666667,13,0,3000.0,650.716947,0.0,12
760.884589,0.833333,2940.79,2644.17,296.62,103.179579,0.833333,0.833333,0.333333,0.166667,1,53,11500.0,426.798145,0.0,6
269.406382,1.0,2629.96,2006.57,623.39,0.0,0.75,0.416667,0.583333,0.0,0,19,2200.0,1936.724441,0.416667,12
2948.966018,1.0,4129.97,1804.1,2325.87,451.62219,1.0,0.75,1.0,0.25,4,56,5000.0,2557.014611,0.0,12
130.142888,0.636364,0.0,0.0,0.0,435.228353,0.0,0.0,0.0,0.083333,1,0,3000.0,791.783333,0.166667,12
449.026889,1.0,313.2,0.0,313.2,0.0,1.0,0.0,1.0,0.0,0,12,1000.0,136.096707,0.0,12
2556.292783,1.0,0.0,0.0,0.0,226.369362,0.0,0.0,0.0,0.166667,2,0,6000.0,1311.010857,0.0,12
3031.933707,1.0,2000.6,2000.6,0.0,0.0,0.166667,0.166667,0.0,0.0,0,3,6500.0,811.109413,0.0,12
26.982025,0.181818,237.6,0.0,237.6,0.0,0.166667,0.0,0.083333,0.0,0,2,2500.0,0.0,0.0,12
1866.428342,1.0,3306.06,549.0,2757.06,0.0,1.0,0.166667,1.0,0.0,0,54,5000.0,2248.341145,0.0,12
2059.035678,1.0,0.0,0.0,0.0,387.757647,0.0,0.0,0.0,0.083333,1,0,2500.0,460.005554,0.0,12
30.395073,1.0,512.47,512.47,0.0,0.0,1.0,1.0,0.0,0.0,0,12,7000.0,484.669932,1.0,12
91.266202,0.909091,701.59,701.59,0.0,0.0,0.333333,0.333333,0.0,0.0,0,6,3200.0,812.383013,0.1,12
76.673877,0.777778,410.9,0.0,410.9,0.0,0.666667,0.0,0.555556,0.0,0,6,1500.0,449.09003,0.0,9
200.574081,1.0,675.9,675.9,0.0,0.0,0.416667,0.416667,0.0,0.0,0,8,7500.0,753.502654,0.083333,12
0.0,0.0,350.48,0.0,350.48,0.0,0.416667,0.0,0.416667,0.0,0,5,2700.0,681.924724,0.0,12
1078.3009,1.0,0.0,0.0,0.0,1537.88642,0.0,0.0,0.0,0.666667,16,0,1500.0,199.01051,0.0,6
633.209696,1.0,1625.01,1165.36,459.65,0.0,1.0,0.333333,1.0,0.0,0,29,2500.0,764.713719,0.0,12
26.296743,0.545455,417.0,417.0,0.0,0.0,1.0,1.0,0.0,0.0,0,13,6500.0,960.737291,0.111111,12
16.727614,0.545455,128.0,0.0,128.0,0.0,0.333333,0.0,0.333333,0.0,0,4,5000.0,363.86862,1.0,12
882.715792,1.0,120.0,0.0,120.0,322.935862,1.0,0.0,1.0,0.25,4,12,1000.0,307.584827,0.0,12
1540.077454,1.0,0.0,0.0,0.0,3490.330397,0.0,0.0,0.0,0.583333,16,0,4000.0,383.056837,0.0,12
10495.73934,1.0,5038.27,1940.88,3097.39,0.0,1.0,0.5,1.0,0.0,0,108,14500.0,2564.857063,0.0,12
2182.752161,1.0,3216.97,2360.3,856.67,5594.061996,1.0,0.666667,1.0,0.583333,17,51,10000.0,7573.546529,0.25,12
177.822533,1.0,0.0,0.0,0.0,212.597424,0.0,0.0,0.0,0.090909,1,0,3000.0,141.272092,0.0,11
3127.073601,1.0,4468.44,4432.46,35.98,0.0,1.0,0.833333,0.083333,0.0,0,55,4500.0,665.046852,0.0,12
924.170798,1.0,1663.77,1663.77,0.0,3718.276337,0.833333,0.833333,0.0,0.5,11,21,3000.0,4201.694496,0.2,12
750.528885,1.0,1384.79,886.32,498.47,0.0,1.0,1.0,0.916667,0.0,0,34,1800.0,759.916056,0.0,12
701.135691,1.0,1004.04,624.0,380.04,181.874234,0.416667,0.166667,0.25,0.083333,1,6,3000.0,359.829195,0.0,12
21.960773,1.0,175.45,0.0,175.45,0.0,1.0,0.0,0.909091,0.0,0,11,1500.0,143.609104,0.777778,11
1175.922628,1.0,14.72,14.72,0.0,79.252166,0.083333,0.083333,0.0,0.25,3,1,1200.0,347.568201,0.0,12
4612.147149,1.0,0.0,0.0,0.0,2260.623056,0.0,0.0,0.0,0.25,4,0,6500.0,1210.9845,0.0,12
19.928467,0.727273,310.64,0.0,310.64,0.0,0.666667,0.0,0.583333,0.0,0,8,9000.0,409.454228,0.714286,12
26.157304,0.818182,318.41,65.0,253.41,0.0,0.75,0.083333,0.666667,0.0,0,11,5000.0,240.474518,0.0,12
13.99841,0.857143,94.86,0.0,94.86,0.0,0.857143,0.0,0.714286,0.0,0,6,1500.0,68.323361,0.4,7
1594.328636,1.0,0.0,0.0,0.0,2880.609563,0.0,0.0,0.0,0.333333,19,0,3000.0,348.795318,0.0,12
37.050529,1.0,367.17,0.0,367.17,0.0,1.0,0.0,1.0,0.0,0,19,2000.0,326.624678,0.636364,12
844.230511,1.0,615.0,336.0,279.0,0.0,0.666667,0.25,0.416667,0.0,0,9,1500.0,1028.163341,0.0,12
1228.170181,1.0,817.94,436.64,381.3,0.0,0.666667,0.166667,0.5,0.0,0,8,1500.0,708.383328,0.0,12
1727.699797,1.0,0.0,0.0,0.0,414.072507,0.0,0.0,0.0,0.181818,2,0,2000.0,396.836709,0.0,11
1306.735189,1.0,0.0,0.0,0.0,256.361633,0.0,0.0,0.0,0.25,4,0,5500.0,536.065588,0.0,12
5182.092727,1.0,3183.43,1049.3,2134.13,445.337568,1.0,0.25,1.0,0.166667,7,67,6000.0,2400.861889,0.0,12
756.573198,1.0,1056.64,683.89,372.75,548.067443,0.5,0.5,0.333333,0.25,4,16,1800.0,1597.746211,0.083333,12
1727.516892,1.0,624.46,624.46,0.0,0.0,0.333333,0.333333,0.0,0.0,0,9,1800.0,925.227009,0.0,12
1441.404242,0.4,0.0,0.0,0.0,7313.203925,0.0,0.0,0.0,0.4,5,0,8000.0,462.437204,0.0,10
1032.823341,1.0,1540.06,1395.13,144.93,0.0,1.0,0.916667,1.0,0.0,0,28,4000.0,3846.028003,0.181818,12
1623.176564,0.909091,0.0,0.0,0.0,3478.643597,0.0,0.0,0.0,0.818182,34,0,3000.0,1007.211689,0.0,11
1602.425383,1.0,0.0,0.0,0.0,1770.282273,0.0,0.0,0.0,0.583333,17,0,2500.0,1434.566669,0.0,12
14.593148,1.0,158.7,0.0,158.7,0.0,1.0,0.0,1.0,0.0,0,23,5200.0,193.70608,0.7,12
20.700474,0.857143,94.98,0.0,94.98,0.0,0.857143,0.0,0.714286,0.0,0,6,1000.0,86.16753,0.5,7
3467.619262,1.0,468.49,278.5,189.99,2493.180667,0.833333,0.083333,0.666667,0.5,10,10,4000.0,1612.002883,0.0,12
212.84035,1.0,1944.48,864.38,1080.1,0.0,1.0,0.666667,1.0,0.0,0,36,6000.0,1780.988408,0.416667,12
387.449138,1.0,253.7,253.7,0.0,0.0,0.416667,0.416667,0.0,0.0,0,8,3000.0,198.133653,0.0,12
2901.999862,1.0,11250.65,10165.88,1084.77,0.0,1.0,1.0,0.75,0.0,0,274,9500.0,6443.381719,0.083333,12
828.013302,1.0,126.48,0.0,126.48,0.0,0.25,0.0,0.166667,0.0,0,3,3000.0,301.728915,0.0,12
884.16375,1.0,823.52,0.0,823.52,0.0,1.0,0.0,1.0,0.0,0,56,1500.0,416.870269,0.0,12
71.186651,0.727273,1500.0,0.0,1500.0,0.0,1.0,0.0,1.0,0.0,0,12,3000.0,1330.781779,0.636364,12
1167.254965,1.0,499.92,0.0,499.92,0.0,1.0,0.0,1.0,0.0,0,12,1200.0,897.514706,0.0,12
6090.22908,1.0,1583.23,1583.23,0.0,8983.561279,0.666667,0.666667,0.0,0.333333,11,8,7000.0,8054.48508,0.083333,12
2986.070256,1.0,178.9,74.9,104.0,1948.211838,0.333333,0.083333,0.166667,0.416667,10,4,10000.0,619.02881,0.0,12
74.277994,1.0,795.57,135.38,660.19,0.0,1.0,0.083333,1.0,0.0,0,19,5000.0,899.310578,1.0,12
79.222393,1.0,994.96,463.2,531.76,0.0,0.916667,0.333333,0.833333,0.0,0,22,3500.0,612.645199,0.9,12
997.98763,1.0,952.29,152.29,800.0,274.949525,1.0,0.083333,1.0,0.083333,2,17,1200.0,1273.253687,0.0,12
8737.860241,1.0,0.0,0.0,0.0,5424.78258,0.0,0.0,0.0,0.916667,24,0,10500.0,2804.040289,0.0,12
2236.176309,1.0,1114.43,979.43,135.0,0.0,1.0,0.916667,0.416667,0.0,0,21,9000.0,615.627805,0.0,12
2932.136377,1.0,0.0,0.0,0.0,1866.470014,0.0,0.0,0.0,0.583333,12,0,3500.0,809.813492,0.0,12
126.159165,1.0,144.9,144.9,0.0,0.0,0.25,0.25,0.0,0.0,0,6,450.0,1307.853194,0.333333,12
963.467447,1.0,720.57,720.57,0.0,0.0,1.0,1.0,0.0,0.0,0,12,2600.0,2304.882707,0.0,12
641.02208,1.0,0.0,0.0,0.0,180.321494,0.0,0.0,0.0,0.25,4,0,1000.0,345.161002,0.0,12
2638.45383,1.0,0.0,0.0,0.0,262.082802,0.0,0.0,0.0,0.166667,2,0,2900.0,642.830286,0.0,12
2800.848284,1.0,0.0,0.0,0.0,230.345891,0.0,0.0,0.0,0.166667,2,0,3000.0,864.931529,0.0,12
921.334338,1.0,161.6,0.0,161.6,18.980421,0.5,0.0,0.416667,0.083333,1,6,1500.0,1757.687136,0.083333,12
324.831712,0.363636,0.0,0.0,0.0,1282.314634,0.0,0.0,0.0,0.083333,2,0,3000.0,3585.134646,0.0,12
144.006679,1.0,45.65,45.65,0.0,0.0,0.083333,0.083333,0.0,0.0,0,1,1000.0,287.560084,0.0,12
1737.967907,1.0,249.0,249.0,0.0,1669.386699,0.083333,0.083333,0.0,0.416667,12,2,2500.0,1543.486682,0.166667,12
266.142747,1.0,2109.17,1384.31,724.86,0.0,1.0,1.0,1.0,0.0,0,40,7000.0,2003.273695,1.0,12
3956.072098,1.0,82.0,82.0,0.0,2113.060571,0.166667,0.166667,0.0,0.25,9,2,4500.0,811.119073,0.0,12
3128.61332,1.0,3875.71,2244.32,1631.39,0.0,1.0,0.916667,1.0,0.0,0,98,6500.0,1628.411065,0.0,12
2731.319748,1.0,0.0,0.0,0.0,410.837121,0.0,0.0,0.0,0.25,3,0,3000.0,696.542192,0.0,12
1478.069308,1.0,0.0,0.0,0.0,37.483718,0.0,0.0,0.0,0.083333,1,0,1500.0,287.13201,0.0,12
1357.969348,0.454545,0.0,0.0,0.0,2903.355319,0.0,0.0,0.0,0.25,6,0,6000.0,12353.26546,0.2,12
59.32524,1.0,527.63,0.0,527.63,0.0,1.0,0.0,0.9,0.0,0,11,1000.0,435.994202,0.875,10
2.71921,0.181818,0.0,0.0,0.0,365.729727,0.0,0.0,0.0,0.083333,1,0,6000.0,3961.072777,0.090909,12
145.379392,0.727273,0.0,0.0,0.0,79.010936,0.0,0.0,0.0,0.166667,2,0,1000.0,542.489358,0.125,12
730.058174,1.0,782.6,782.6,0.0,0.0,1.0,1.0,0.0,0.0,0,12,12000.0,278.865346,0.0,12
1916.067737,1.0,0.0,0.0,0.0,4690.22899,0.0,0.0,0.0,0.25,19,0,4000.0,7730.195068,0.0,12
204.041606,1.0,1173.34,1067.7,105.64,0.0,0.7,0.7,0.3,0.0,0,20,5000.0,871.245658,0.0,10
203.62963,0.454545,0.0,0.0,0.0,589.991614,0.0,0.0,0.0,0.166667,2,0,3000.0,314.842514,0.0,12
9166.016365,1.0,0.0,0.0,0.0,2911.322626,0.0,0.0,0.0,0.333333,8,0,10500.0,2335.737316,0.0,12
1371.015868,1.0,180.0,180.0,0.0,0.0,0.166667,0.166667,0.0,0.0,0,2,3000.0,534.055194,0.0,12
218.35043,1.0,54.25,0.0,54.25,0.0,0.333333,0.0,0.333333,0.0,0,4,500.0,704.553221,0.0,12
89.579737,0.272727,1174.59,1174.59,0.0,0.0,0.181818,0.181818,0.0,0.0,0,2,12500.0,711.52357,0.0,11
665.786437,1.0,5634.56,3335.15,2299.41,0.0,1.0,1.0,1.0,0.0,0,104,5200.0,5831.664538,0.916667,12
0.298538,0.090909,510.0,0.0,510.0,0.0,1.0,0.0,1.0,0.0,0,12,6500.0,557.480712,0.0,12
9.052765,0.272727,172.0,172.0,0.0,0.0,0.166667,0.166667,0.0,0.0,0,2,6000.0,179.644191,0.0,12
1631.603874,1.0,0.0,0.0,0.0,831.780875,0.0,0.0,0.0,0.181818,2,0,1800.0,357.259124,0.0,11
501.360034,1.0,107.27,107.27,0.0,0.0,0.25,0.25,0.0,0.0,0,3,7500.0,614.163281,0.0,12
672.84733,1.0,1969.47,1796.79,172.68,0.0,0.5,0.4,0.1,0.0,0,7,5500.0,1204.587035,0.1,10
1308.128024,1.0,623.03,0.0,623.03,0.0,0.916667,0.0,0.833333,0.0,0,15,1500.0,306.967651,0.0,12
29.929842,0.272727,259.59,0.0,259.59,0.0,0.166667,0.0,0.166667,0.0,0,3,2500.0,682.334296,1.0,12
8894.553534,1.0,476.84,476.84,0.0,6098.490836,0.166667,0.166667,0.0,0.583333,16,3,12000.0,2163.376448,0.0,12
40.778677,1.0,100.98,100.98,0.0,0.0,0.333333,0.333333,0.0,0.0,0,4,400.0,227.659466,0.0,12
46.816731,1.0,539.88,0.0,539.88,0.0,1.0,0.0,1.0,0.0,0,14,6000.0,457.377375,0.75,12
18.430156,0.454545,342.5,342.5,0.0,0.0,0.083333,0.083333,0.0,0.0,0,2,6000.0,230.757968,0.0,12
1393.098681,1.0,353.43,0.0,353.43,1465.018056,0.7,0.0,0.6,0.2,3,14,1500.0,491.576263,0.0,10
64.03101,1.0,646.5,95.0,551.5,0.0,0.833333,0.166667,0.666667,0.0,0,17,1500.0,564.329726,1.0,12
47.783061,0.181818,0.0,0.0,0.0,545.183508,0.0,0.0,0.0,0.166667,2,0,3000.0,0.0,0.0,12
425.549034,1.0,151.68,0.0,151.68,0.0,1.0,0.0,1.0,0.0,0,12,1000.0,72.454987,0.0,12
907.371097,1.0,55.65,0.0,55.65,0.0,0.166667,0.0,0.166667,0.0,0,3,1000.0,416.818116,0.0,12
2828.808139,1.0,199.0,0.0,199.0,0.0,0.25,0.0,0.166667,0.0,0,3,8000.0,615.69756,0.0,12
1372.443049,1.0,0.0,0.0,0.0,3895.022384,0.0,0.0,0.0,0.333333,7,0,2500.0,2697.2213,0.0,12
34.351126,0.545455,45.65,45.65,0.0,0.0,0.083333,0.083333,0.0,0.0,0,1,1500.0,79.207316,0.0,12
2997.999455,1.0,288.4,0.0,288.4,931.971634,0.75,0.0,0.75,0.166667,2,9,9000.0,1733.213844,0.0,12
2223.497527,1.0,132.28,0.0,132.28,1380.807166,0.75,0.0,0.75,0.125,3,6,3000.0,244.379096,0.0,8
4506.810924,1.0,0.0,0.0,0.0,312.118407,0.0,0.0,0.0,0.363636,7,0,5000.0,1194.027733,0.0,11
32.290778,1.0,1185.34,1185.34,0.0,0.0,0.583333,0.583333,0.0,0.0,0,10,8000.0,428.89277,0.666667,12
1394.245166,1.0,684.85,61.85,623.0,1574.545965,0.583333,0.083333,0.416667,0.416667,9,7,1500.0,2411.283485,0.090909,12
433.979083,0.545455,0.0,0.0,0.0,2779.963478,0.0,0.0,0.0,0.166667,4,0,1500.0,1596.987626,0.083333,12
294.280019,1.0,19.9,19.9,0.0,75.255164,0.083333,0.083333,0.0,0.166667,2,1,1000.0,214.638861,0.0,12
356.669878,0.909091,0.0,0.0,0.0,390.549563,0.0,0.0,0.0,0.166667,2,0,1200.0,1936.324445,0.285714,12
379.198083,1.0,40.0,0.0,40.0,0.0,0.166667,0.0,0.166667,0.0,0,3,2900.0,224.790156,0.0,12
264.051708,1.0,63.0,63.0,0.0,39.762754,0.083333,0.083333,0.0,0.083333,1,1,5000.0,360.123912,0.0,12
218.894935,1.0,568.34,568.34,0.0,0.0,0.333333,0.333333,0.0,0.0,0,4,3000.0,279.74723,0.0,12
255.628716,1.0,2525.88,1640.96,884.92,0.0,1.0,0.583333,1.0,0.0,0,47,6000.0,1936.907938,0.416667,12
2584.317807,1.0,0.0,0.0,0.0,6036.492283,0.0,0.0,0.0,0.25,7,0,3000.0,6024.595066,0.181818,12
1283.560983,0.454545,0.0,0.0,0.0,871.427059,0.0,0.0,0.0,0.25,4,0,4000.0,4525.286325,0.090909,12
7.634737,0.272727,61.26,0.0,61.26,0.0,0.25,0.0,0.25,0.0,0,3,4000.0,247.778082,0.25,12
2091.627351,1.0,4361.04,2325.83,2035.21,4224.133411,1.0,0.666667,1.0,0.833333,27,109,2500.0,7608.515679,0.083333,12
31.299159,0.5,185.13,0.0,185.13,0.0,0.5,0.0,0.333333,0.0,0,3,3000.0,289.706891,1.0,6
520.521822,1.0,820.29,820.29,0.0,0.0,0.916667,0.916667,0.0,0.0,0,11,6000.0,2295.229351,0.0,12
95.162463,1.0,1000.0,0.0,1000.0,0.0,0.75,0.0,0.625,0.0,0,8,11500.0,824.871032,0.8,8
1930.738051,0.9,0.0,0.0,0.0,2396.848186,0.0,0.0,0.0,0.1,2,0,2500.0,364.208749,0.0,10
880.259646,1.0,831.52,609.37,222.15,0.0,0.5,0.333333,0.416667,0.0,0,20,1200.0,975.402992,0.0,12
1593.655423,1.0,358.7,111.3,247.4,618.455892,0.416667,0.083333,0.25,0.25,5,8,2000.0,467.499859,0.0,12
31.303174,1.0,322.41,0.0,322.41,0.0,0.916667,0.0,0.833333,0.0,0,11,1500.0,266.683039,0.7,12
4628.109931,1.0,912.54,0.0,912.54,0.0,1.0,0.0,1.0,0.0,0,21,5000.0,3746.305759,0.0,12
7.992356,1.0,196.66,0.0,196.66,0.0,0.166667,0.0,0.083333,0.0,0,2,7000.0,90.0711,0.083333,12
16.646768,0.818182,135.28,0.0,135.28,0.0,0.5,0.0,0.5,0.0,0,6,4000.0,212.020939,0.111111,12
356.883731,1.0,929.29,929.29,0.0,0.0,1.0,1.0,0.0,0.0,0,13,1200.0,1587.56373,0.166667,12
1706.846933,0.857143,1000.0,1000.0,0.0,2022.36136,0.142857,0.142857,0.0,0.714286,13,1,2500.0,862.833252,0.0,7
3842.454902,1.0,0.0,0.0,0.0,6381.534619,0.0,0.0,0.0,0.5,24,0,6500.0,3869.74895,0.083333,12
66.296517,1.0,56.44,0.0,56.44,0.0,0.333333,0.0,0.333333,0.0,0,4,1500.0,110.099433,0.0,12
35.771638,1.0,443.04,0.0,443.04,0.0,1.0,0.0,1.0,0.0,0,12,1500.0,404.189925,1.0,12
2431.019916,0.818182,729.82,729.82,0.0,2555.909872,0.181818,0.181818,0.0,0.181818,13,4,3500.0,46.969049,0.0,11
5585.30457,1.0,515.28,0.0,515.28,656.485086,1.0,0.0,1.0,0.25,4,12,6000.0,1353.941998,0.0,12
897.877807,1.0,1758.75,0.0,1758.75,2557.126189,0.583333,0.0,0.416667,0.416667,10,7,6000.0,3349.425019,0.363636,12
0.734665,0.777778,254.23,0.0,254.23,0.0,0.555556,0.0,0.555556,0.0,0,5,1500.0,0.0,0.0,9
1163.135011,1.0,0.0,0.0,0.0,884.506039,0.0,0.0,0.0,0.166667,6,0,1200.0,222.485191,0.0,12
225.404563,0.727273,2424.34,1963.74,460.6,0.0,0.666667,0.416667,0.166667,0.0,0,9,7500.0,3023.04845,0.6,12
1298.539837,1.0,42.56,0.0,42.56,0.0,0.25,0.0,0.25,0.0,0,3,1500.0,278.050986,0.0,12
59.614155,0.818182,438.0,0.0,438.0,0.0,1.0,0.0,1.0,0.0,0,12,1500.0,525.046566,0.090909,12
2648.784405,1.0,6697.57,5281.17,1416.4,0.0,0.916667,0.916667,1.0,0.0,0,65,8200.0,2984.80545,0.0,12
391.673369,1.0,1944.64,1333.38,611.26,0.0,0.833333,0.666667,0.583333,0.0,0,29,6000.0,2218.376164,0.083333,12
1190.007646,1.0,0.0,0.0,0.0,1491.137439,0.0,0.0,0.0,0.25,4,0,1500.0,175.509452,0.0,12
152.255187,0.833333,894.28,894.28,0.0,0.0,0.5,0.5,0.0,0.0,0,5,4000.0,304.061592,0.0,6
269.966481,0.636364,0.0,0.0,0.0,1579.555134,0.0,0.0,0.0,0.166667,2,0,3000.0,2097.898378,0.125,12
4539.839383,1.0,384.0,209.0,175.0,74.101229,1.0,0.083333,0.916667,0.083333,1,13,5000.0,879.549573,0.0,12
25.383911,1.0,401.16,0.0,401.16,0.0,0.916667,0.0,0.833333,0.0,0,11,2500.0,419.168947,1.0,12
964.386954,1.0,0.0,0.0,0.0,1852.449594,0.0,0.0,0.0,0.166667,4,0,3200.0,5586.40448,0.166667,12
121.671833,0.818182,540.0,540.0,0.0,0.0,0.583333,0.583333,0.0,0.0,0,9,1800.0,238.201855,0.285714,12
337.269093,1.0,0.0,0.0,0.0,149.696598,0.0,0.0,0.0,0.083333,1,0,1200.0,482.296401,0.0,12
92.902071,1.0,812.74,618.4,194.34,0.0,1.0,1.0,0.416667,0.0,0,18,4000.0,708.651818,0.583333,12
1422.3042,1.0,0.0,0.0,0.0,115.324837,0.0,0.0,0.0,0.083333,1,0,3000.0,3489.163639,0.083333,12
6.542818,0.571429,178.0,0.0,178.0,0.0,0.857143,0.0,0.571429,0.0,0,6,1500.0,231.111728,0.0,7
80.198389,0.454545,981.75,459.0,522.75,0.0,0.583333,0.083333,0.5,0.0,0,14,1000.0,1381.850719,0.1,12
153.377124,1.0,2048.5,846.79,1201.71,0.0,1.0,0.25,1.0,0.0,0,51,7000.0,1512.631142,1.0,12
445.179998,1.0,0.0,0.0,0.0,58.770943,0.0,0.0,0.0,0.25,3,0,500.0,197.851349,0.0,12
26.572803,1.0,277.33,0.0,277.33,0.0,1.0,0.0,0.916667,0.0,0,17,6000.0,258.265698,1.0,12
1337.133737,1.0,0.0,0.0,0.0,73.354616,0.0,0.0,0.0,0.083333,1,0,1500.0,349.862368,0.0,12
487.723632,1.0,0.0,0.0,0.0,978.210005,0.0,0.0,0.0,0.083333,1,0,1500.0,1454.589519,0.083333,12
2487.42306,1.0,113.25,0.0,113.25,512.570394,0.416667,0.0,0.416667,0.083333,3,5,2500.0,600.106329,0.0,12
4.966985,0.181818,59.34,0.0,59.34,0.0,0.166667,0.0,0.166667,0.0,0,2,2000.0,360.724808,0.5,12
171.267988,1.0,2062.67,1455.11,607.56,0.0,1.0,1.0,1.0,0.0,0,39,7500.0,1913.827405,0.75,12
845.930093,1.0,2384.15,1206.43,1177.72,1950.164327,1.0,0.916667,0.833333,0.083333,2,62,2500.0,4029.993964,0.272727,12
1380.729836,1.0,145.94,145.94,0.0,589.017161,0.083333,0.083333,0.0,0.166667,10,3,1800.0,610.851898,0.0,12
97.064177,0.545455,863.97,114.0,749.97,0.0,0.416667,0.083333,0.416667,0.0,0,9,7000.0,1384.018459,0.363636,12
930.322044,1.0,444.96,0.0,444.96,0.0,1.0,0.0,1.0,0.0,0,12,1000.0,630.302306,0.0,12
126.169985,1.0,1155.0,0.0,1155.0,0.0,0.833333,0.0,0.833333,0.0,0,10,3900.0,1375.353007,0.909091,12
832.183808,1.0,0.0,0.0,0.0,1991.951203,0.0,0.0,0.0,0.333333,9,0,2500.0,1497.093428,0.0,12
253.367476,0.909091,626.69,0.0,626.69,0.0,0.416667,0.0,0.416667,0.0,0,5,1500.0,969.151872,0.0,12
2111.244939,0.818182,147.12,147.12,0.0,1578.669085,0.083333,0.083333,0.0,0.166667,5,1,6500.0,4014.564637,0.0,12
1450.649137,1.0,0.0,0.0,0.0,1782.155586,0.0,0.0,0.0,0.25,4,0,4000.0,843.588576,0.0,12
4593.098361,0.777778,0.0,0.0,0.0,6944.484735,0.0,0.0,0.0,0.333333,9,0,7000.0,1108.771839,0.0,9
3598.913061,1.0,53.13,53.13,0.0,2767.233925,0.083333,0.083333,0.0,0.25,6,1,6000.0,868.558084,0.0,12
106.390419,1.0,1038.38,1038.38,0.0,0.0,0.666667,0.666667,0.0,0.0,0,14,6000.0,918.029106,0.6,12
82.476563,1.0,637.44,0.0,637.44,0.0,1.0,0.0,1.0,0.0,0,12,4000.0,623.916338,0.75,12
117.324773,1.0,1101.0,0.0,1101.0,0.0,1.0,0.0,1.0,0.0,0,21,7500.0,1002.953582,0.5,12
16.34663,0.545455,267.06,25.0,242.06,0.0,0.5,0.083333,0.5,0.0,0,7,1000.0,318.011069,0.272727,12
2447.62454,1.0,116.16,26.16,90.0,729.174169,0.5,0.083333,0.416667,0.083333,1,7,7500.0,525.469962,0.0,12
1421.787032,1.0,0.0,0.0,0.0,2017.846783,0.0,0.0,0.0,0.583333,16,0,1500.0,2180.007785,0.0,12
1219.143484,0.666667,0.0,0.0,0.0,1893.219765,0.0,0.0,0.0,0.5,3,0,2000.0,204.789406,0.0,6
2456.499396,1.0,4791.33,2067.8,2723.53,0.0,1.0,0.666667,1.0,0.0,0,78,6500.0,839.407521,0.0,12
59.064314,0.363636,686.0,0.0,686.0,0.0,0.333333,0.0,0.25,0.0,0,7,3000.0,840.254381,0.0,12
1042.614416,1.0,0.0,0.0,0.0,119.716756,0.0,0.0,0.0,0.083333,2,0,1200.0,269.011259,0.0,12
6851.39075,0.909091,4004.0,117.0,3887.0,10616.27014,0.909091,0.181818,0.818182,0.363636,17,18,7500.0,6746.5317,0.0,11
3871.433675,1.0,0.0,0.0,0.0,975.139233,0.0,0.0,0.0,0.083333,5,0,9500.0,903.655941,0.0,12
646.398621,1.0,839.05,192.95,646.1,0.0,1.0,0.166667,1.0,0.0,0,19,4500.0,1350.435597,0.083333,12
802.086509,0.818182,2008.98,1990.65,18.33,0.0,0.583333,0.583333,0.083333,0.0,0,28,4500.0,468.463615,0.0,12
3881.679582,1.0,15.92,15.92,0.0,2183.782456,0.083333,0.083333,0.0,0.333333,9,1,5500.0,1032.183632,0.0,12
7886.777059,1.0,0.0,0.0,0.0,12876.04361,0.0,0.0,0.0,0.454545,20,0,12000.0,11080.9622,0.090909,11
1466.852542,1.0,543.58,543.58,0.0,0.0,0.25,0.25,0.0,0.0,0,4,2500.0,518.150669,0.0,12
47.162463,0.909091,1276.72,810.0,466.72,0.0,0.416667,0.083333,0.333333,0.0,0,5,6000.0,602.244665,0.166667,12
525.918697,0.909091,522.2,0.0,522.2,1748.234165,1.0,0.0,1.0,0.583333,10,18,2500.0,2609.937964,0.181818,12
2466.452707,1.0,118.72,44.8,73.92,0.0,0.166667,0.083333,0.083333,0.0,0,3,5000.0,732.01795,0.0,12
1184.120178,1.0,69.49,0.0,69.49,1719.993551,0.083333,0.0,0.083333,0.5,8,2,1400.0,712.25724,0.0,12
1084.649802,1.0,0.0,0.0,0.0,708.865975,0.0,0.0,0.0,0.181818,10,1,1500.0,973.731202,0.0,11
1414.422361,1.0,90.03,0.0,90.03,0.0,0.833333,0.0,0.833333,0.0,0,12,1500.0,323.893824,0.0,12
79.470417,0.727273,601.84,0.0,601.84,0.0,0.583333,0.0,0.5,0.0,0,7,7500.0,799.1846,0.363636,12
170.086639,0.909091,1218.11,980.87,237.24,0.0,0.75,0.5,0.166667,0.0,0,9,6000.0,1277.281619,0.222222,12
585.537233,1.0,178.0,0.0,178.0,723.138529,0.333333,0.0,0.333333,0.083333,3,4,1000.0,1198.443149,0.083333,12
124.506347,1.0,1194.54,1194.54,0.0,0.0,0.916667,0.916667,0.0,0.0,0,11,7500.0,961.895302,1.0,12
7834.073316,1.0,239.58,0.0,239.58,5160.785017,0.083333,0.0,0.083333,0.333333,5,2,12000.0,8848.955996,0.0,12
1079.097023,1.0,247.44,0.0,247.44,0.0,1.0,0.0,1.0,0.0,0,12,1200.0,503.445403,0.0,12
1761.69297,1.0,0.0,0.0,0.0,950.448895,0.0,0.0,0.0,0.25,7,0,2000.0,414.860394,0.0,12
1874.572121,1.0,0.0,0.0,0.0,1359.837109,0.0,0.0,0.0,0.916667,17,0,2500.0,329.797397,0.0,12
10243.14763,1.0,0.0,0.0,66.95,4501.06755,0.0,0.0,0.083333,0.25,5,0,13000.0,1882.490974,0.0,12
812.317275,1.0,404.91,0.0,404.91,0.0,0.75,0.0,0.75,0.0,0,18,1000.0,573.841447,0.0,12
511.825603,0.909091,362.48,0.0,362.48,0.0,0.416667,0.0,0.416667,0.0,0,10,2000.0,2400.443969,0.0,12
1427.42297,1.0,61.0,0.0,61.0,4327.398235,0.166667,0.0,0.083333,0.583333,14,2,9000.0,5907.105978,0.166667,12
4932.396527,1.0,0.0,0.0,0.0,245.596578,0.0,0.0,0.0,0.166667,3,0,6000.0,5403.894447,0.0,12
275.470825,1.0,2967.42,1903.72,1063.7,0.0,0.916667,0.666667,0.916667,0.0,0,40,3500.0,2569.455026,0.333333,12
55.539236,0.909091,201.27,201.27,0.0,0.0,0.083333,0.083333,0.0,0.0,0,1,7500.0,467.319744,0.111111,12
403.816601,0.9,3431.0,0.0,3431.0,0.0,0.9,0.0,0.8,0.0,0,15,10000.0,2370.440541,0.7,10
1799.320009,1.0,0.0,0.0,0.0,872.408101,0.0,0.0,0.0,0.083333,2,0,2000.0,298.163408,0.0,12
1821.024103,1.0,0.0,0.0,0.0,323.218285,0.0,0.0,0.0,0.166667,4,0,1800.0,954.718474,0.0,12
0.892901,0.363636,492.0,0.0,492.0,0.0,1.0,0.0,1.0,0.0,0,24,7500.0,450.655804,0.0,12
1267.621753,1.0,107.05,64.55,42.5,0.0,0.416667,0.25,0.083333,0.0,0,5,4000.0,505.790714,0.0,12
1201.204437,1.0,117.89,117.89,0.0,0.0,0.333333,0.333333,0.0,0.0,0,4,1200.0,283.696314,0.0,12
1343.200147,1.0,848.53,0.0,848.53,0.0,0.666667,0.0,0.666667,0.0,0,14,5500.0,817.669027,0.0,12
626.359675,1.0,2102.13,1091.37,1010.76,1578.03608,1.0,0.833333,0.916667,0.5,23,45,1000.0,3537.414389,0.272727,12
644.987222,0.714286,0.0,0.0,0.0,1059.025424,0.0,0.0,0.0,0.142857,3,0,1200.0,148.120171,0.0,7
1474.532261,1.0,106.0,106.0,0.0,36.308611,0.083333,0.083333,0.0,0.083333,2,2,3000.0,349.349174,0.0,12
6241.937842,1.0,0.0,0.0,0.0,11071.93364,0.0,0.0,0.0,0.333333,4,0,12000.0,12181.03139,0.090909,12
11.566281,1.0,148.56,0.0,148.56,0.0,1.0,0.0,0.916667,0.0,0,12,1500.0,128.994977,0.090909,12
741.05358,1.0,0.0,0.0,0.0,37.527333,0.0,0.0,0.0,0.083333,1,0,1200.0,1267.067064,0.0,12
48.660932,1.0,651.08,100.0,551.08,0.0,1.0,0.083333,1.0,0.0,0,17,3500.0,706.145992,0.916667,12
1139.691004,1.0,117.0,117.0,0.0,0.0,0.083333,0.083333,0.0,0.0,0,1,1200.0,492.089429,0.0,12
1207.465786,1.0,125.0,25.0,100.0,0.0,0.333333,0.083333,0.166667,0.0,0,4,1800.0,1872.705924,0.090909,12
3160.087236,1.0,0.0,0.0,0.0,757.003109,0.0,0.0,0.0,0.083333,1,0,8000.0,744.90895,0.0,12
1184.723988,0.636364,373.44,373.44,0.0,0.0,0.083333,0.083333,0.0,0.0,0,1,12000.0,6674.591055,0.0,12
561.346036,1.0,4430.12,2992.49,1437.63,80.614627,1.0,1.0,0.75,0.083333,1,68,4500.0,3750.631255,0.083333,12
0.0,0.0,1021.56,0.0,1021.56,0.0,1.0,0.0,1.0,0.0,0,36,3000.0,0.0,0.0,12
3200.184366,1.0,0.0,0.0,0.0,2139.707578,0.0,0.0,0.0,0.083333,1,0,5000.0,780.190463,0.0,12
408.724408,1.0,89.39,89.39,0.0,108.912198,0.083333,0.083333,0.0,0.083333,1,1,3000.0,166.426897,0.0,12
18.98265,0.272727,327.37,0.0,327.37,0.0,0.333333,0.0,0.333333,0.0,0,11,6500.0,1430.996352,1.0,12
986.828539,1.0,417.25,394.76,22.49,778.725777,0.333333,0.333333,0.083333,0.083333,1,7,1200.0,1706.126097,0.0,12
3144.690403,1.0,865.94,865.94,0.0,0.0,0.25,0.25,0.0,0.0,0,4,3500.0,1018.210531,0.0,12
202.08047,1.0,190.96,0.0,190.96,0.0,0.25,0.0,0.25,0.0,0,3,1000.0,156.408373,0.083333,12
371.896615,1.0,332.0,0.0,332.0,850.393519,1.0,0.0,1.0,0.2,5,10,2500.0,1756.127984,0.111111,10
4450.957226,1.0,8445.96,1987.85,6458.11,0.0,1.0,0.75,1.0,0.0,0,224,6500.0,4792.662317,0.0,12
2754.041187,1.0,132.0,41.0,91.0,2959.646926,0.25,0.083333,0.083333,0.583333,30,3,5000.0,635.462392,0.0,12
17.245539,0.636364,19.5,0.0,19.5,0.0,0.083333,0.0,0.083333,0.0,0,1,1500.0,95.789433,0.0,12
4940.113918,1.0,814.66,814.66,0.0,908.434086,0.583333,0.583333,0.0,0.083333,1,8,10000.0,1904.849069,0.0,12
1826.387864,1.0,0.0,0.0,0.0,89.176017,0.0,0.0,0.0,0.166667,2,0,2000.0,367.804353,0.0,12
793.213204,1.0,1011.16,488.99,522.17,0.0,0.833333,0.333333,0.5,0.0,0,19,1000.0,842.847535,0.0,12
983.363407,1.0,275.06,0.0,275.06,0.0,0.5,0.0,0.5,0.0,0,6,1000.0,587.715737,0.0,12
473.807764,0.818182,546.94,0.0,546.94,0.0,1.0,0.0,1.0,0.0,0,19,7000.0,1612.129418,0.0,12
4060.33426,1.0,1007.27,1007.27,0.0,2779.207967,0.833333,0.833333,0.0,0.75,23,23,9500.0,1348.99396,0.0,12
3007.035526,1.0,209.02,209.02,0.0,2484.069695,0.25,0.25,0.0,0.75,24,4,6000.0,1285.267277,0.0,12
51.640761,1.0,453.24,0.0,453.24,0.0,1.0,0.0,1.0,0.0,0,12,5000.0,507.364658,0.363636,12
1.864427,0.090909,0.0,0.0,0.0,93.468447,0.0,0.0,0.0,0.083333,1,0,1800.0,0.0,0.0,12
57.657781,0.818182,587.25,0.0,587.25,0.0,0.75,0.0,0.75,0.0,0,9,1000.0,779.274805,0.857143,12
1876.872139,1.0,0.0,0.0,0.0,741.088191,0.0,0.0,0.0,0.083333,1,0,2300.0,940.91574,0.0,12
1496.172117,1.0,0.0,0.0,0.0,1357.679075,0.0,0.0,0.0,0.25,4,0,6500.0,368.342402,0.0,12
3120.25648,1.0,339.96,0.0,339.96,3585.834892,1.0,0.0,1.0,0.25,3,12,8000.0,861.174315,0.0,12
0.0,0.0,102.72,0.0,102.72,0.0,1.0,0.0,1.0,0.0,0,12,1500.0,0.0,0.0,12
4646.574386,1.0,773.22,760.16,13.06,0.0,0.833333,0.833333,0.083333,0.0,0,16,4900.0,1379.043262,0.0,12
6223.173969,1.0,0.0,0.0,0.0,3607.876623,0.0,0.0,0.0,0.25,5,0,7500.0,1373.795303,0.0,12
269.816561,0.636364,1965.95,1965.95,0.0,0.0,0.083333,0.083333,0.0,0.0,0,2,5500.0,0.0,0.0,12
1851.622011,1.0,200.0,200.0,0.0,152.692363,0.083333,0.083333,0.0,0.083333,1,1,2000.0,712.34021,0.0,12
10.334498,0.272727,62.36,62.36,0.0,0.0,0.083333,0.083333,0.0,0.0,0,1,1800.0,232.96458,0.0,12
434.729411,0.545455,1486.5,594.6,891.9,392.060381,0.333333,0.083333,0.25,0.083333,3,4,3700.0,7228.69205,0.0,12
5938.788939,1.0,3394.94,1705.78,1689.16,0.0,1.0,0.833333,0.916667,0.0,0,59,12000.0,1367.537734,0.0,12
766.491179,1.0,799.92,0.0,799.92,0.0,1.0,0.0,1.0,0.0,0,24,5200.0,1351.417476,0.0,12
4735.107991,1.0,0.0,0.0,0.0,2934.049373,0.0,0.0,0.0,0.333333,10,0,6000.0,1141.819186,0.0,12
1530.29332,0.8,256.69,256.69,0.0,3271.076793,0.1,0.1,0.0,0.4,4,3,4000.0,441.551162,0.0,10
261.946133,0.909091,1215.64,145.0,1070.64,0.0,0.5,0.166667,0.416667,0.0,0,15,6500.0,573.280563,0.0,12
0.288293,0.090909,0.0,0.0,0.0,606.18161,0.0,0.0,0.0,0.083333,1,0,2000.0,3630.305137,0.0,12
1922.172543,1.0,0.0,0.0,0.0,1810.839188,0.0,0.0,0.0,0.166667,5,0,2000.0,481.087934,0.0,12
1101.328772,0.727273,0.0,0.0,0.0,3061.014837,0.0,0.0,0.0,0.333333,12,0,3000.0,649.339928,0.0,12
1459.534846,1.0,0.0,0.0,0.0,1275.554446,0.0,0.0,0.0,0.25,6,0,5500.0,827.318305,0.0,12
2882.431664,1.0,0.0,0.0,0.0,130.714887,0.0,0.0,0.0,0.166667,2,0,3000.0,608.839527,0.0,12
396.890847,1.0,3943.97,3159.53,784.44,0.0,1.0,1.0,1.0,0.0,0,43,7500.0,3578.14443,0.583333,12
866.363389,1.0,4127.83,0.0,4127.83,0.0,0.75,0.0,0.75,0.0,0,15,7500.0,4774.49325,0.166667,12
434.932876,1.0,933.8,0.0,933.8,0.0,1.0,0.0,1.0,0.0,0,39,2700.0,253.085801,0.083333,12
3830.916541,1.0,4065.66,1681.51,2384.15,2411.584248,1.0,0.333333,1.0,0.333333,5,36,5000.0,3811.271434,0.0,12
36.412211,0.545455,343.56,0.0,343.56,0.0,0.454545,0.0,0.363636,0.0,0,7,2000.0,349.484812,0.0,11
69.722927,0.818182,947.72,0.0,947.72,0.0,0.75,0.0,0.666667,0.0,0,12,1200.0,769.133717,0.666667,12
45.160837,0.727273,0.0,0.0,0.0,79.46115,0.0,0.0,0.0,0.083333,1,0,6500.0,486.597254,0.0,12
1295.733461,1.0,705.84,620.0,85.84,0.0,0.416667,0.083333,0.416667,0.0,0,8,1500.0,417.88231,0.0,12
2421.144942,1.0,2685.48,945.1,1740.38,92.6579,1.0,0.5,0.916667,0.166667,3,42,4500.0,2010.800224,0.0,12
212.306148,0.181818,0.7,0.7,0.0,1922.5936,0.083333,0.083333,0.0,0.166667,3,1,3500.0,0.0,0.0,12
2716.981814,1.0,0.0,0.0,0.0,1486.243293,0.0,0.0,0.0,0.416667,5,0,8000.0,648.230914,0.0,12
2837.833628,1.0,5541.87,1630.6,3911.27,855.232779,1.0,0.333333,1.0,0.166667,2,49,6500.0,3909.7339,0.0,12
7.310526,0.727273,70.0,0.0,70.0,0.0,0.666667,0.0,0.583333,0.0,0,8,5000.0,98.099008,0.454545,12
4322.806448,1.0,220.5,0.0,220.5,3767.104707,0.416667,0.0,0.416667,0.916667,25,11,11000.0,1170.484558,0.0,12
1105.969915,1.0,0.0,0.0,0.0,291.608512,0.0,0.0,0.0,0.416667,7,0,1200.0,366.079307,0.0,12
994.231031,1.0,487.6,0.0,487.6,38.690552,0.75,0.0,0.75,0.083333,1,9,1000.0,755.610568,0.0,12
11.896546,0.363636,86.0,86.0,0.0,0.0,0.083333,0.083333,0.0,0.0,0,1,8000.0,488.720214,1.0,12
1114.38403,1.0,1956.43,1423.8,532.63,521.664369,0.583333,0.083333,0.5,0.083333,3,18,1800.0,836.108453,0.0,12
860.268175,1.0,0.0,0.0,0.0,1974.202963,0.0,0.0,0.0,0.333333,5,0,2500.0,749.789889,0.0,12
4389.759633,1.0,473.74,473.74,0.0,2462.100789,0.166667,0.166667,0.0,0.25,17,7,4500.0,999.619739,0.0,12
4672.628863,1.0,483.02,99.0,384.02,1168.493188,1.0,0.083333,1.0,0.166667,2,25,8500.0,1476.028461,0.0,12
1649.174527,1.0,0.0,0.0,0.0,364.489187,0.0,0.0,0.0,0.083333,1,0,10000.0,1334.151756,0.0,12
179.765708,1.0,1628.62,1233.9,394.72,0.0,1.0,1.0,0.75,0.0,0,36,5000.0,1642.917096,0.583333,12
406.707189,1.0,0.0,0.0,0.0,211.485981,0.0,0.0,0.0,0.166667,2,0,5000.0,602.755235,0.0,12
323.801713,0.333333,0.0,0.0,0.0,1430.485333,0.0,0.0,0.0,0.166667,1,0,1500.0,0.0,0.0,6
170.49564,0.636364,2581.01,2082.67,498.34,0.0,0.333333,0.25,0.166667,0.0,0,10,4000.0,1088.390376,0.0,12
8038.893195,1.0,0.0,0.0,0.0,197.915586,0.0,0.0,0.0,0.166667,8,0,9000.0,3569.182969,0.0,12
649.896506,1.0,4919.76,4353.06,566.7,191.376535,0.916667,0.666667,0.833333,0.166667,3,48,6500.0,4854.34051,0.166667,12
4081.115283,1.0,1133.98,298.59,835.39,495.425832,1.0,0.416667,1.0,0.333333,8,42,8500.0,1532.358832,0.0,12
2551.808695,1.0,179.9,179.9,0.0,196.095144,0.25,0.25,0.0,0.166667,3,7,3000.0,586.174437,0.0,12
4.652161,0.727273,398.64,0.0,398.64,0.0,1.0,0.0,1.0,0.0,0,12,2000.0,445.721684,0.1,12
2569.237357,1.0,0.0,0.0,0.0,498.667849,0.0,0.0,0.0,0.25,14,0,2500.0,188.855192,0.0,12
338.310239,1.0,2855.04,2488.95,366.09,0.0,0.75,0.25,0.583333,0.0,0,15,6000.0,2801.205072,0.375,12
1541.047251,1.0,100.0,0.0,100.0,0.0,0.166667,0.0,0.166667,0.0,0,2,7000.0,325.179537,0.0,12
2886.330537,1.0,0.0,0.0,0.0,275.617952,0.0,0.0,0.0,0.416667,6,0,3000.0,3628.742239,0.083333,12
2659.823914,1.0,3384.83,812.11,2572.72,0.0,1.0,0.333333,1.0,0.0,0,82,5700.0,2798.135325,0.0,12
428.532479,1.0,0.0,0.0,0.0,2039.234459,0.0,0.0,0.0,0.833333,44,0,9000.0,1446.932048,0.0,12
579.57472,0.909091,1337.5,0.0,1337.5,1059.31576,0.583333,0.0,0.583333,0.166667,6,11,1500.0,2772.615528,0.1,12
7969.504857,1.0,0.0,0.0,0.0,4714.040663,0.0,0.0,0.0,0.5,16,0,11500.0,2184.446847,0.0,12
350.306089,0.333333,0.0,0.0,0.0,1438.822819,0.0,0.0,0.0,0.333333,7,0,1500.0,57.290411,0.0,6
1150.307564,1.0,1189.04,0.0,1189.04,0.0,1.0,0.0,1.0,0.0,0,12,15000.0,3016.935137,0.0,12
1613.502125,1.0,65.6,0.0,112.6,0.0,0.4,0.0,0.3,0.0,0,5,5000.0,390.916581,0.0,10
1906.67771,1.0,486.27,580.2,0.0,0.0,0.416667,0.25,0.0,0.0,0,14,2000.0,712.776539,0.0,12
399.988157,1.0,5277.77,4004.96,1272.81,0.0,1.0,1.0,0.916667,0.0,0,57,6000.0,4353.346961,1.0,12
1196.183155,0.909091,166.8,166.8,0.0,0.0,0.083333,0.083333,0.0,0.0,0,1,7000.0,1910.836556,0.0,12
89.165814,0.833333,724.0,0.0,724.0,0.0,0.833333,0.0,0.833333,0.0,0,6,1000.0,521.867766,0.0,6
4707.223656,1.0,896.46,600.01,296.45,5740.678318,0.416667,0.083333,0.333333,0.416667,7,13,6500.0,7332.868891,0.0,12
1111.811966,1.0,0.0,0.0,0.0,2028.487118,0.0,0.0,0.0,0.583333,7,0,2000.0,1264.471544,0.0,12
517.574276,1.0,4235.28,465.58,3769.7,0.0,0.916667,0.333333,0.833333,0.0,0,33,2800.0,3770.525556,0.777778,12
1783.266003,1.0,129.05,129.05,0.0,1412.345077,0.083333,0.083333,0.0,0.25,4,1,2000.0,581.851472,0.0,12
5429.372649,1.0,493.1,0.0,493.1,0.0,0.5,0.0,0.5,0.0,0,6,12000.0,1415.589572,0.0,12
92.007959,1.0,1265.58,0.0,1265.58,0.0,1.0,0.0,1.0,0.0,0,26,5700.0,1341.967777,1.0,12
5172.929286,1.0,3030.33,715.29,2315.04,5573.357964,1.0,0.5,1.0,0.583333,21,22,7500.0,10141.66717,0.0,12
33.04593,1.0,204.24,0.0,204.24,0.0,1.0,0.0,0.833333,0.0,0,6,1500.0,163.744562,1.0,6
645.515371,1.0,756.0,756.0,0.0,0.0,1.0,1.0,0.0,0.0,0,12,600.0,1305.933063,0.0,12
23.249635,0.545455,307.4,0.0,307.4,0.0,0.333333,0.0,0.25,0.0,0,4,5500.0,784.765421,0.4,12
3967.453587,1.0,10148.7,3162.94,6985.76,0.0,1.0,0.666667,0.916667,0.0,0,157,9800.0,6722.566161,0.0,12
177.696201,1.0,2799.53,929.67,1869.86,0.0,1.0,0.416667,1.0,0.0,0,59,3000.0,2687.141741,0.166667,12
204.61438,0.818182,1410.6,411.6,999.0,0.0,0.583333,0.416667,0.166667,0.0,0,8,4000.0,1933.515816,0.2,12
312.928384,1.0,0.0,0.0,0.0,1800.188812,0.0,0.0,0.0,0.083333,1,0,2800.0,28.380195,0.0,12
3.956222,0.090909,480.01,480.01,0.0,0.0,0.083333,0.083333,0.0,0.0,0,1,19500.0,0.0,0.0,12
1984.636464,1.0,0.0,0.0,0.0,4436.713078,0.0,0.0,0.0,0.444444,7,0,5000.0,849.560918,0.0,9
282.070933,1.0,1926.19,569.8,1356.39,500.865079,1.0,0.333333,0.916667,0.333333,6,43,7000.0,2609.18811,0.333333,12
18.306211,0.272727,162.01,162.01,0.0,0.0,0.083333,0.083333,0.0,0.0,0,1,7000.0,266.822736,0.0,12
2092.156291,1.0,1372.81,1372.81,0.0,0.0,0.416667,0.416667,0.0,0.0,0,16,2250.0,1073.317848,0.0,12
239.055052,0.818182,892.4,383.4,509.0,0.0,0.636364,0.090909,0.636364,0.0,0,15,2100.0,1713.393928,0.222222,11
478.530825,1.0,0.0,0.0,0.0,96.176909,0.0,0.0,0.0,0.25,4,0,500.0,175.481779,0.0,12
1585.763627,0.625,85.69,85.69,0.0,2649.776206,0.125,0.125,0.0,0.25,6,2,3000.0,316.55616,0.0,8
50.82451,1.0,456.0,0.0,456.0,0.0,1.0,0.0,1.0,0.0,0,12,1000.0,339.113852,0.583333,12
113.36255,1.0,1160.35,853.35,307.0,0.0,0.833333,0.666667,0.416667,0.0,0,25,5000.0,1223.179332,0.888889,12
12.683677,0.363636,31.68,0.0,31.68,0.0,0.083333,0.0,0.083333,0.0,0,1,4000.0,210.141652,0.0,12
1.632453,0.363636,1985.62,0.0,1985.62,0.0,1.0,0.0,1.0,0.0,0,41,7500.0,1792.109113,0.0,12
26.96054,0.636364,157.45,0.0,157.45,0.0,0.416667,0.0,0.416667,0.0,0,5,1000.0,238.253379,0.0,12
86.793633,1.0,387.41,387.41,0.0,0.0,0.5,0.5,0.0,0.0,0,5,2500.0,37.014298,0.0,6
13.230057,0.545455,112.21,0.0,112.21,0.0,0.416667,0.0,0.416667,0.0,0,5,1500.0,229.90409,0.285714,12
2389.347926,1.0,382.5,0.0,382.5,0.0,0.75,0.0,0.75,0.0,0,9,2500.0,1118.260439,0.0,12
2306.682105,1.0,280.0,280.0,0.0,1708.514116,0.166667,0.166667,0.0,0.666667,15,3,3000.0,3344.167438,0.0,12
1817.71659,1.0,2490.07,2022.57,467.5,153.337299,0.916667,0.5,0.833333,0.083333,1,20,3400.0,392.291143,0.0,12
21.494012,0.545455,417.0,0.0,417.0,0.0,0.416667,0.0,0.416667,0.0,0,6,5000.0,394.135239,0.454545,12
368.980661,1.0,1516.42,1516.42,0.0,0.0,0.916667,0.916667,0.0,0.0,0,31,10000.0,977.636615,0.333333,12
2408.162021,1.0,0.0,0.0,0.0,615.181965,0.0,0.0,0.0,0.333333,5,0,2500.0,516.675665,0.0,12
16.135672,0.636364,50.0,50.0,0.0,0.0,0.083333,0.083333,0.0,0.0,0,1,7000.0,109.329805,0.0,12
20.447524,0.727273,306.99,0.0,306.99,0.0,0.5,0.0,0.416667,0.0,0,9,3000.0,336.09467,1.0,12
5589.888793,1.0,454.36,454.36,0.0,4441.706964,0.166667,0.166667,0.0,0.833333,30,7,6600.0,1767.288568,0.0,12
817.059154,0.636364,0.0,0.0,0.0,2135.75811,0.0,0.0,0.0,0.083333,4,0,5500.0,8013.594413,0.0,12
94.02407,0.636364,1099.5,849.0,250.5,0.0,0.5,0.166667,0.25,0.0,0,8,6000.0,1442.251089,0.0,12
2755.195444,1.0,1640.29,847.95,792.34,809.102975,1.0,1.0,0.5,0.583333,10,27,6200.0,2277.879418,0.0,12
540.691281,1.0,0.0,0.0,0.0,155.663715,0.0,0.0,0.0,0.166667,3,0,2200.0,1561.37344,0.083333,12
2713.833113,1.0,317.62,0.0,317.62,225.464718,0.833333,0.0,0.75,0.083333,1,10,4500.0,665.76969,0.0,12
2932.111796,1.0,346.32,346.32,0.0,2631.304016,0.333333,0.333333,0.0,0.333333,10,9,6000.0,597.5143,0.0,12
2643.019532,1.0,554.38,191.13,363.25,0.0,1.0,0.25,0.916667,0.0,0,15,8000.0,681.881907,0.0,12
1196.364009,1.0,0.0,0.0,0.0,1376.669494,0.0,0.0,0.0,0.25,7,0,1500.0,293.144474,0.0,12
2.463995,0.363636,165.8,0.0,165.8,0.0,0.333333,0.0,0.333333,0.0,0,4,700.0,251.778786,0.0,12
535.278586,1.0,704.72,360.9,343.82,0.0,1.0,0.5,1.0,0.0,0,38,600.0,686.976557,0.0,12
5.404443,0.5,194.0,0.0,194.0,0.0,0.5,0.0,0.333333,0.0,0,3,1500.0,269.175108,1.0,6
1113.954035,1.0,87.09,0.0,87.09,0.0,0.583333,0.0,0.5,0.0,0,8,4500.0,276.653239,0.0,12
212.25194,1.0,0.0,0.0,0.0,310.679119,0.0,0.0,0.0,0.166667,3,0,300.0,332.528057,0.083333,12
2610.433432,1.0,512.5,0.0,512.5,2771.850961,1.0,0.0,0.857143,0.142857,6,11,3000.0,691.600531,0.0,7
424.809549,1.0,1130.0,1130.0,0.0,185.283125,0.083333,0.083333,0.0,0.083333,1,3,1500.0,133.744014,0.0,12
1632.895642,1.0,0.0,0.0,0.0,16981.84677,0.0,0.0,0.0,0.75,25,0,11000.0,13069.75422,0.3,12
483.402486,0.777778,2723.47,2723.47,0.0,0.0,0.666667,0.666667,0.0,0.0,0,26,2000.0,1203.702727,0.0,9
1448.6877,1.0,266.52,0.0,266.52,0.0,0.857143,0.0,0.714286,0.0,0,24,1500.0,250.102937,0.0,7
50.044687,0.555556,658.96,658.96,0.0,0.0,0.222222,0.222222,0.0,0.0,0,2,2500.0,207.721495,0.0,9
80.513636,1.0,588.2,65.0,523.2,0.0,1.0,0.083333,0.916667,0.0,0,13,3000.0,601.778889,0.5,12
2963.381127,1.0,535.97,535.97,0.0,38.953008,0.75,0.75,0.0,0.083333,1,10,5000.0,638.384571,0.0,12
3371.213454,0.888889,75.0,0.0,75.0,3827.274455,0.333333,0.0,0.333333,0.222222,4,3,5500.0,913.974282,0.0,9
56.060327,0.181818,13.69,0.0,13.69,0.0,0.083333,0.0,0.083333,0.0,0,1,2900.0,2165.403988,0.0,12
636.20672,1.0,1514.8,1514.8,0.0,0.0,0.5,0.5,0.0,0.0,0,9,1500.0,1340.645745,0.0,12
854.166159,1.0,567.68,536.0,31.68,237.518629,0.25,0.166667,0.083333,0.333333,5,7,3500.0,1697.132875,0.083333,12
13777.37772,1.0,0.0,0.0,0.0,1675.249576,0.0,0.0,0.0,0.666667,11,0,14500.0,3054.844697,0.0,12
912.912728,0.857143,0.0,0.0,0.0,1563.920556,0.0,0.0,0.0,0.285714,9,0,1500.0,212.084925,0.0,7
1694.655764,1.0,0.0,0.0,0.0,58.373936,0.0,0.0,0.0,0.166667,2,0,1700.0,258.425485,0.0,12
1157.305572,1.0,0.0,0.0,0.0,1195.791823,0.0,0.0,0.0,0.166667,5,0,1200.0,328.141952,0.0,12
1201.62361,1.0,55.4,55.4,0.0,109.3684,0.083333,0.083333,0.0,0.083333,2,1,1200.0,188.413804,0.0,12
1832.521787,1.0,0.0,0.0,0.0,131.233151,0.0,0.0,0.0,0.166667,3,0,2000.0,495.043669,0.0,12
2912.739062,1.0,860.0,0.0,860.0,8692.205817,0.833333,0.0,0.75,0.833333,61,10,7000.0,4062.824567,0.083333,12
432.109743,1.0,334.48,281.98,52.5,473.763157,0.25,0.166667,0.166667,0.25,3,6,1200.0,634.297592,0.0,12
1827.688454,1.0,137.55,0.0,137.55,0.0,0.090909,0.0,0.090909,0.0,0,4,9500.0,384.774018,0.0,11
92.239093,0.909091,1525.1,0.0,1525.1,0.0,0.833333,0.0,0.833333,0.0,0,13,4000.0,1682.312643,1.0,12
2.11508,0.181818,50.0,50.0,0.0,0.0,0.083333,0.083333,0.0,0.0,0,1,1200.0,555.764209,0.0,12
1082.436807,1.0,0.0,0.0,0.0,1835.406271,0.0,0.0,0.0,0.25,7,0,1500.0,2094.304543,0.0,12
325.038037,1.0,512.16,105.0,407.16,0.0,0.833333,0.083333,0.75,0.0,0,13,2500.0,567.449456,0.0,12
1700.753811,1.0,0.0,0.0,0.0,624.480873,0.0,0.0,0.0,0.5,9,0,2000.0,418.596666,0.0,12
3136.079106,1.0,555.0,0.0,555.0,1728.321044,1.0,0.0,0.916667,0.083333,4,12,3500.0,1045.129438,0.0,12
0.0,0.0,9.28,0.0,9.28,0.0,0.25,0.0,0.25,0.0,0,3,5000.0,0.0,0.0,12
319.696908,1.0,3884.19,2265.9,1618.29,0.0,1.0,1.0,0.833333,0.0,0,43,9000.0,3682.437155,0.416667,12
116.418751,1.0,1176.0,0.0,1176.0,0.0,1.0,0.0,1.0,0.0,0,12,2150.0,1083.783994,0.666667,12
170.019011,0.5,266.6,266.6,0.0,1199.729121,0.166667,0.166667,0.0,0.166667,3,1,2500.0,293.055707,0.0,6
1679.952713,1.0,585.39,585.39,0.0,0.0,0.75,0.75,0.0,0.0,0,11,1700.0,523.910288,0.0,12
1476.16609,1.0,0.0,0.0,0.0,1429.734958,0.0,0.0,0.0,0.333333,6,0,3000.0,2644.30567,0.0,12
4611.724712,1.0,0.0,0.0,0.0,2686.074313,0.0,0.0,0.0,0.222222,2,0,6000.0,674.702724,0.0,9
1039.408368,1.0,3838.7,2753.75,1084.95,0.0,1.0,1.0,1.0,0.0,0,63,6500.0,3798.039094,0.0,12
2813.134224,0.818182,8834.96,8269.36,565.6,0.0,0.75,0.666667,0.583333,0.0,0,24,7000.0,3788.138204,0.0,12
245.115749,0.875,2690.62,1217.04,1473.58,0.0,0.875,0.875,0.75,0.0,0,44,8000.0,2806.897275,1.0,8
2525.683344,1.0,0.0,0.0,0.0,285.193204,0.0,0.0,0.0,0.166667,5,0,7000.0,1483.38461,0.0,12
112.01654,0.636364,825.0,600.0,225.0,0.0,0.5,0.083333,0.416667,0.0,0,7,3000.0,218.826147,0.2,12
121.117428,0.909091,968.64,0.0,968.64,0.0,1.0,0.0,1.0,0.0,0,24,3000.0,764.973252,0.181818,12
299.030773,1.0,805.8,540.0,265.8,0.0,1.0,0.083333,1.0,0.0,0,13,4000.0,845.966736,0.0,12
2968.476388,1.0,185.1,185.1,0.0,5874.584626,0.25,0.25,0.0,0.333333,10,3,4000.0,5549.022185,0.166667,12
3027.570865,1.0,0.0,0.0,0.0,2081.583331,0.0,0.0,0.0,0.083333,3,0,4500.0,1074.265678,0.0,12
6245.256644,1.0,539.55,0.0,539.55,2804.63059,0.833333,0.0,0.75,0.083333,2,32,6500.0,1405.944742,0.0,12
394.643543,0.545455,3770.05,2399.95,1370.1,1576.48503,0.916667,0.333333,0.833333,0.083333,2,27,6500.0,6372.619037,0.0,12
617.413726,1.0,0.0,0.0,0.0,1420.758241,0.0,0.0,0.0,0.272727,4,0,2000.0,385.654237,0.0,11
765.109593,1.0,0.0,0.0,0.0,457.076354,0.0,0.0,0.0,0.25,3,0,1200.0,269.369459,0.0,12
2583.247881,1.0,1337.35,45.65,1291.7,2484.59465,1.0,0.083333,1.0,0.5,18,21,3000.0,819.792196,0.0,12
1146.669364,1.0,439.08,108.45,330.63,0.0,0.818182,0.181818,0.727273,0.0,0,15,1200.0,1476.257377,0.0,11
757.470201,1.0,118.7,0.0,118.7,1520.641388,0.5,0.0,0.5,0.166667,4,12,2000.0,305.892501,0.083333,12
1253.188317,1.0,320.34,0.0,320.34,0.0,0.666667,0.0,0.666667,0.0,0,11,1500.0,1229.226379,0.0,12
5058.299635,1.0,968.43,240.0,728.43,4968.817936,1.0,0.083333,1.0,0.416667,13,32,8000.0,1899.738286,0.0,12
296.905944,1.0,43.25,0.0,43.25,875.31071,0.125,0.0,0.125,0.125,1,1,1800.0,32.924384,0.0,8
1084.652647,1.0,0.0,0.0,0.0,37.460952,0.0,0.0,0.0,0.166667,2,0,1200.0,272.517748,0.0,12
237.198442,1.0,1166.68,0.0,1166.68,0.0,1.0,0.0,1.0,0.0,0,12,3500.0,1014.549633,0.083333,12
1636.518315,1.0,542.47,542.47,0.0,1869.646314,0.25,0.25,0.0,0.25,2,2,3000.0,209.392729,0.0,8
1213.551338,1.0,941.39,860.67,80.72,49.747079,1.0,1.0,0.25,0.083333,1,18,7000.0,1679.00486,0.0,12
468.851415,1.0,0.0,0.0,0.0,147.205289,0.0,0.0,0.0,0.083333,1,0,600.0,164.403739,0.0,12
252.717781,1.0,463.34,0.0,463.34,0.0,0.833333,0.0,0.833333,0.0,0,10,4000.0,162.949236,0.0,12
954.431507,1.0,1334.7,1334.7,0.0,90.168062,1.0,1.0,0.0,0.083333,1,13,3000.0,904.68554,0.0,12
18.105265,1.0,244.92,0.0,244.92,0.0,1.0,0.0,1.0,0.0,0,12,2500.0,221.798291,0.333333,12
53.583548,0.818182,553.85,369.1,184.75,0.0,0.75,0.416667,0.5,0.0,0,19,4200.0,846.787917,0.875,12
1275.142146,1.0,454.72,454.72,0.0,959.005156,1.0,1.0,0.0,0.083333,2,12,1500.0,826.036748,0.0,12
151.912258,1.0,2216.21,2047.21,169.0,0.0,1.0,1.0,0.25,0.0,0,32,2500.0,2571.573214,0.4,12
192.942944,1.0,1963.25,1877.08,86.17,0.0,1.0,0.916667,0.916667,0.0,0,22,8000.0,1903.279643,1.0,12
64.152423,0.818182,487.0,487.0,0.0,0.0,0.666667,0.666667,0.0,0.0,0,13,500.0,454.888506,0.2,12
954.060867,1.0,279.76,0.0,578.55,325.076569,0.583333,0.0,0.666667,0.333333,4,14,1000.0,956.028747,0.0,12
6022.224462,1.0,0.0,0.0,0.0,4111.465632,0.0,0.0,0.0,0.166667,6,0,7000.0,4560.77572,0.0,12
1631.385579,1.0,0.0,0.0,0.0,1755.575907,0.0,0.0,0.0,0.083333,3,0,3500.0,398.316441,0.0,12
3803.969016,1.0,0.0,0.0,0.0,2459.259917,0.0,0.0,0.0,0.727273,26,0,5000.0,1825.349955,0.0,11
1084.912729,1.0,661.49,661.49,0.0,107.477606,0.083333,0.083333,0.0,0.083333,1,1,1800.0,2617.887354,0.090909,12
4230.023512,1.0,5755.93,3854.62,1901.31,0.0,1.0,0.833333,0.833333,0.0,0,66,10000.0,3848.416129,0.0,12
2705.899439,1.0,0.0,0.0,0.0,547.055908,0.0,0.0,0.0,0.166667,2,0,8500.0,1123.974128,0.0,12
1044.878512,1.0,0.0,0.0,0.0,168.888837,0.0,0.0,0.0,0.166667,2,0,1200.0,348.658967,0.0,12
1944.394136,1.0,575.88,375.88,200.0,0.0,0.583333,0.333333,0.416667,0.0,0,12,4500.0,406.891744,0.0,12
44.694228,0.818182,788.99,235.9,553.09,0.0,0.75,0.083333,0.583333,0.0,0,15,5700.0,874.51882,0.727273,12
538.468542,1.0,0.0,0.0,0.0,1766.880842,0.0,0.0,0.0,0.25,8,0,8000.0,6313.310688,0.1,12
394.423256,1.0,434.25,0.0,434.25,0.0,0.583333,0.0,0.583333,0.0,0,9,5450.0,4997.981363,1.0,12
64.180193,0.727273,602.2,502.2,100.0,0.0,0.416667,0.416667,0.166667,0.0,0,9,2500.0,590.403543,0.0,12
333.085021,0.636364,980.0,980.0,0.0,0.0,0.083333,0.083333,0.0,0.0,0,1,1000.0,1485.205378,0.0,12
4663.039011,1.0,3908.26,3908.26,0.0,0.0,1.0,1.0,0.0,0.0,0,12,9000.0,2226.722088,0.0,12
2589.824766,1.0,0.0,0.0,0.0,4354.657224,0.0,0.0,0.0,0.333333,19,0,3000.0,3410.296105,0.083333,12
719.592571,0.727273,124.13,45.65,78.48,0.0,0.25,0.083333,0.166667,0.0,0,3,3000.0,1486.14717,0.0,12
1473.542308,1.0,240.02,0.0,240.02,0.0,0.583333,0.0,0.5,0.0,0,12,1500.0,613.733389,0.0,12
1359.527692,1.0,92.1,0.0,92.1,0.0,0.25,0.0,0.25,0.0,0,3,1500.0,487.05295,0.0,12
208.039434,1.0,684.2,518.87,165.33,0.0,0.833333,0.5,0.75,0.0,0,26,4000.0,1194.108316,0.333333,12
330.673765,1.0,33.44,0.0,33.44,0.0,0.333333,0.0,0.333333,0.0,0,4,2400.0,2989.04951,0.181818,12
867.938337,0.363636,0.0,0.0,0.0,7378.253685,0.0,0.0,0.0,0.083333,1,0,8000.0,22889.17468,0.5,12
9376.987835,1.0,0.0,0.0,0.0,1073.873304,0.0,0.0,0.0,0.166667,3,0,17500.0,2803.423946,0.0,12
1236.088709,1.0,0.0,0.0,0.0,2546.081531,0.0,0.0,0.0,0.5,24,0,2500.0,1612.24135,0.0,12
288.350729,1.0,296.16,0.0,296.16,1113.678595,0.333333,0.0,0.25,0.166667,5,8,1500.0,58.787935,0.0,12
1776.088454,1.0,117.0,117.0,0.0,139.117692,0.333333,0.333333,0.0,0.166667,2,4,9000.0,1160.657884,0.0,12
4383.571529,1.0,0.0,0.0,0.0,1805.853456,0.0,0.0,0.0,0.333333,6,0,5000.0,1161.700956,0.0,12
788.425212,1.0,94.38,32.08,62.3,1461.675329,0.166667,0.083333,0.166667,0.5,10,3,2500.0,1593.278155,0.0,12
440.161534,1.0,365.0,116.0,249.0,0.0,0.25,0.083333,0.166667,0.0,0,6,800.0,230.655936,0.0,12
1994.005447,1.0,0.0,0.0,0.0,1512.2157,0.0,0.0,0.0,0.083333,6,0,6000.0,689.917064,0.0,12
427.186194,1.0,3305.33,419.22,2886.11,0.0,1.0,0.166667,1.0,0.0,0,42,5000.0,3312.414274,0.083333,12
137.507638,1.0,0.0,0.0,0.0,94.989817,0.0,0.0,0.0,0.083333,1,0,500.0,158.139197,0.0,12
1546.414616,0.909091,0.0,0.0,0.0,4544.457479,0.0,0.0,0.0,0.416667,15,0,3500.0,3440.235297,0.1,12
222.478614,1.0,2360.7,2360.7,0.0,0.0,0.916667,0.916667,0.0,0.0,0,44,5000.0,2313.605337,1.0,12
4420.564706,1.0,0.0,0.0,0.0,310.00809,0.0,0.0,0.0,0.166667,2,0,5000.0,1096.636052,0.0,12
46.290578,1.0,553.18,0.0,553.18,0.0,0.75,0.0,0.666667,0.0,0,13,8000.0,467.565103,0.636364,12
1649.383354,1.0,2138.34,2025.0,113.34,289.350386,0.25,0.166667,0.083333,0.083333,1,6,3000.0,1340.124452,0.0,12
5481.094936,1.0,249.75,0.0,249.75,755.925861,0.25,0.0,0.166667,0.25,5,3,6000.0,1715.681945,0.0,12
292.176394,1.0,400.04,275.04,125.0,410.694889,0.583333,0.166667,0.333333,0.25,4,7,3000.0,681.432786,0.0,12
701.345445,1.0,70.98,0.0,70.98,0.0,0.166667,0.0,0.166667,0.0,0,2,1000.0,379.261644,0.0,12
101.936878,1.0,888.96,0.0,888.96,0.0,1.0,0.0,1.0,0.0,0,12,2000.0,790.509043,0.833333,12
2112.383095,1.0,0.0,0.0,0.0,1437.963388,0.0,0.0,0.0,0.25,5,0,2500.0,763.38027,0.0,12
2136.215769,1.0,1846.03,507.32,1338.71,187.819777,1.0,0.333333,1.0,0.083333,1,33,4500.0,1082.35936,0.0,12
1446.080403,1.0,0.0,0.0,0.0,75.50221,0.0,0.0,0.0,0.083333,1,0,1700.0,361.533622,0.0,12
745.342323,1.0,49.25,49.25,0.0,0.0,0.083333,0.083333,0.0,0.0,0,1,1000.0,370.390221,0.0,12
3249.347926,1.0,438.12,59.2,378.92,2195.21579,1.0,0.083333,1.0,0.416667,6,27,5000.0,1021.827215,0.0,12
37.324758,0.166667,0.0,0.0,0.0,720.142017,0.0,0.0,0.0,0.166667,6,0,4000.0,0.0,0.0,6
1.956658,0.272727,393.71,168.71,225.0,0.0,0.416667,0.166667,0.25,0.0,0,6,1700.0,178.707279,0.0,12
2859.393734,1.0,0.0,0.0,0.0,841.853868,0.0,0.0,0.0,0.333333,7,0,3500.0,890.878231,0.0,12
1070.59508,1.0,0.0,0.0,0.0,54.379041,0.0,0.0,0.0,0.25,3,0,1200.0,1513.629514,0.083333,12
969.583332,1.0,0.0,0.0,0.0,19.587825,0.0,0.0,0.0,0.083333,1,0,2500.0,481.98,0.0,12
4.930929,0.444444,189.72,0.0,189.72,0.0,1.0,0.0,0.888889,0.0,0,9,1500.0,284.411628,0.166667,9
493.557307,0.909091,1653.34,559.83,1093.51,1949.228028,0.583333,0.25,0.5,0.166667,2,13,2500.0,3719.691848,0.181818,12
214.592814,0.363636,0.0,0.0,0.0,1306.528549,0.0,0.0,0.0,0.083333,3,0,3000.0,28.36165,0.0,12
4348.546906,1.0,3198.15,1966.24,1231.91,0.0,0.909091,0.545455,0.909091,0.0,0,54,6000.0,1068.304454,0.0,11
1986.566642,0.875,551.06,551.06,0.0,2147.863293,0.375,0.375,0.0,0.25,7,11,2500.0,583.355186,0.0,8
825.207867,0.8,0.0,0.0,0.0,1270.8469,0.0,0.0,0.0,0.3,4,0,2500.0,411.215805,0.0,10
18.906225,0.272727,143.73,0.0,143.73,0.0,0.25,0.0,0.166667,0.0,0,3,2500.0,0.0,0.0,12
525.3186,0.9,1604.97,0.0,1604.97,0.0,0.9,0.0,0.8,0.0,0,9,1000.0,1059.917432,0.0,10
26.969302,1.0,417.7,0.0,417.7,0.0,1.0,0.0,1.0,0.0,0,14,2000.0,447.030311,0.272727,12
197.931794,1.0,1946.25,816.91,1129.34,0.0,1.0,0.666667,1.0,0.0,0,40,1200.0,1957.052996,1.0,12
4507.000722,1.0,7394.18,2288.2,5105.98,5424.701791,1.0,0.916667,1.0,0.833333,40,130,11000.0,10460.87946,0.0,12
2481.696036,1.0,1326.09,1326.09,0.0,2033.191162,0.583333,0.583333,0.0,0.166667,8,15,3500.0,1491.960053,0.0,12
1978.669021,1.0,1224.01,803.85,420.16,0.0,0.916667,0.75,0.333333,0.0,0,41,3500.0,429.743823,0.0,12
0.0,0.0,54.0,0.0,54.0,0.0,0.166667,0.0,0.166667,0.0,0,2,4000.0,0.0,0.0,12
481.807171,0.909091,2331.4,842.9,1488.5,0.0,0.75,0.416667,0.666667,0.0,0,24,4500.0,1859.888094,0.0,12
1096.991698,1.0,1567.12,826.63,740.49,0.0,1.0,0.666667,0.916667,0.0,0,37,1200.0,993.247869,0.0,12
600.140869,0.875,3488.01,3488.01,0.0,0.0,0.5,0.5,0.0,0.0,0,21,5000.0,105.220502,0.0,8
214.699856,1.0,440.44,440.44,0.0,0.0,1.0,1.0,0.0,0.0,0,22,3000.0,541.027445,0.0,12
71.160989,1.0,317.1,0.0,317.1,0.0,1.0,0.0,0.9,0.0,0,10,1000.0,169.458993,0.0,10
1779.435899,1.0,0.0,0.0,0.0,2131.824562,0.0,0.0,0.0,0.333333,4,0,2000.0,2563.051966,0.083333,12
204.166295,1.0,2630.52,1769.34,861.18,0.0,1.0,0.75,0.916667,0.0,0,96,4000.0,2534.005357,0.916667,12
1120.057407,1.0,417.72,0.0,417.72,1176.894248,0.333333,0.0,0.333333,0.166667,2,4,2000.0,1362.230146,0.0,12
5366.532372,1.0,5251.08,2875.1,2375.98,744.096753,1.0,0.5,0.916667,0.25,3,44,11000.0,1429.348596,0.0,12
281.079293,1.0,4723.84,185.0,4538.84,0.0,1.0,0.083333,1.0,0.0,0,31,7500.0,4319.450171,1.0,12
18.810493,0.363636,0.0,0.0,0.0,189.012877,0.0,0.0,0.0,0.090909,1,0,7500.0,714.958591,1.0,11
2526.089973,1.0,3074.81,1797.85,1276.96,911.367983,1.0,0.666667,1.0,0.166667,3,28,5500.0,2405.281559,0.0,12
0.0,0.0,240.1,0.0,240.1,0.0,0.583333,0.0,0.583333,0.0,0,7,2500.0,0.0,0.0,12
2660.23788,1.0,0.0,0.0,0.0,1646.928989,0.0,0.0,0.0,0.333333,10,0,3000.0,499.241223,0.0,12
6495.510054,1.0,716.76,0.0,716.76,6771.644515,1.0,0.0,0.916667,0.166667,5,12,10000.0,1215.678547,0.0,12
1806.895078,1.0,223.6,223.6,0.0,855.065409,0.083333,0.083333,0.0,0.5,8,1,2000.0,1003.294384,0.0,12
7.314379,0.272727,448.74,0.0,448.74,0.0,1.0,0.0,1.0,0.0,0,20,3500.0,556.071033,0.0,12
5005.774991,1.0,4837.22,3513.45,1323.77,0.0,0.916667,0.666667,0.833333,0.0,0,50,12500.0,2400.932909,0.0,12
828.913072,1.0,2827.49,955.85,1871.64,0.0,1.0,0.363636,0.909091,0.0,0,32,3000.0,2188.042223,0.0,11
1363.93317,1.0,74.0,74.0,0.0,0.0,0.083333,0.083333,0.0,0.0,0,1,1500.0,330.099968,0.0,12
0.0,0.0,0.0,0.0,0.0,72.388903,0.0,0.0,0.0,0.083333,1,0,3000.0,197.845282,0.0,12
463.071288,1.0,0.0,0.0,0.0,1381.989484,0.0,0.0,0.0,0.25,7,0,1000.0,5445.35687,0.4,12
1764.972148,1.0,95.44,0.0,95.44,0.0,0.416667,0.0,0.416667,0.0,0,5,5000.0,2686.89785,0.0,12
2490.340771,1.0,2197.28,2064.28,133.0,0.0,0.833333,0.75,0.333333,0.0,0,40,4200.0,775.676457,0.0,12
462.340941,1.0,125.0,0.0,125.0,0.0,0.416667,0.0,0.416667,0.0,0,5,500.0,250.788354,0.0,12
418.937604,1.0,1166.24,679.73,486.51,0.0,0.75,0.75,0.583333,0.0,0,39,7000.0,846.60721,0.0,12
387.967458,1.0,944.49,0.0,944.49,0.0,1.0,0.0,1.0,0.0,0,23,1000.0,831.708548,0.0,12
87.217542,0.727273,205.46,205.46,0.0,0.0,0.416667,0.416667,0.0,0.0,0,5,1600.0,335.650351,0.090909,12
236.264094,1.0,1949.62,1430.92,518.7,0.0,1.0,1.0,0.5,0.0,0,38,1800.0,1679.271891,0.1,12
550.50988,1.0,194.03,194.03,0.0,0.0,0.583333,0.583333,0.0,0.0,0,7,4000.0,589.020267,0.0,12
951.309137,1.0,137.03,137.03,0.0,1171.933912,0.111111,0.111111,0.0,0.111111,2,3,1200.0,312.729653,0.0,9
158.038938,1.0,1780.83,1697.47,83.36,0.0,1.0,1.0,0.166667,0.0,0,51,4500.0,1892.999476,1.0,12
327.576438,0.545455,2352.24,2352.24,0.0,0.0,0.25,0.25,0.0,0.0,0,16,6500.0,3931.602949,0.0,12
2677.340611,1.0,1443.89,1255.71,188.18,0.0,0.833333,0.75,0.5,0.0,0,35,8000.0,707.157146,0.0,12
2444.389258,1.0,0.0,0.0,0.0,702.838293,0.0,0.0,0.0,0.25,3,0,2500.0,494.810805,0.0,12
1226.561937,0.857143,360.0,360.0,0.0,7883.54172,0.857143,0.857143,0.0,0.857143,30,6,2500.0,10132.43236,0.6,7
759.198024,1.0,1769.79,1359.89,409.9,0.0,0.5,0.083333,0.416667,0.0,0,9,2500.0,662.501323,0.0,12
1066.830615,1.0,509.94,0.0,509.94,0.0,1.0,0.0,1.0,0.0,0,27,1000.0,812.018361,0.0,12
179.29326,0.272727,217.77,0.0,217.77,2508.079327,0.25,0.0,0.166667,0.083333,5,9,3000.0,211.406239,0.5,12
0.0,0.0,181.0,181.0,0.0,0.0,0.083333,0.083333,0.0,0.0,0,1,2500.0,165.763083,0.0,12
91.011429,0.636364,1023.55,788.15,235.4,0.0,0.75,0.333333,0.5,0.0,0,20,3000.0,853.805054,0.166667,12
624.717922,0.857143,0.0,0.0,0.0,1761.331946,0.0,0.0,0.0,0.571429,8,0,1200.0,901.464465,0.0,7
5478.956337,1.0,0.0,0.0,0.0,2925.736794,0.0,0.0,0.0,0.416667,6,0,6500.0,1109.464387,0.0,12
1363.414177,1.0,0.0,0.0,0.0,56.326164,0.0,0.0,0.0,0.083333,1,0,1500.0,307.813989,0.0,12
5063.070919,1.0,2742.33,517.3,2225.03,367.915403,0.916667,0.75,0.916667,0.083333,1,31,7500.0,11263.92185,0.083333,12
98.46389,0.909091,1206.38,1017.26,189.12,0.0,1.0,0.333333,1.0,0.0,0,17,6500.0,1146.597649,0.875,12
9749.239122,1.0,1552.63,0.0,1552.63,5139.766338,1.0,0.0,1.0,0.416667,12,68,11000.0,2999.648846,0.0,12
677.26162,0.666667,0.0,0.0,0.0,1532.532738,0.0,0.0,0.0,0.666667,9,0,1500.0,334.141296,0.0,6
1540.337706,1.0,551.62,360.0,191.62,0.0,0.833333,0.333333,0.75,0.0,0,16,1500.0,655.465567,0.0,12
528.095171,1.0,868.74,677.74,191.0,0.0,0.9,0.6,0.6,0.0,0,22,600.0,1013.601058,0.0,10
1095.420541,0.9,806.37,806.37,0.0,1042.684174,0.5,0.5,0.0,0.3,6,9,2500.0,249.737718,0.0,10
42.443032,0.272727,0.0,0.0,0.0,433.039278,0.0,0.0,0.0,0.083333,1,0,2400.0,655.942526,0.142857,12
2244.345037,1.0,2969.3,1238.55,1730.75,0.0,1.0,0.75,1.0,0.0,0,91,9500.0,713.218297,0.0,12
11.567196,0.454545,116.97,0.0,116.97,0.0,0.25,0.0,0.25,0.0,0,6,2500.0,387.714131,0.333333,12
41.13959,0.909091,235.0,0.0,235.0,0.0,1.0,0.0,0.916667,0.0,0,12,3000.0,265.356425,0.0,12
83.442168,1.0,0.0,0.0,0.0,91.564073,0.0,0.0,0.0,0.083333,1,0,750.0,36.205265,0.0,12
1096.228243,1.0,313.38,313.38,0.0,0.0,0.083333,0.083333,0.0,0.0,0,1,5000.0,502.501173,0.0,12
173.075416,0.2,0.0,0.0,0.0,1193.999651,0.0,0.0,0.0,0.1,1,0,1200.0,329.112626,0.0,10
250.758639,1.0,1274.55,771.58,502.97,0.0,1.0,1.0,0.583333,0.0,0,25,7000.0,1282.879804,0.416667,12
118.46707,1.0,1643.85,187.02,1456.83,0.0,1.0,0.25,0.916667,0.0,0,29,7000.0,1624.984429,0.916667,12
37.765185,0.75,158.64,0.0,158.64,0.0,0.375,0.0,0.25,0.0,0,3,1500.0,178.288853,0.0,8
4962.753828,1.0,618.4,618.4,0.0,2555.103715,1.0,1.0,0.0,0.166667,2,12,7000.0,2412.673715,0.0,12
2006.793571,1.0,485.92,129.2,356.72,0.0,1.0,0.083333,1.0,0.0,0,24,4500.0,461.233712,0.0,12
16.167257,1.0,171.9,0.0,171.9,0.0,1.0,0.0,0.9,0.0,0,10,1500.0,145.002943,0.875,10
1343.394224,1.0,2604.52,2406.12,198.4,0.0,0.666667,0.583333,0.25,0.0,0,39,6000.0,710.851447,0.0,12
481.20549,1.0,1520.98,1129.8,391.18,0.0,0.833333,0.5,0.666667,0.0,0,24,6000.0,1477.598975,0.083333,12
1132.798883,1.0,411.24,242.45,168.79,0.0,0.5,0.333333,0.416667,0.0,0,13,3000.0,814.752576,0.0,12
398.65758,1.0,1331.25,349.47,981.78,647.982323,1.0,0.333333,0.888889,0.111111,2,20,6000.0,343.581118,0.0,9
1103.861429,1.0,714.0,45.0,669.0,0.0,1.0,0.083333,1.0,0.0,0,13,1200.0,615.631157,0.0,12
6.840439,0.285714,74.4,0.0,74.4,0.0,0.285714,0.0,0.285714,0.0,0,2,2000.0,225.796349,0.0,7
857.712196,1.0,1224.0,564.0,660.0,2645.818049,0.666667,0.083333,0.666667,0.75,18,15,2000.0,2494.59698,0.090909,12
50.682705,0.909091,434.6,64.0,370.6,0.0,0.833333,0.083333,0.833333,0.0,0,11,4000.0,538.381397,0.1,12
415.27608,0.454545,191.34,40.0,151.34,0.0,0.416667,0.083333,0.416667,0.0,0,8,1500.0,3467.412046,0.2,12
2075.314278,1.0,588.67,277.63,311.04,0.0,1.0,0.083333,1.0,0.0,0,17,2500.0,604.791592,0.0,12
2507.16412,0.818182,0.0,0.0,0.0,9577.424422,0.0,0.0,0.0,0.25,6,0,7500.0,3331.674163,0.090909,12
91.623484,0.7,179.8,179.8,0.0,1099.441745,0.1,0.1,0.0,0.4,8,1,1200.0,1374.794128,0.5,10
122.124272,1.0,1052.96,58.96,994.0,0.0,0.75,0.083333,0.75,0.0,0,17,3000.0,1460.413198,1.0,12
746.9786,1.0,2341.08,1953.84,387.24,0.0,1.0,0.416667,1.0,0.0,0,59,2000.0,736.002618,0.0,12
756.887956,0.727273,178.0,0.0,178.0,0.0,0.333333,0.0,0.333333,0.0,0,4,1000.0,1390.256371,0.090909,12
3176.980384,1.0,1079.25,1079.25,0.0,0.0,0.416667,0.416667,0.0,0.0,0,10,8500.0,2109.059693,0.0,12
3506.489102,1.0,0.0,0.0,0.0,4467.382055,0.0,0.0,0.0,1.0,11,0,5000.0,286.708354,0.0,6
411.172634,1.0,2355.24,0.0,2355.24,0.0,1.0,0.0,1.0,0.0,0,12,4500.0,2235.909626,0.0,12
1827.647786,1.0,596.64,0.0,596.64,449.505151,1.0,0.0,1.0,0.083333,4,12,2000.0,911.09047,0.0,12
58.239998,1.0,556.93,556.93,0.0,453.660855,0.166667,0.166667,0.0,0.166667,7,5,4700.0,0.0,0.0,12
2113.0036,0.6,0.0,0.0,0.0,3980.387049,0.0,0.0,0.0,0.1,2,0,7000.0,722.613809,0.0,10
2771.640602,1.0,0.0,0.0,0.0,2071.167874,0.0,0.0,0.0,0.166667,6,0,4000.0,804.570403,0.0,12
1194.885664,1.0,365.5,365.5,0.0,0.0,0.416667,0.416667,0.0,0.0,0,8,1200.0,566.349364,0.0,12
2339.150068,1.0,502.63,502.63,0.0,2098.738085,0.285714,0.285714,0.0,0.285714,3,4,6000.0,539.450103,0.0,7
2043.78838,1.0,0.0,0.0,0.0,5997.514998,0.0,0.0,0.0,0.5,9,0,6500.0,8075.826793,0.25,12
150.580574,0.818182,2697.86,1867.0,830.86,0.0,1.0,0.75,0.833333,0.0,0,43,1200.0,2541.202407,0.111111,12
14.042241,1.0,92.16,0.0,92.16,0.0,0.333333,0.0,0.25,0.0,0,4,500.0,91.672694,0.166667,12
1420.727073,1.0,0.0,0.0,0.0,311.804499,0.0,0.0,0.0,0.9,9,0,1500.0,506.765033,0.0,10
2560.74396,0.9,110.25,40.0,70.25,3702.475695,0.3,0.1,0.2,0.2,2,4,10000.0,881.42058,0.0,10
540.020858,1.0,612.23,495.61,116.62,1708.923217,0.666667,0.166667,0.5,0.333333,10,10,2000.0,1642.068707,0.0,12
1621.219401,1.0,98.4,98.4,0.0,2745.571593,1.0,1.0,0.0,0.583333,16,13,4000.0,3592.092848,0.166667,12
460.56625,1.0,864.61,864.61,0.0,0.0,0.833333,0.833333,0.0,0.0,0,11,3000.0,1880.266926,0.25,12
267.668693,1.0,2518.37,607.56,1910.81,18.561424,1.0,0.583333,1.0,0.083333,1,51,2500.0,2319.258937,0.166667,12
2279.807594,0.909091,0.0,0.0,0.0,4211.68237,0.0,0.0,0.0,0.166667,7,0,5000.0,4714.063176,0.090909,12
1420.065008,1.0,0.0,0.0,0.0,916.054835,0.0,0.0,0.0,0.1,2,0,3000.0,219.39817,0.0,10
41.011184,1.0,1314.75,125.19,1189.56,0.0,1.0,0.5,1.0,0.0,0,70,6000.0,1303.104693,0.7,12
5204.383263,0.9,0.0,0.0,0.0,6803.54894,0.0,0.0,0.0,0.5,17,0,7000.0,1161.616486,0.0,10
778.393346,1.0,1854.3,174.4,1679.9,0.0,1.0,0.083333,1.0,0.0,0,26,1200.0,844.459124,0.166667,12
638.772385,1.0,2093.15,1218.8,874.35,0.0,1.0,0.416667,0.833333,0.0,0,45,1200.0,1017.966877,0.0,12
1455.736956,1.0,1171.88,1171.88,0.0,19.619461,0.363636,0.363636,0.0,0.090909,1,25,3700.0,350.750246,0.0,11
156.348232,0.454545,2214.87,2214.87,0.0,376.456319,0.166667,0.166667,0.0,0.083333,2,3,14500.0,7840.121433,0.5,12
7.331662,0.090909,90.66,0.0,90.66,0.0,0.083333,0.0,0.083333,0.0,0,1,3000.0,0.0,0.0,12
1978.442957,1.0,35.94,35.94,0.0,922.67316,0.083333,0.083333,0.0,0.916667,28,1,2000.0,1230.609516,0.0,12
605.203304,1.0,1279.5,543.0,736.5,203.148527,1.0,0.375,0.875,0.25,5,37,1000.0,661.341498,0.142857,8
3855.225836,1.0,0.0,0.0,0.0,1837.620008,0.0,0.0,0.0,0.416667,5,0,7500.0,977.203331,0.0,12
2503.438106,1.0,2001.69,1437.24,564.45,268.761003,1.0,0.5,1.0,0.333333,11,49,3000.0,1199.370357,0.0,12
4028.03648,1.0,35.0,35.0,0.0,0.0,0.083333,0.083333,0.0,0.0,0,1,4000.0,328.496865,0.0,12
2368.013568,1.0,0.0,0.0,0.0,229.104451,0.0,0.0,0.0,0.5,7,0,2500.0,660.566074,0.0,12
1299.904896,0.888889,0.0,0.0,0.0,4907.783225,0.0,0.0,0.0,0.444444,6,0,2500.0,3710.009991,0.166667,9
2369.29723,1.0,1020.53,0.0,1020.53,157.020714,0.75,0.0,0.666667,0.083333,1,12,2500.0,1080.870791,0.0,12
4417.192123,1.0,1149.52,1149.52,0.0,1944.558434,0.583333,0.583333,0.0,0.416667,9,13,5000.0,1250.398004,0.0,12
1370.317105,1.0,1389.28,745.94,643.34,64.146816,0.916667,0.5,0.833333,0.083333,1,28,1800.0,431.782845,0.0,12
53.284869,1.0,571.32,0.0,571.32,0.0,1.0,0.0,0.916667,0.0,0,24,1000.0,546.617245,0.9,12
47.274973,0.727273,639.0,0.0,639.0,0.0,0.666667,0.0,0.583333,0.0,0,12,3300.0,940.011994,1.0,12
9.910791,0.545455,215.26,0.01,215.25,0.0,0.583333,0.083333,0.5,0.0,0,8,1200.0,474.643613,0.5,12
1729.618796,1.0,3533.46,2533.5,999.96,0.0,1.0,0.5,0.833333,0.0,0,46,5000.0,4868.256038,0.083333,12
21.542924,1.0,0.0,0.0,0.0,1087.758564,0.0,0.0,0.0,0.083333,4,0,1200.0,1173.576762,0.090909,12
881.358988,1.0,4681.26,2301.64,2379.62,0.0,1.0,0.583333,1.0,0.0,0,53,7000.0,4675.820552,0.0,12
4.596178,0.090909,554.16,0.0,554.16,0.0,0.083333,0.0,0.083333,0.0,0,1,1500.0,0.0,0.0,12
1258.165394,1.0,2821.76,779.26,2042.5,0.0,1.0,0.583333,1.0,0.0,0,80,4500.0,1457.330184,0.0,12
547.484638,0.909091,1225.96,1071.23,154.73,0.0,0.833333,0.666667,0.166667,0.0,0,13,1500.0,400.154087,0.0,12
3215.080388,1.0,410.24,296.52,113.72,0.0,0.666667,0.333333,0.416667,0.0,0,12,9500.0,772.194997,0.0,12
1328.483504,0.909091,1507.26,1011.6,495.66,2554.86412,0.818182,0.636364,0.545455,0.727273,33,22,2000.0,2281.634116,0.111111,11
1603.991792,1.0,0.0,0.0,0.0,73.24187,0.0,0.0,0.0,0.166667,2,0,1700.0,437.134508,0.0,12
82.414018,1.0,219.24,0.0,219.24,0.0,1.0,0.0,1.0,0.0,0,12,1500.0,128.095464,0.0,12
6643.187445,1.0,202.69,202.69,0.0,5107.669643,0.083333,0.083333,0.0,0.333333,12,1,11000.0,2856.272258,0.0,12
161.576879,0.909091,194.0,59.0,135.0,0.0,0.416667,0.083333,0.333333,0.0,0,6,5000.0,738.457844,0.1,12
17.820255,0.545455,123.72,0.0,123.72,0.0,0.333333,0.0,0.333333,0.0,0,4,3000.0,270.589779,0.428571,12
1060.022249,1.0,200.51,200.51,0.0,0.0,0.25,0.25,0.0,0.0,0,5,1200.0,407.022337,0.0,12
2446.41139,1.0,1915.65,1332.91,582.74,4201.060262,0.75,0.25,0.666667,0.5,8,29,8500.0,4723.691364,0.0,12
2212.921154,1.0,52.9,52.9,0.0,2035.862807,0.083333,0.083333,0.0,0.583333,19,1,3500.0,704.408044,0.0,12
1484.221941,1.0,52.83,52.83,0.0,3164.677567,0.166667,0.166667,0.0,0.25,12,3,3000.0,1871.16958,0.0,12
2161.715499,0.875,0.0,0.0,0.0,2651.876149,0.0,0.0,0.0,0.125,4,0,3000.0,662.354973,0.0,8
56.798467,1.0,93.1,0.0,93.1,0.0,0.583333,0.0,0.583333,0.0,0,7,2500.0,83.556361,0.0,12
4183.825982,1.0,490.61,45.65,444.96,178.950075,0.666667,0.083333,0.666667,0.333333,4,13,4500.0,1541.998312,0.0,12
37.890131,1.0,483.3,0.0,483.3,0.0,1.0,0.0,1.0,0.0,0,13,2500.0,541.618413,0.916667,12
4198.61809,0.727273,17.3,17.3,0.0,2845.86846,0.083333,0.083333,0.0,0.25,6,1,8954.545455,10226.60176,0.1,12
932.153207,1.0,572.64,0.0,572.64,0.0,1.0,0.0,1.0,0.0,0,24,1000.0,1794.686669,0.083333,12
2905.496627,1.0,1390.48,713.08,677.4,238.324775,0.916667,0.416667,0.75,0.166667,2,33,7000.0,1512.39601,0.0,12
82.706999,1.0,367.67,289.77,77.9,0.0,0.416667,0.333333,0.083333,0.0,0,9,4700.0,610.349554,0.083333,12
3504.329825,1.0,5313.2,3787.5,1525.7,0.0,1.0,0.5,1.0,0.0,0,37,13000.0,4357.719667,0.0,12
77.087831,0.363636,311.81,311.81,0.0,261.469776,0.25,0.25,0.0,0.083333,1,4,4000.0,109.704849,0.0,12
3.535385,0.363636,53.95,0.0,53.95,0.0,0.416667,0.0,0.416667,0.0,0,5,1200.0,124.392554,0.4,12
933.072519,1.0,12.4,12.4,0.0,1085.487045,0.083333,0.083333,0.0,0.166667,6,1,2500.0,481.589626,0.083333,12
295.680572,1.0,0.0,0.0,0.0,497.548257,0.0,0.0,0.0,0.166667,2,0,2200.0,1676.131231,0.0,12
5314.739322,1.0,0.0,0.0,0.0,3596.09665,0.0,0.0,0.0,0.583333,20,0,8000.0,1582.770873,0.0,12
1531.486784,1.0,956.56,819.16,137.4,1548.653023,0.666667,0.666667,0.083333,0.25,10,11,4000.0,424.033602,0.0,12
1196.869653,1.0,117.24,0.0,117.24,0.0,1.0,0.0,1.0,0.0,0,12,1200.0,380.06061,0.0,12
4755.943819,1.0,3785.85,3583.95,201.9,529.171674,1.0,1.0,0.166667,0.416667,12,46,10500.0,1212.369561,0.0,12
970.862162,1.0,563.82,563.82,0.0,0.0,0.833333,0.833333,0.0,0.0,0,10,2950.0,350.164857,0.0,12
2652.663225,1.0,331.81,331.81,0.0,1058.561786,0.833333,0.833333,0.0,0.166667,3,10,3500.0,831.678305,0.0,12
1535.201834,1.0,0.0,0.0,0.0,232.041978,0.0,0.0,0.0,0.363636,7,0,2450.0,358.002324,0.0,11
1672.711195,1.0,0.0,0.0,0.0,442.298324,0.0,0.0,0.0,0.416667,6,0,1800.0,432.121759,0.0,12
595.870472,0.818182,990.0,990.0,0.0,0.0,0.083333,0.083333,0.0,0.0,0,1,3000.0,764.86843,0.0,12
1035.549686,1.0,624.0,0.0,624.0,0.0,1.0,0.0,1.0,0.0,0,36,1000.0,883.088274,0.0,12
1043.114756,1.0,599.92,0.0,599.92,0.0,1.0,0.0,1.0,0.0,0,23,5000.0,687.999005,0.0,12
3155.155315,1.0,0.0,0.0,0.0,147.664311,0.0,0.0,0.0,0.166667,2,0,3500.0,975.901669,0.0,12
1051.38615,1.0,416.6,0.0,416.6,0.0,1.0,0.0,1.0,0.0,0,20,1050.0,509.248904,0.0,12
8.95956,0.363636,51.36,0.0,51.36,0.0,0.333333,0.0,0.333333,0.0,0,4,1200.0,167.260487,0.2,12
556.857438,1.0,21.9,21.9,0.0,0.0,0.166667,0.166667,0.0,0.0,0,2,600.0,162.272808,0.0,12
1276.819142,1.0,710.2,710.2,0.0,742.511085,0.416667,0.416667,0.0,0.25,4,8,3700.0,3144.534957,0.0,12
1607.609771,1.0,0.0,0.0,0.0,1007.849308,0.0,0.0,0.0,0.166667,3,0,7000.0,523.481375,0.0,12
3006.295536,1.0,1430.24,50.0,1380.24,0.0,1.0,0.083333,1.0,0.0,0,92,3000.0,2034.512438,0.0,12
502.236778,1.0,603.46,328.68,274.78,0.0,0.583333,0.333333,0.416667,0.0,0,13,1200.0,233.768374,0.0,12
1610.282389,1.0,0.0,0.0,0.0,1296.078691,0.0,0.0,0.0,0.5,9,0,5000.0,576.468692,0.0,12
44.444599,1.0,374.81,0.0,374.81,0.0,0.416667,0.0,0.333333,0.0,0,6,4000.0,309.602823,0.0,12
1313.003662,0.888889,810.27,810.27,0.0,759.000431,0.111111,0.111111,0.0,0.111111,2,1,1500.0,256.967584,0.0,9
1433.699563,1.0,50.0,50.0,0.0,0.0,0.083333,0.083333,0.0,0.0,0,1,1500.0,275.687079,0.0,12
2522.93846,1.0,394.48,221.2,173.28,2904.343372,0.75,0.166667,0.583333,0.166667,2,11,3000.0,3734.576574,0.0,12
4926.540711,1.0,226.63,164.79,61.84,1893.581202,0.25,0.25,0.083333,0.25,4,5,5500.0,974.445304,0.0,12
987.853328,1.0,2599.42,1967.62,631.8,0.0,1.0,0.833333,0.75,0.0,0,35,1800.0,2146.180788,0.083333,12
344.288226,1.0,146.75,0.0,146.75,0.0,0.416667,0.0,0.416667,0.0,0,5,1500.0,135.87419,0.0,12
2336.510738,1.0,666.64,0.0,666.64,3230.62576,0.571429,0.0,0.428571,0.428571,3,4,7000.0,822.387829,0.0,7
1132.661616,1.0,175.0,0.0,175.0,0.0,0.583333,0.0,0.5,0.0,0,7,1200.0,254.27684,0.0,12
1969.414463,1.0,1322.06,301.52,1020.54,849.366964,1.0,0.333333,1.0,0.416667,5,27,5500.0,1764.32763,0.0,12
1142.909141,0.9,0.0,0.0,0.0,2264.495887,0.0,0.0,0.0,0.5,17,0,2500.0,165.549752,0.0,10
3269.961382,1.0,0.0,0.0,0.0,1722.645697,0.0,0.0,0.0,0.416667,10,0,4000.0,949.187748,0.0,12
226.684073,1.0,672.48,0.0,672.48,235.063106,1.0,0.0,1.0,0.666667,9,12,4500.0,869.632913,0.0,12
635.358243,0.4,250.0,250.0,0.0,0.0,0.1,0.1,0.0,0.0,0,1,8000.0,4995.053024,0.0,10
629.744788,0.363636,354.5,354.5,0.0,3023.321998,0.083333,0.083333,0.0,0.333333,21,3,5000.0,257.295601,0.0,12
683.357929,1.0,5105.17,2265.11,2840.06,0.0,1.0,0.75,0.916667,0.0,0,90,3500.0,4650.299879,0.75,12
857.767403,1.0,639.56,0.0,639.56,0.0,0.25,0.0,0.25,0.0,0,4,2200.0,210.272469,0.0,12
71.480312,0.727273,1178.64,0.0,1178.64,0.0,0.666667,0.0,0.583333,0.0,0,8,3200.0,1473.852143,0.0,12
5719.149672,1.0,1611.04,1447.64,163.4,5034.877748,0.916667,0.333333,0.833333,0.083333,1,27,9000.0,4997.375402,0.0,12
10.954457,0.125,0.0,0.0,0.0,389.594394,0.0,0.0,0.0,0.125,2,0,3000.0,0.0,0.0,8
1049.109012,1.0,200.02,0.0,200.02,0.0,0.5,0.0,0.5,0.0,0,6,1000.0,548.458069,0.0,12
94.106762,0.454545,1063.22,789.22,274.0,0.0,0.75,0.333333,0.416667,0.0,0,14,7000.0,276.870232,0.0,12
7845.126724,1.0,396.0,0.0,396.0,11070.56623,1.0,0.0,1.0,0.416667,15,12,12000.0,9676.278566,0.083333,12
131.271213,1.0,147.26,0.0,147.26,0.0,0.333333,0.0,0.25,0.0,0,4,1000.0,430.455738,0.090909,12
38.316222,0.272727,436.75,0.0,436.75,0.0,0.25,0.0,0.25,0.0,0,3,3000.0,1634.962881,1.0,12
857.313072,1.0,139.16,0.0,139.16,0.0,0.583333,0.0,0.583333,0.0,0,9,1200.0,1209.136709,0.0,12
4.256664,0.181818,31.25,0.0,31.25,0.0,0.083333,0.0,0.083333,0.0,0,1,1000.0,0.0,0.0,12
1912.125318,1.0,518.04,449.71,68.33,6314.938401,0.083333,0.083333,0.083333,0.416667,12,4,3500.0,3837.547894,0.111111,12
71.310815,0.090909,0.0,0.0,0.0,1849.578078,0.0,0.0,0.0,0.083333,1,0,6000.0,0.0,0.0,12
108.889031,1.0,1145.85,445.85,700.0,0.0,1.0,0.916667,0.75,0.0,0,22,5000.0,874.238956,0.833333,12
3.992758,0.666667,0.0,0.0,0.0,126.723539,0.0,0.0,0.0,0.111111,1,0,1200.0,157.919567,0.0,9
7.456966,0.272727,4.8,0.0,4.8,0.0,0.083333,0.0,0.083333,0.0,0,1,2200.0,70.517745,0.0,12
51.293355,1.0,459.69,0.0,459.69,0.0,1.0,0.0,1.0,0.0,0,21,6000.0,279.902009,0.555556,12
637.379659,1.0,37.62,0.0,37.62,0.0,0.25,0.0,0.25,0.0,0,3,1500.0,1691.81869,0.083333,12
472.975295,1.0,0.0,0.0,0.0,1076.323483,0.0,0.0,0.0,0.166667,13,0,1200.0,0.0,0.0,12
770.11922,0.857143,0.0,0.0,0.0,1085.168416,0.0,0.0,0.0,0.142857,1,0,2500.0,64.429192,0.0,7
1155.9765,1.0,0.0,0.0,0.0,1115.92003,0.0,0.0,0.0,0.166667,2,0,1500.0,1298.142663,0.0,12
2664.926838,1.0,1229.62,661.6,568.02,0.0,1.0,0.333333,0.916667,0.0,0,28,8000.0,1692.635777,0.0,12
281.736996,1.0,1100.19,1100.19,0.0,974.050448,1.0,1.0,0.0,0.25,8,15,5700.0,1694.640984,0.090909,12
400.462305,1.0,0.0,0.0,0.0,822.959124,0.0,0.0,0.0,0.666667,12,0,5000.0,1034.178777,0.083333,12
1785.562094,1.0,0.0,0.0,0.0,996.904425,0.0,0.0,0.0,0.583333,12,0,1800.0,1164.081703,0.0,12
562.145229,1.0,1872.51,503.01,1369.5,0.0,1.0,0.166667,0.833333,0.0,0,27,4500.0,1480.089378,0.0,12
7.777595,0.454545,66.25,0.0,66.25,0.0,0.416667,0.0,0.333333,0.0,0,5,2000.0,129.109877,0.333333,12
5032.709807,1.0,0.0,0.0,0.0,2996.684234,0.0,0.0,0.0,0.5,8,0,7000.0,1065.648112,0.0,12
2462.416736,1.0,1207.3,1207.3,0.0,470.529824,0.25,0.25,0.0,0.166667,2,5,2500.0,1609.295692,0.0,12
330.707721,0.545455,56.4,56.4,0.0,1680.231932,0.083333,0.083333,0.0,0.166667,3,1,4000.0,3613.150681,0.5,12
1472.378275,1.0,0.0,0.0,0.0,2297.002595,0.0,0.0,0.0,0.583333,23,0,4000.0,602.231254,0.0,12
31.269893,1.0,224.81,224.81,0.0,0.0,1.0,1.0,0.0,0.0,0,16,1800.0,284.388927,0.166667,12
279.225789,1.0,2800.12,0.0,2800.12,0.0,1.0,0.0,1.0,0.0,0,44,6000.0,2515.127273,0.666667,12
347.997266,0.454545,0.0,0.0,0.0,1224.607415,0.0,0.0,0.0,0.083333,1,0,4500.0,3486.642342,0.090909,12
3405.813447,1.0,0.0,0.0,0.0,634.085316,0.0,0.0,0.0,0.416667,12,0,4000.0,912.842125,0.0,12
492.040223,1.0,17.0,17.0,0.0,171.814665,0.083333,0.083333,0.0,0.333333,4,1,600.0,243.905711,0.0,12
127.992071,0.545455,593.0,0.0,593.0,580.391722,1.0,0.0,0.916667,0.083333,1,12,2000.0,1158.659124,0.0,12
26.639906,1.0,251.19,0.0,251.19,0.0,1.0,0.0,0.888889,0.0,0,9,1500.0,214.973026,1.0,9
4169.458982,1.0,0.0,0.0,0.0,2802.840866,0.0,0.0,0.0,0.5,10,0,5000.0,1261.781799,0.0,12
95.517105,0.818182,1305.72,0.0,1305.72,0.0,0.75,0.0,0.666667,0.0,0,9,1700.0,1127.40911,0.2,12
2261.132204,0.888889,0.0,0.0,0.0,840.32256,0.0,0.0,0.0,0.333333,4,0,2500.0,783.359871,0.0,9
1930.900813,0.909091,5616.07,4960.73,655.34,4287.486377,0.666667,0.333333,0.25,0.333333,15,46,5500.0,10894.444,0.111111,12
2936.600083,1.0,0.0,0.0,0.0,3936.540697,0.0,0.0,0.0,0.25,12,0,5000.0,1861.424668,0.0,12
475.826042,1.0,950.0,950.0,0.0,0.0,0.083333,0.083333,0.0,0.0,0,1,4500.0,118.53066,0.0,12
145.085902,1.0,1284.74,1284.74,0.0,0.0,0.5,0.5,0.0,0.0,0,16,3000.0,2524.474539,0.166667,12
2392.299552,1.0,0.0,0.0,0.0,118.3391,0.0,0.0,0.0,0.333333,4,0,3200.0,602.769462,0.0,12
0.0,0.0,408.38,0.0,408.38,0.0,0.833333,0.0,0.75,0.0,0,13,6000.0,535.013917,0.0,12
4652.51827,1.0,4042.41,2731.38,1311.03,3581.376823,1.0,0.666667,1.0,0.333333,7,73,5000.0,7633.554879,0.0,12
1089.351276,1.0,595.83,563.5,32.33,147.306438,0.25,0.25,0.083333,0.083333,1,8,2500.0,316.521528,0.0,12
2269.978054,0.909091,0.0,0.0,0.0,3617.843539,0.0,0.0,0.0,0.272727,4,0,3500.0,745.982616,0.0,11
75.401255,0.909091,692.94,0.0,692.94,0.0,0.833333,0.0,0.833333,0.0,0,10,4000.0,806.703752,0.545455,12
40.607669,1.0,479.0,80.0,399.0,0.0,0.916667,0.083333,0.666667,0.0,0,14,2000.0,389.241521,0.8,12
27.498033,1.0,0.0,0.0,0.0,37.771996,0.0,0.0,0.0,0.083333,1,0,1000.0,46.365579,0.1,12
1253.290131,1.0,138.0,55.0,83.0,0.0,0.083333,0.083333,0.083333,0.0,0,2,9000.0,302.161387,0.0,12
0.0,0.0,140.04,0.0,140.04,0.0,1.0,0.0,1.0,0.0,0,12,1000.0,129.905883,0.0,12
2080.312991,0.888889,25.0,0.0,25.0,2422.889589,0.111111,0.0,0.111111,0.333333,6,1,2500.0,540.687217,0.0,9
965.514081,1.0,8945.67,8945.67,0.0,0.0,0.916667,0.916667,0.0,0.0,0,23,5500.0,7917.840874,1.0,12
1033.346718,0.875,0.0,0.0,0.0,142.123093,0.0,0.0,0.0,0.375,4,0,1500.0,1682.814334,0.0,8
2277.067891,1.0,7025.02,7025.02,0.0,0.0,0.75,0.75,0.0,0.0,0,33,3500.0,6063.45472,0.083333,12
744.083484,1.0,1096.98,589.48,507.5,174.714236,1.0,0.5,0.6,0.2,4,14,5000.0,1873.388189,0.1,10
1305.883623,1.0,0.0,0.0,0.0,1015.334397,0.0,0.0,0.0,0.083333,1,0,8000.0,1423.232277,0.0,12
751.22482,1.0,1000.0,0.0,1000.0,0.0,0.416667,0.0,0.333333,0.0,0,5,1700.0,2025.267591,0.083333,12
2848.442843,1.0,2148.02,1634.44,513.58,385.68198,1.0,0.666667,0.583333,0.083333,1,32,3500.0,922.603695,0.0,12
1765.263223,1.0,73.8,0.0,73.8,0.0,1.0,0.0,1.0,0.0,0,12,1800.0,356.324476,0.0,12
47.587585,0.727273,414.8,53.0,361.8,0.0,0.5,0.083333,0.416667,0.0,0,8,4500.0,545.768039,1.0,12
3531.167073,0.9,797.5,577.83,219.67,5273.226918,0.7,0.4,0.5,0.9,33,21,4000.0,2979.5467,0.0,10
45.000015,1.0,540.0,0.0,540.0,0.0,1.0,0.0,1.0,0.0,0,24,7000.0,675.065652,1.0,12
398.403586,1.0,3658.71,2745.31,913.4,0.0,0.916667,0.833333,0.75,0.0,0,48,2500.0,3646.346596,1.0,12
1394.926414,1.0,0.0,0.0,0.0,4091.737498,0.0,0.0,0.0,0.25,5,0,5000.0,488.155542,0.0,12
2196.006333,1.0,666.89,550.79,116.1,0.0,0.5,0.25,0.166667,0.0,0,8,7500.0,579.257195,0.0,12
43.656303,0.909091,2122.98,1826.67,296.31,0.0,0.833333,0.666667,0.166667,0.0,0,17,10500.0,2006.417008,1.0,12
8692.806679,1.0,1022.77,1022.77,0.0,2970.97936,0.5,0.5,0.0,0.25,4,6,9000.0,5960.192059,0.0,12
2276.666051,1.0,87.51,0.0,87.51,0.0,0.583333,0.0,0.583333,0.0,0,11,8000.0,605.029703,0.0,12
4217.472407,1.0,7311.99,7311.99,0.0,0.0,0.5,0.5,0.0,0.0,0,11,6700.0,2773.245445,0.0,12
2578.733343,1.0,0.0,0.0,0.0,2601.723396,0.0,0.0,0.0,0.142857,2,0,3000.0,312.16358,0.0,7
170.569025,1.0,2368.84,1464.56,904.28,0.0,0.916667,0.666667,0.833333,0.0,0,46,2500.0,2123.311356,0.5,12
6557.146926,1.0,354.27,354.27,0.0,2943.653759,0.166667,0.166667,0.0,0.583333,18,5,7000.0,1606.554704,0.0,12
4892.213739,1.0,0.0,0.0,0.0,1086.316757,0.0,0.0,0.0,0.333333,5,0,11000.0,1148.224685,0.0,12
3.562442,0.454545,735.0,0.0,735.0,0.0,0.583333,0.0,0.583333,0.0,0,7,2000.0,1256.297676,0.0,12
4548.940782,1.0,2095.49,1349.33,746.16,826.710558,1.0,0.833333,1.0,0.166667,3,72,6500.0,1427.071161,0.0,12
157.364234,1.0,1778.92,1233.87,545.05,0.0,1.0,1.0,0.5,0.0,0,36,10500.0,1686.269252,0.777778,12
1118.610853,1.0,293.26,0.0,293.26,0.0,0.916667,0.0,0.916667,0.0,0,11,1500.0,317.991447,0.0,12
7.146747,0.272727,60.0,0.0,60.0,0.0,0.083333,0.0,0.083333,0.0,0,2,3000.0,231.681868,1.0,12
18.288834,0.636364,0.0,0.0,0.0,149.6351,0.0,0.0,0.0,0.083333,1,0,3000.0,307.559683,0.166667,12
162.293507,1.0,0.0,0.0,0.0,428.185827,0.0,0.0,0.0,0.25,5,0,500.0,90.933457,0.0,12
45.095168,1.0,469.89,0.0,469.89,0.0,1.0,0.0,1.0,0.0,0,20,2000.0,363.258365,0.916667,12
166.761294,1.0,1831.91,216.92,1614.99,0.0,0.833333,0.083333,0.75,0.0,0,19,7000.0,1298.605481,0.090909,12
1818.964688,1.0,1436.41,1300.09,136.32,0.0,1.0,0.583333,1.0,0.0,0,23,6500.0,594.214126,0.0,12
1998.319924,1.0,5400.64,4694.12,706.52,0.0,1.0,0.916667,0.833333,0.0,0,61,6850.0,3359.914173,0.090909,12
1178.607275,1.0,1014.36,322.69,691.67,0.0,1.0,0.416667,0.75,0.0,0,39,1200.0,1250.42369,0.0,12
333.175537,1.0,0.0,0.0,0.0,709.915658,0.0,0.0,0.0,0.083333,2,0,1200.0,88.066511,0.083333,12
1193.644707,1.0,850.15,850.15,0.0,3215.1424,0.416667,0.416667,0.0,0.416667,8,8,2500.0,3536.855347,0.166667,12
121.663829,1.0,488.52,0.0,488.52,0.0,0.5,0.0,0.416667,0.0,0,6,7500.0,459.429985,0.0,12
1390.563775,1.0,0.0,0.0,0.0,154.241717,0.0,0.0,0.0,0.083333,1,0,1500.0,506.958786,0.0,12
4.588899,0.272727,249.96,0.0,249.96,0.0,0.916667,0.0,0.916667,0.0,0,17,4000.0,248.437485,0.1,12
3191.334524,1.0,219.44,177.8,41.64,433.90772,0.416667,0.083333,0.333333,0.083333,1,6,9000.0,810.671862,0.0,12
1600.510219,1.0,0.0,0.0,0.0,94.928008,0.0,0.0,0.0,0.25,3,0,1800.0,579.289913,0.0,12
448.539091,1.0,300.0,300.0,0.0,1105.396152,0.083333,0.083333,0.0,0.25,3,1,5400.0,3860.659948,0.636364,12
1031.670316,1.0,1753.25,1164.04,589.21,0.0,0.916667,0.416667,0.833333,0.0,0,24,4000.0,500.01493,0.0,12
135.25122,1.0,904.55,63.4,841.15,0.0,0.75,0.083333,0.583333,0.0,0,21,7500.0,990.722558,0.0,12
435.55396,1.0,1522.06,1372.34,149.72,0.0,0.833333,0.583333,0.75,0.0,0,24,3000.0,1878.606679,0.0,12
4709.860768,1.0,0.0,0.0,0.0,3832.366931,0.0,0.0,0.0,0.333333,8,0,6000.0,1239.821726,0.0,12
2304.470294,1.0,1201.97,374.24,827.73,1009.853215,1.0,0.666667,1.0,0.166667,4,36,3000.0,1254.356926,0.0,12
2506.085855,1.0,1723.3,1520.32,202.98,561.814107,0.916667,0.916667,0.666667,0.166667,3,32,3000.0,1328.848053,0.0,12
54.055548,0.636364,548.02,0.0,548.02,0.0,0.416667,0.0,0.333333,0.0,0,8,4000.0,695.091566,0.4,12
734.77748,0.818182,33.37,0.0,33.37,921.54819,0.083333,0.0,0.083333,0.083333,1,1,1500.0,1741.996361,0.0,12
533.512148,1.0,2243.99,1543.99,700.0,949.859862,1.0,0.583333,0.916667,0.083333,1,30,7000.0,2522.034983,0.333333,12
694.70767,1.0,0.0,0.0,0.0,1640.291172,0.0,0.0,0.0,0.583333,21,0,4500.0,498.736792,0.0,12
305.72029,1.0,1125.8,430.88,694.92,0.0,1.0,0.333333,1.0,0.0,0,17,3000.0,1863.122757,0.083333,12
1428.265873,1.0,1490.63,1411.88,78.75,5411.208676,0.416667,0.333333,0.166667,0.333333,10,19,5250.0,4644.297034,0.166667,12
0.0,0.0,609.21,0.0,609.21,0.0,0.9,0.0,0.8,0.0,0,9,1000.0,684.523752,0.0,10
834.789126,1.0,0.0,0.0,0.0,207.027078,0.0,0.0,0.0,0.090909,2,0,13500.0,717.257211,0.0,11
4028.714266,1.0,3585.75,3488.42,97.33,478.678942,0.333333,0.333333,0.083333,0.083333,1,17,6500.0,6869.557475,0.1,12
2470.787327,1.0,0.0,0.0,0.0,1715.518342,0.0,0.0,0.0,0.416667,6,0,4000.0,593.427752,0.0,12
829.410423,1.0,3884.68,2610.57,1274.11,0.0,1.0,1.0,1.0,0.0,0,84,8000.0,3517.817878,0.0,12
36.40909,1.0,1091.7,1091.7,0.0,226.784069,0.916667,0.916667,0.0,0.083333,1,12,3000.0,2363.934071,0.6,12
5239.146869,1.0,57.91,57.91,0.0,2973.966812,0.083333,0.083333,0.0,0.25,4,1,6000.0,1218.114753,0.0,12
2369.851759,1.0,9934.93,8500.67,1434.26,0.0,1.0,0.833333,1.0,0.0,0,91,10000.0,3670.569073,0.0,12
364.150125,1.0,0.0,0.0,0.0,1382.98498,0.0,0.0,0.0,0.166667,2,0,3000.0,2050.337787,0.0,12
1671.76708,1.0,1346.44,890.9,455.54,0.0,1.0,0.5,0.916667,0.0,0,24,6000.0,4397.366472,0.0,12
50.571196,0.545455,499.98,0.0,499.98,0.0,0.5,0.0,0.416667,0.0,0,6,2500.0,744.260461,0.2,12
564.36524,1.0,0.0,0.0,0.0,1003.670076,0.0,0.0,0.0,0.166667,2,0,1200.0,1219.36304,0.083333,12
282.588132,0.727273,170.0,170.0,0.0,0.0,0.083333,0.083333,0.0,0.0,0,1,5500.0,1499.355812,0.0,12
42.504303,0.272727,117.62,0.0,117.62,0.0,0.083333,0.0,0.083333,0.0,0,1,2500.0,1408.151874,0.0,12
1150.269979,1.0,600.0,600.0,0.0,1510.632782,0.083333,0.083333,0.0,0.75,15,2,4000.0,1622.256987,0.0,12
2415.67887,1.0,125.45,0.0,125.45,0.0,0.583333,0.0,0.583333,0.0,0,7,3000.0,619.883932,0.0,12
10.259525,0.181818,119.8,119.8,0.0,0.0,0.083333,0.083333,0.0,0.0,0,2,5000.0,711.480411,0.0,12
1527.826042,1.0,3191.0,3191.0,0.0,2035.662918,0.083333,0.083333,0.0,0.416667,17,3,4950.0,5393.198816,0.083333,12
66.618088,1.0,544.0,0.0,544.0,0.0,1.0,0.0,1.0,0.0,0,16,3000.0,473.490702,0.0,12
6955.119532,1.0,0.0,0.0,0.0,4944.926593,0.0,0.0,0.0,0.416667,5,0,10500.0,1734.23239,0.0,12
971.723256,1.0,1853.7,966.14,887.56,319.449176,1.0,0.416667,1.0,0.25,3,26,3500.0,513.439153,0.0,12
447.563656,0.909091,911.09,911.09,0.0,896.215958,0.583333,0.583333,0.0,0.166667,4,9,1200.0,2160.154624,0.111111,12
1346.777622,1.0,1798.15,357.8,1440.35,0.0,1.0,0.25,1.0,0.0,0,40,1500.0,1213.489835,0.0,12
1981.113728,1.0,0.0,0.0,0.0,199.183245,0.0,0.0,0.0,0.272727,3,0,2000.0,442.171269,0.0,11
6398.233171,1.0,0.0,0.0,0.0,233.38167,0.0,0.0,0.0,0.083333,1,0,9500.0,1693.270011,0.0,12
406.939907,1.0,2615.18,2615.18,0.0,0.0,1.0,1.0,0.0,0.0,0,76,4300.0,5296.640171,0.75,12
964.09998,1.0,1074.96,0.0,1074.96,0.0,1.0,0.0,1.0,0.0,0,12,1000.0,446.368432,0.0,12
108.386507,1.0,211.9,211.9,0.0,0.0,0.166667,0.166667,0.0,0.0,0,2,5100.0,131.85375,0.0,12
413.331088,1.0,0.0,0.0,0.0,708.62821,0.0,0.0,0.0,0.777778,11,0,500.0,453.051033,0.0,9
6.395964,0.181818,79.0,79.0,0.0,0.0,0.083333,0.083333,0.0,0.0,0,1,7500.0,107.281393,0.0,12
207.632783,1.0,45.65,45.65,0.0,0.0,0.083333,0.083333,0.0,0.0,0,1,1200.0,0.0,0.0,12
767.871111,1.0,1878.51,0.0,1878.51,929.9471,0.833333,0.0,0.75,0.5,6,22,2500.0,1261.146488,0.0,12
1093.027318,1.0,0.0,0.0,0.0,92.01775,0.0,0.0,0.0,0.083333,1,0,1200.0,330.592103,0.0,12
2714.36271,0.727273,50.62,50.62,0.0,4424.09206,0.083333,0.083333,0.0,0.25,6,1,7000.0,1651.122391,0.0,12
2285.604784,1.0,75.0,0.0,75.0,2539.047806,0.25,0.0,0.25,0.333333,13,3,2500.0,531.583507,0.0,12
46.000465,0.818182,531.5,0.0,531.5,0.0,0.75,0.0,0.5,0.0,0,15,4000.0,544.460735,1.0,12
27.857993,0.636364,352.23,0.0,352.23,0.0,0.5,0.0,0.416667,0.0,0,7,2500.0,299.490096,0.272727,12
1756.206467,1.0,0.0,0.0,0.0,1468.349502,0.0,0.0,0.0,0.25,15,0,3000.0,324.251074,0.0,12
4.686854,0.428571,28.8,0.0,28.8,0.0,0.428571,0.0,0.285714,0.0,0,3,1500.0,34.401591,1.0,7
1462.921098,1.0,609.16,609.16,0.0,1054.286672,0.25,0.25,0.0,0.25,4,3,2000.0,506.068295,0.0,12
2786.817229,1.0,0.0,0.0,0.0,154.876604,0.0,0.0,0.0,0.083333,1,0,7000.0,609.526586,0.0,12
1134.988498,1.0,935.04,540.81,394.23,996.543937,0.916667,0.5,0.75,0.5,15,20,4000.0,298.878026,0.0,12
1316.179352,1.0,1278.04,0.0,1278.04,114.843243,1.0,0.0,1.0,0.083333,1,28,1200.0,2069.375056,0.0,12
2300.825677,0.875,522.06,0.0,522.06,2809.026116,0.875,0.0,0.75,0.125,1,7,3000.0,469.928446,0.0,8
4529.895962,0.727273,0.0,0.0,0.0,21943.84942,0.0,0.0,0.0,0.333333,12,0,13000.0,33486.31044,0.428571,12
1504.980887,1.0,322.81,184.71,138.1,0.0,0.583333,0.416667,0.5,0.0,0,15,1600.0,467.652307,0.0,12
46.981185,0.454545,160.0,160.0,0.0,0.0,0.083333,0.083333,0.0,0.0,0,1,6500.0,204.116016,0.0,12
1552.687961,1.0,654.16,557.16,97.0,0.0,0.75,0.5,0.583333,0.0,0,21,1500.0,1041.793202,0.0,12
2054.983361,1.0,1058.58,0.0,1058.58,0.0,1.0,0.0,1.0,0.0,0,16,6000.0,461.980524,0.0,12
1097.718192,1.0,0.0,0.0,0.0,77.325405,0.0,0.0,0.0,0.333333,4,0,1200.0,278.781487,0.0,12
1150.280984,1.0,450.0,250.0,200.0,0.0,0.25,0.166667,0.083333,0.0,0,4,1200.0,839.754013,0.0,12
4117.751094,1.0,159.07,159.07,0.0,2940.082863,0.166667,0.166667,0.0,0.166667,4,2,8000.0,876.63896,0.0,12
1631.573904,1.0,112.56,112.56,0.0,0.0,0.181818,0.181818,0.0,0.0,0,3,1700.0,439.132886,0.0,11
3060.945154,1.0,2478.38,1974.38,504.0,0.0,1.0,1.0,0.583333,0.0,0,32,6500.0,1828.095269,0.0,12
625.144248,1.0,958.39,365.0,593.39,0.0,1.0,0.166667,1.0,0.0,0,30,4000.0,881.159896,0.0,12
7803.071972,1.0,1000.55,0.0,1000.55,1490.239239,1.0,0.0,1.0,0.333333,6,35,8000.0,3478.320794,0.0,12
75.46203,1.0,405.84,0.0,405.84,0.0,1.0,0.0,1.0,0.0,0,45,5000.0,340.762855,0.083333,12
287.787967,1.0,0.0,0.0,0.0,19.464101,0.0,0.0,0.0,0.083333,1,0,300.0,104.919187,0.0,12
1669.759168,1.0,200.0,0.0,200.0,0.0,0.416667,0.0,0.416667,0.0,0,5,11000.0,442.60799,0.0,12
113.723132,0.727273,740.82,574.44,166.38,188.360044,0.25,0.166667,0.083333,0.083333,2,3,5500.0,1335.466998,0.333333,12
1475.485907,1.0,522.68,522.68,0.0,1635.215775,0.25,0.25,0.0,0.166667,4,7,3000.0,265.318943,0.0,12
419.727505,1.0,1945.8,0.0,1945.8,0.0,1.0,0.0,1.0,0.0,0,12,3000.0,1348.704313,0.181818,12
50.962159,0.454545,803.45,803.45,0.0,0.0,0.333333,0.333333,0.0,0.0,0,8,5500.0,797.779992,1.0,12
946.059539,1.0,10915.37,9323.71,1591.66,0.0,1.0,1.0,1.0,0.0,0,93,5000.0,12612.66824,1.0,12
1286.787274,1.0,0.0,0.0,0.0,68.190923,0.0,0.0,0.0,0.166667,2,0,1500.0,1602.22002,0.0,12
13.720529,0.454545,1724.77,935.67,789.1,0.0,0.833333,0.583333,0.583333,0.0,0,19,3500.0,1490.96569,0.142857,12
3948.776884,1.0,0.0,0.0,0.0,5291.215227,0.0,0.0,0.0,0.5,17,0,4000.0,4576.56764,0.083333,12
603.686346,1.0,397.5,88.0,309.5,63.384239,0.5,0.083333,0.416667,0.166667,2,12,1500.0,279.038144,0.0,12
87.540559,1.0,885.13,0.0,885.13,0.0,1.0,0.0,1.0,0.0,0,21,6000.0,801.593051,0.916667,12
14.179041,0.545455,119.58,0.0,119.58,0.0,0.5,0.0,0.5,0.0,0,6,5000.0,157.838418,0.181818,12
2333.99188,0.818182,0.0,0.0,0.0,4480.430064,0.0,0.0,0.0,0.166667,2,0,4500.0,725.315868,0.0,12
42.045574,1.0,90.0,90.0,0.0,0.0,0.083333,0.083333,0.0,0.0,0,1,4000.0,28.556632,0.0,12
1155.509859,1.0,564.0,564.0,0.0,0.0,0.166667,0.166667,0.0,0.0,0,6,4000.0,279.047416,0.0,12
1434.793889,1.0,467.88,467.88,0.0,0.0,1.0,1.0,0.0,0.0,0,12,4300.0,2538.815988,0.0,12
1406.504164,1.0,0.0,0.0,0.0,105.811869,0.0,0.0,0.0,0.083333,1,0,1500.0,278.864694,0.0,12
1358.513908,1.0,0.0,0.0,0.0,73.870282,0.0,0.0,0.0,0.083333,2,0,1500.0,353.105652,0.0,12
372.722601,0.909091,819.7,0.0,819.7,0.0,0.909091,0.0,0.818182,0.0,0,10,1500.0,87.828439,0.0,11
3279.867381,0.875,6520.0,6520.0,0.0,0.0,0.75,0.75,0.0,0.0,0,7,3500.0,3524.512662,0.125,8
1963.698617,1.0,1582.88,1259.82,323.06,2601.802794,0.166667,0.083333,0.083333,0.333333,5,12,2500.0,4138.243604,0.0,12
1967.640068,0.909091,264.8,230.0,34.8,4954.13788,0.166667,0.083333,0.083333,0.583333,26,2,5000.0,516.105446,0.0,12
157.907139,1.0,499.92,0.0,499.92,1093.855719,1.0,0.0,1.0,0.166667,4,12,3000.0,788.375119,0.0,12
2184.965504,1.0,0.0,0.0,0.0,2893.023143,0.0,0.0,0.0,0.916667,26,0,8000.0,1730.364781,0.0,12
46.103924,0.818182,443.25,443.25,0.0,0.0,0.25,0.25,0.0,0.0,0,3,6500.0,417.350534,0.0,12
65.11995,0.636364,898.64,470.2,428.44,0.0,0.416667,0.25,0.25,0.0,0,13,2500.0,672.702547,0.6,12
889.955252,1.0,40.0,40.0,0.0,3124.247282,0.083333,0.083333,0.0,0.416667,8,1,3000.0,977.156313,0.083333,12
550.533381,0.714286,0.0,0.0,0.0,2486.624696,0.0,0.0,0.0,0.714286,23,0,1500.0,3762.550924,0.333333,7
221.861874,1.0,0.0,0.0,0.0,250.779227,0.0,0.0,0.0,0.083333,2,0,2500.0,209.265168,0.0,12
61.268046,0.454545,491.11,171.11,320.0,0.0,0.25,0.083333,0.166667,0.0,0,5,5000.0,702.302424,0.0,12
1162.7795,1.0,757.37,0.0,757.37,131.28406,1.0,0.0,1.0,0.083333,1,13,1000.0,512.315951,0.0,12
1338.934027,1.0,0.0,0.0,0.0,1297.777178,0.0,0.0,0.0,0.272727,7,0,4000.0,423.092478,0.0,11
2273.555853,1.0,329.3,70.0,259.3,3360.63801,0.583333,0.083333,0.5,0.75,16,10,3000.0,3099.112794,0.0,12
1248.332959,1.0,478.32,198.0,280.32,157.20552,0.583333,0.083333,0.416667,0.083333,2,8,4000.0,1429.176523,0.0,12
6255.078201,1.0,195.29,124.17,71.12,2881.905049,0.5,0.083333,0.333333,0.416667,10,9,7500.0,1797.863187,0.0,12
7.14111,0.727273,288.0,0.0,288.0,0.0,1.0,0.0,1.0,0.0,0,12,3000.0,228.853499,0.0,12
1959.35945,1.0,0.0,0.0,0.0,2757.579869,0.0,0.0,0.0,0.5,6,0,4000.0,1542.366508,0.0,12
3169.141778,1.0,435.0,435.0,0.0,3049.497763,0.083333,0.083333,0.0,0.166667,3,3,6500.0,795.908206,0.0,12
1208.300547,0.818182,1855.71,1469.5,386.21,0.0,1.0,0.583333,0.666667,0.0,0,27,4500.0,3023.498427,0.0,12
3271.129597,1.0,4209.98,556.22,3653.76,1058.425793,1.0,0.416667,1.0,0.416667,9,74,10300.0,6965.162385,0.0,12
538.768762,0.909091,226.95,129.58,97.37,452.00913,0.545455,0.090909,0.454545,0.272727,8,9,1200.0,946.649324,0.0,11
346.425872,1.0,3463.12,1046.72,2416.4,0.0,1.0,0.5,1.0,0.0,0,66,5000.0,2903.567692,0.916667,12
23.120939,0.545455,282.59,0.0,282.59,0.0,0.583333,0.0,0.5,0.0,0,7,5000.0,128.885146,0.25,12
3746.919031,1.0,7468.37,1310.1,6158.27,0.0,1.0,0.75,1.0,0.0,0,139,10000.0,4793.23127,0.0,12
1460.749521,1.0,2318.21,1666.71,651.5,0.0,0.916667,0.666667,0.75,0.0,0,35,5900.0,1324.509712,0.0,12
3312.514107,1.0,0.0,0.0,0.0,830.921998,0.0,0.0,0.0,0.333333,5,0,6500.0,962.359607,0.0,12
487.483429,1.0,1579.12,980.56,598.56,0.0,1.0,0.416667,0.916667,0.0,0,21,10000.0,606.20283,0.2,12
33.535261,1.0,319.98,0.0,319.98,0.0,1.0,0.0,0.833333,0.0,0,6,1000.0,264.453806,1.0,6
6650.001408,1.0,275.38,235.71,39.67,494.997609,0.25,0.166667,0.166667,0.333333,9,7,15500.0,1386.144517,0.0,12
710.811464,0.75,633.87,320.0,313.87,672.991175,0.75,0.125,0.625,0.25,4,17,1000.0,474.226839,0.0,8
453.347636,1.0,4164.8,159.4,4005.4,0.0,1.0,0.166667,1.0,0.0,0,51,5500.0,4663.19128,1.0,12
61.463647,0.166667,0.0,0.0,0.0,989.053104,0.0,0.0,0.0,0.166667,2,0,1200.0,0.0,0.0,6
226.445662,0.909091,0.0,0.0,0.0,291.685333,0.0,0.0,0.0,0.083333,1,0,1500.0,138.84951,0.0,12
1540.478248,1.0,1494.11,171.51,1322.6,320.569363,1.0,0.083333,1.0,0.083333,4,51,1000.0,347.092355,0.0,12
88.905573,0.727273,537.56,537.56,0.0,0.0,0.25,0.25,0.0,0.0,0,6,2500.0,563.972982,0.0,12
846.091011,1.0,2599.2,1212.28,1386.92,0.0,0.916667,0.333333,0.916667,0.0,0,19,3000.0,1900.699307,0.0,12
326.551854,0.818182,2950.77,2950.77,0.0,0.0,0.583333,0.583333,0.0,0.0,0,35,4000.0,2224.274686,0.571429,12
31.870622,0.636364,125.06,0.0,125.06,0.0,0.5,0.0,0.5,0.0,0,6,1000.0,264.43684,0.0,12
2504.312118,1.0,8631.0,6983.43,1647.57,704.155697,1.0,1.0,0.75,0.333333,5,66,5000.0,5705.083777,0.0,12
4059.160304,1.0,256.63,0.0,256.63,1328.657944,0.916667,0.0,0.833333,0.333333,5,11,4500.0,936.605314,0.0,12
8929.533392,1.0,0.0,0.0,0.0,7165.12654,0.0,0.0,0.0,0.5,8,0,13000.0,2119.667158,0.0,12
8.59137,0.636364,125.0,0.0,125.0,0.0,0.5,0.0,0.416667,0.0,0,6,3000.0,194.532194,0.8,12
4.924829,0.272727,65.97,0.0,65.97,0.0,0.25,0.0,0.166667,0.0,0,3,4000.0,178.11004,1.0,12
1906.104266,1.0,781.43,1.0,780.43,2097.271687,0.583333,0.083333,0.5,0.166667,2,16,3400.0,495.427538,0.0,12
1174.088448,1.0,0.0,0.0,0.0,39.500445,0.0,0.0,0.0,0.083333,1,0,1200.0,283.442187,0.0,12
218.280031,1.0,939.14,939.14,0.0,0.0,0.727273,0.727273,0.0,0.0,0,8,5000.0,969.130835,0.0,11
2990.370585,1.0,1368.0,208.0,1160.0,1436.238238,1.0,0.083333,1.0,0.583333,14,22,8000.0,1680.74827,0.0,12
159.210281,1.0,247.8,75.8,172.0,0.0,0.25,0.083333,0.166667,0.0,0,3,5000.0,607.575208,0.0,12
336.749543,0.818182,3081.69,3081.69,0.0,0.0,0.5,0.5,0.0,0.0,0,22,2000.0,3631.007239,0.0,12
12.478094,0.5,217.91,0.0,217.91,0.0,0.875,0.0,0.75,0.0,0,7,1000.0,206.460572,0.0,8
9110.968989,1.0,1490.75,1490.75,0.0,20277.33112,0.166667,0.166667,0.0,0.333333,22,5,11000.0,19740.74802,0.0,12
126.622651,0.375,1015.3,1015.3,0.0,0.0,0.25,0.25,0.0,0.0,0,5,4500.0,2583.278505,1.0,8
1614.278999,1.0,554.65,452.85,101.8,603.964591,0.5,0.333333,0.166667,0.25,3,13,2000.0,485.998474,0.0,12
3173.141048,1.0,895.92,0.0,895.92,0.0,1.0,0.0,1.0,0.0,0,12,4500.0,723.653473,0.0,12
5718.507585,1.0,4717.77,851.58,3866.19,3584.26549,1.0,0.416667,0.916667,0.5,10,85,6000.0,8880.955481,0.0,12
68.007411,1.0,488.66,0.0,488.66,0.0,1.0,0.0,0.9,0.0,0,19,1500.0,303.387025,0.25,10
1486.00963,1.0,757.6,702.0,55.6,374.404841,0.416667,0.333333,0.083333,0.083333,1,6,5000.0,932.414285,0.0,12
276.93292,0.454545,0.0,0.0,0.0,936.59473,0.0,0.0,0.0,0.083333,2,0,1000.0,247.914645,0.0,12
14.983682,0.272727,280.0,280.0,0.0,0.0,0.083333,0.083333,0.0,0.0,0,1,300.0,304.243382,0.0,12
811.638687,1.0,0.0,0.0,0.0,783.165528,0.0,0.0,0.0,0.083333,1,0,3000.0,608.913721,0.0,12
1081.672472,1.0,0.0,0.0,0.0,18.573429,0.0,0.0,0.0,0.083333,1,0,1500.0,1713.311527,0.1,12
811.071722,1.0,208.92,0.0,208.92,206.635247,0.666667,0.0,0.666667,0.166667,2,8,2500.0,282.414709,0.0,12
559.750373,1.0,622.44,400.0,222.44,0.0,0.75,0.083333,0.666667,0.0,0,9,700.0,893.494936,0.083333,12
834.825957,1.0,0.0,0.0,0.0,1195.000251,0.0,0.0,0.0,0.25,6,0,1200.0,1392.439311,0.1,12
2663.506152,1.0,0.0,0.0,0.0,181.289985,0.0,0.0,0.0,0.083333,1,0,3200.0,705.964088,0.0,12
1396.625608,1.0,1163.49,639.37,524.12,1131.376682,0.916667,0.416667,0.666667,0.166667,7,20,1900.0,607.122812,0.0,12
11.725408,0.181818,178.0,178.0,0.0,0.0,0.083333,0.083333,0.0,0.0,0,1,1500.0,1024.466785,0.0,12
826.344973,1.0,108.4,0.0,108.4,950.872647,0.363636,0.0,0.363636,0.090909,1,4,1000.0,2068.816672,0.090909,11
593.785565,0.909091,1150.0,1150.0,0.0,0.0,0.083333,0.083333,0.0,0.0,0,1,5300.0,2189.154807,0.090909,12
7337.853622,1.0,0.0,0.0,0.0,3889.579805,0.0,0.0,0.0,0.75,21,0,9000.0,2526.186156,0.0,12
1160.451877,0.909091,109.36,109.36,0.0,37.12951,0.090909,0.090909,0.0,0.090909,1,2,1200.0,226.149461,0.0,11
2370.760037,1.0,94.47,0.0,94.47,0.0,0.666667,0.0,0.583333,0.0,0,11,4500.0,770.48848,0.0,12
1141.383705,1.0,79.87,0.0,79.87,822.309143,0.166667,0.0,0.166667,0.583333,16,2,1200.0,457.956974,0.0,12
1928.254972,0.9,293.26,293.26,0.0,830.670122,0.1,0.1,0.0,0.1,1,2,2000.0,496.917889,0.0,10
11304.51755,1.0,105.83,105.83,0.0,3451.163531,0.333333,0.333333,0.0,0.583333,12,4,11500.0,1987.223626,0.0,12
395.722912,1.0,1837.15,1534.65,302.5,0.0,1.0,0.916667,0.916667,0.0,0,62,2000.0,914.845569,0.5,12
54.250363,0.8,317.4,317.4,0.0,0.0,0.3,0.3,0.0,0.0,0,4,3000.0,234.894972,0.0,10
179.362453,0.545455,839.09,0.0,839.09,331.493048,0.833333,0.0,0.75,0.083333,1,11,3000.0,555.713401,0.0,12
347.928329,1.0,832.37,427.96,404.41,0.0,1.0,0.416667,1.0,0.0,0,31,1000.0,752.706706,0.0,12
3086.119532,1.0,1134.38,396.29,738.09,4323.275849,0.916667,0.083333,0.916667,0.166667,2,22,12000.0,1492.992521,0.0,12
1389.085585,1.0,0.0,0.0,0.0,2773.573526,0.0,0.0,0.0,0.75,14,0,2000.0,2100.404477,0.0,12
16.848358,1.0,103.08,0.0,103.08,0.0,0.333333,0.0,0.25,0.0,0,4,2900.0,0.0,0.0,12
50.940247,1.0,426.47,0.0,426.47,0.0,0.916667,0.0,0.833333,0.0,0,11,3000.0,409.376563,1.0,12
3092.948987,1.0,1132.03,1038.75,93.28,3988.939447,0.833333,0.25,0.583333,0.666667,25,19,7000.0,889.901799,0.0,12
33.114269,0.727273,974.96,110.0,864.96,0.0,1.0,0.083333,1.0,0.0,0,13,6000.0,1011.244454,0.333333,12
136.268319,1.0,757.49,487.61,269.88,1360.553696,1.0,0.083333,0.916667,0.583333,10,26,2000.0,4086.277963,0.5,12
470.91505,1.0,907.5,574.5,333.0,0.0,0.583333,0.166667,0.333333,0.0,0,10,1500.0,1065.270854,0.0,12
4021.881912,1.0,300.1,0.0,300.1,955.742173,0.333333,0.0,0.25,0.083333,1,9,6000.0,1120.837531,0.0,12
13.718373,1.0,401.88,0.0,401.88,0.0,1.0,0.0,1.0,0.0,0,12,3000.0,421.927253,0.833333,12
2732.813233,1.0,245.01,245.01,0.0,2721.303612,0.166667,0.166667,0.0,0.25,3,2,5000.0,1289.823661,0.0,12
55.907108,1.0,439.91,0.0,439.91,0.0,1.0,0.0,1.0,0.0,0,25,6000.0,449.043148,1.0,12
382.979758,1.0,3487.08,484.59,3002.49,0.0,1.0,0.333333,1.0,0.0,0,143,6000.0,3652.818025,0.916667,12
1267.081143,1.0,309.9,0.0,309.9,0.0,0.5,0.0,0.5,0.0,0,6,3000.0,697.223817,0.0,12
1530.51083,1.0,0.0,0.0,0.0,485.900288,0.0,0.0,0.0,0.125,1,0,5000.0,476.34769,0.0,8
3915.151082,1.0,2607.07,2155.66,451.41,0.0,0.916667,0.583333,0.583333,0.0,0,27,8000.0,857.533676,0.0,12
68.607989,0.909091,584.26,188.54,395.72,0.0,1.0,0.083333,1.0,0.0,0,26,4000.0,298.014685,0.090909,12
2141.675003,1.0,0.0,0.0,0.0,2314.315073,0.0,0.0,0.0,0.222222,4,0,2500.0,444.710357,0.0,9
1699.100066,1.0,73.5,73.5,0.0,0.0,0.083333,0.083333,0.0,0.0,0,1,1700.0,429.500066,0.0,12
504.248851,1.0,472.09,0.0,472.09,0.0,0.916667,0.0,0.916667,0.0,0,11,1000.0,209.360972,0.0,12
545.819208,1.0,49.55,0.0,49.55,0.0,0.25,0.0,0.25,0.0,0,3,2500.0,397.410932,0.0,12
748.352082,1.0,1199.77,464.39,735.38,550.543385,0.916667,0.333333,0.833333,0.333333,7,24,1200.0,622.155263,0.090909,12
3.647117,0.1,0.0,0.0,0.0,58.174402,0.0,0.0,0.0,0.1,2,0,1200.0,0.0,0.0,10
70.831061,1.0,531.0,300.0,231.0,0.0,0.916667,0.333333,0.916667,0.0,0,16,1500.0,497.383598,0.25,12
403.08626,1.0,2351.25,0.0,2351.25,0.0,1.0,0.0,1.0,0.0,0,11,2500.0,2247.045797,0.090909,11
1337.57386,1.0,0.0,0.0,0.0,36.473828,0.0,0.0,0.0,0.083333,1,0,3000.0,395.385249,0.0,12
46.86925,1.0,420.0,0.0,420.0,0.0,1.0,0.0,0.833333,0.0,0,6,1000.0,411.981882,0.0,6
1772.610312,1.0,1400.0,0.0,1400.0,0.0,0.583333,0.0,0.583333,0.0,0,10,1500.0,1810.218367,0.0,12
3759.848908,1.0,7472.37,6845.82,626.55,0.0,1.0,1.0,0.75,0.0,0,54,8500.0,5001.440215,0.083333,12
779.701771,1.0,116.66,0.0,116.66,2422.015644,0.166667,0.0,0.083333,0.25,6,6,1500.0,3378.436972,0.25,12
0.187069,0.090909,522.0,290.0,232.0,0.0,0.666667,0.083333,0.666667,0.0,0,9,2900.0,760.989921,0.0,12
2.752576,0.181818,30.9,0.0,30.9,0.0,0.166667,0.0,0.166667,0.0,0,2,3000.0,174.049821,0.333333,12
4476.739146,1.0,1880.25,904.46,975.79,3267.879333,1.0,0.333333,1.0,0.25,6,36,12000.0,11562.15615,0.333333,12
644.933911,0.833333,7.26,0.0,7.26,966.749372,0.166667,0.0,0.166667,0.166667,1,1,1500.0,431.732367,0.0,6
3.690944,0.25,167.68,0.0,167.68,0.0,1.0,0.0,0.875,0.0,0,8,1500.0,614.893679,0.166667,8
1695.52577,1.0,199.92,0.0,199.92,1995.609365,1.0,0.0,1.0,0.083333,1,12,4000.0,578.152341,0.0,12
1374.431396,1.0,81.0,0.0,81.0,0.0,0.75,0.0,0.75,0.0,0,9,3000.0,356.933062,0.0,12
5636.389815,1.0,645.55,645.55,0.0,1190.251389,0.5,0.5,0.0,0.416667,15,14,6500.0,1334.895124,0.0,12
19.516936,0.090909,851.0,851.0,0.0,0.0,0.083333,0.083333,0.0,0.0,0,1,5000.0,9821.138115,0.0,12
1340.549378,1.0,591.0,0.0,591.0,0.0,1.0,0.0,1.0,0.0,0,12,1250.0,706.517216,0.0,12
38.086857,0.545455,447.78,0.0,447.78,0.0,0.416667,0.0,0.416667,0.0,0,6,4000.0,757.855943,1.0,12
2724.685011,1.0,0.0,0.0,0.0,724.694411,0.0,0.0,0.0,0.25,5,0,3000.0,1351.895242,0.0,12
0.0,0.0,45.53,0.0,45.53,0.0,0.416667,0.0,0.416667,0.0,0,5,2500.0,0.0,0.0,12
8.362878,1.0,234.0,0.0,234.0,0.0,1.0,0.0,1.0,0.0,0,12,1200.0,234.802293,0.833333,12
156.700478,1.0,1259.21,0.0,1259.21,0.0,1.0,0.0,1.0,0.0,0,21,6000.0,1178.012601,0.0,12
130.644698,1.0,338.79,0.0,338.79,0.0,0.916667,0.0,0.916667,0.0,0,19,1500.0,196.79846,0.083333,12
617.597272,0.714286,0.0,0.0,0.0,1080.735496,0.0,0.0,0.0,0.285714,9,0,1200.0,111.579389,0.0,7
169.600016,0.272727,36.79,0.0,36.79,2596.426866,0.083333,0.0,0.083333,0.25,10,1,1500.0,1086.495221,0.090909,12
631.959341,1.0,0.0,0.0,0.0,19.388248,0.0,0.0,0.0,0.083333,1,0,700.0,161.443162,0.0,12
98.937198,1.0,676.31,601.31,75.0,0.0,0.833333,0.75,0.083333,0.0,0,17,1050.0,668.102469,0.0,12
1222.050009,1.0,0.0,0.0,0.0,1143.669546,0.0,0.0,0.0,0.166667,5,0,2500.0,291.446692,0.0,12
92.859389,1.0,468.96,0.0,498.96,0.0,1.0,0.0,0.833333,0.0,0,5,1000.0,348.784045,1.0,6
84.3929,0.909091,141.84,0.0,141.84,0.0,0.75,0.0,0.75,0.0,0,23,1200.0,371.759761,0.1,12
287.589522,1.0,33.35,0.0,33.35,0.0,0.083333,0.0,0.083333,0.0,0,1,6000.0,558.143294,0.0,12
5354.53794,1.0,0.0,0.0,0.0,8504.909507,0.0,0.0,0.0,0.916667,21,0,7500.0,6438.405866,0.0,12
32.89402,1.0,271.68,0.0,271.68,0.0,0.666667,0.0,0.583333,0.0,0,12,2400.0,226.744914,0.083333,12
1445.383522,1.0,0.0,0.0,0.0,342.162677,0.0,0.0,0.0,0.416667,7,0,1700.0,430.833894,0.0,12
1907.779363,1.0,2074.08,0.0,2074.08,0.0,1.0,0.0,1.0,0.0,0,17,1500.0,1796.60533,0.0,12
738.992204,1.0,0.0,0.0,0.0,186.282849,0.0,0.0,0.0,0.083333,1,0,2000.0,386.913089,0.0,12
4.822037,0.833333,58.32,0.0,58.32,0.0,0.833333,0.0,0.833333,0.0,0,6,1000.0,65.76347,0.666667,6
148.376249,0.363636,600.0,600.0,0.0,0.0,0.083333,0.083333,0.0,0.0,0,1,2500.0,731.400261,0.0,12
927.375909,0.454545,0.0,0.0,0.0,2215.257509,0.0,0.0,0.0,0.166667,7,0,6000.0,2734.344075,0.0,12
151.704474,1.0,0.0,0.0,0.0,87.794993,0.0,0.0,0.0,0.166667,2,0,150.0,316.324154,0.0,12
72.351933,1.0,245.84,0.0,245.84,0.0,0.833333,0.0,0.833333,0.0,0,10,1200.0,187.34317,0.166667,12
2.907271,0.2,53.0,53.0,0.0,0.0,0.1,0.1,0.0,0.0,0,1,1000.0,239.669232,0.0,10
1347.883104,1.0,174.05,69.55,104.5,1714.06927,0.166667,0.083333,0.083333,0.25,5,3,3000.0,1711.864665,0.0,12
676.627063,1.0,330.83,330.83,0.0,4474.025579,0.25,0.25,0.0,0.5,11,4,6000.0,2180.100761,0.083333,12
871.35543,0.545455,174.93,174.93,0.0,2621.431555,0.083333,0.083333,0.0,0.166667,6,2,3000.0,4898.947715,0.0,12
1915.189848,1.0,0.0,0.0,0.0,1390.387875,0.0,0.0,0.0,0.25,4,0,2500.0,714.25653,0.0,12
851.880648,0.909091,1476.7,934.59,542.11,903.935644,0.636364,0.454545,0.363636,0.272727,3,18,1200.0,2207.649199,0.125,11
460.169381,1.0,2703.95,10.0,2693.95,0.0,0.916667,0.166667,0.916667,0.0,0,49,5000.0,2039.16951,0.555556,12
177.371967,1.0,534.0,0.0,534.0,0.0,0.666667,0.0,0.5,0.0,0,8,3500.0,453.357965,0.0,12
25.882538,1.0,430.02,0.02,430.0,0.0,1.0,0.083333,0.916667,0.0,0,19,7000.0,372.95804,1.0,12
2378.150526,0.833333,0.0,0.0,0.0,4059.469587,0.0,0.0,0.0,0.333333,6,0,5000.0,349.448115,0.0,6
44.539341,0.363636,94.3,71.8,22.5,0.0,0.25,0.083333,0.25,0.0,0,4,2500.0,940.026302,0.0,12
38.424273,1.0,442.04,0.0,442.04,0.0,0.666667,0.0,0.666667,0.0,0,12,2000.0,435.927928,0.8,12
894.99047,0.636364,3184.54,2486.98,697.56,1578.893925,1.0,0.583333,1.0,0.5,12,48,6500.0,3567.009988,0.083333,12
1459.853158,1.0,1365.0,1365.0,0.0,363.867229,0.090909,0.090909,0.0,0.090909,1,3,1800.0,1751.977457,0.0,11
1572.097459,1.0,0.0,0.0,0.0,1128.876546,0.0,0.0,0.0,0.083333,3,0,2500.0,402.317895,0.0,12
1646.38453,1.0,1047.34,1047.34,0.0,146.650389,0.583333,0.583333,0.0,0.166667,2,51,3000.0,462.848132,0.0,12
4218.956639,1.0,0.0,0.0,0.0,4734.304587,0.0,0.0,0.0,0.583333,44,0,4500.0,5557.539676,0.083333,12
45.22614,0.727273,0.0,0.0,0.0,146.123548,0.0,0.0,0.0,0.083333,1,0,150.0,298.10235,0.0,12
4661.423201,1.0,0.0,0.0,0.0,5263.831799,0.0,0.0,0.0,0.583333,10,0,6500.0,2943.485063,0.0,12
1519.317855,1.0,0.0,0.0,0.0,548.289216,0.0,0.0,0.0,0.166667,2,0,2000.0,456.098668,0.0,12
6306.826232,1.0,0.0,0.0,0.0,3090.205975,0.0,0.0,0.0,0.916667,21,0,7500.0,1396.433544,0.0,12
32.916536,1.0,300.62,0.0,300.62,0.0,1.0,0.0,0.916667,0.0,0,12,1200.0,301.102633,0.454545,12
8.849404,0.454545,220.99,0.0,220.99,0.0,0.916667,0.0,0.833333,0.0,0,11,1000.0,286.305162,0.125,12
5.663355,0.363636,35.0,35.0,0.0,0.0,0.083333,0.083333,0.0,0.0,0,1,2500.0,394.761847,0.1,12
298.651615,0.888889,0.0,0.0,0.0,470.488239,0.0,0.0,0.0,0.111111,1,0,1000.0,309.69761,0.0,9
734.337883,1.0,55.68,0.0,55.68,0.0,0.166667,0.0,0.166667,0.0,0,2,1000.0,938.997556,0.0,12
56.68168,1.0,827.2,0.0,827.2,0.0,1.0,0.0,1.0,0.0,0,20,1000.0,798.681574,0.666667,12
66.048562,1.0,696.78,0.0,696.78,0.0,0.916667,0.0,0.75,0.0,0,17,2000.0,617.678129,1.0,12
4415.526081,1.0,0.0,0.0,0.0,1592.287186,0.0,0.0,0.0,0.5,12,0,4500.0,1357.018977,0.0,12
563.749251,0.909091,5039.97,5039.97,0.0,0.0,0.833333,0.833333,0.0,0.0,0,25,4000.0,4714.741294,0.777778,12
37.980086,1.0,450.0,0.0,450.0,0.0,1.0,0.0,1.0,0.0,0,12,2700.0,425.280332,0.666667,12
291.654079,1.0,1528.77,1528.77,0.0,0.0,0.416667,0.416667,0.0,0.0,0,9,9000.0,930.081668,0.0,12
72.188087,1.0,117.9,117.9,0.0,0.0,0.083333,0.083333,0.0,0.0,0,2,3400.0,14.500688,0.0,12
370.489944,1.0,1723.61,947.92,775.69,0.0,1.0,0.75,1.0,0.0,0,37,5000.0,1570.70073,0.0,12
623.095349,0.727273,1010.0,1010.0,0.0,0.0,0.25,0.25,0.0,0.0,0,4,5000.0,2063.173023,0.0,12
18.287569,1.0,777.0,0.0,777.0,0.0,1.0,0.0,1.0,0.0,0,24,1200.0,706.055693,1.0,12
1421.169324,1.0,0.0,0.0,0.0,37.440222,0.0,0.0,0.0,0.2,2,0,1500.0,224.088112,0.0,10
16.821079,0.363636,121.2,0.0,121.2,0.0,0.333333,0.0,0.25,0.0,0,4,7000.0,310.4036,1.0,12
1667.851788,0.9,0.0,0.0,0.0,5133.373227,0.0,0.0,0.0,0.6,13,0,3000.0,2822.457351,0.125,10
2933.577644,1.0,4562.57,3729.83,832.74,0.0,1.0,0.75,0.916667,0.0,0,88,4000.0,4237.359587,0.0,12
42.286207,1.0,480.37,0.0,480.37,0.0,1.0,0.0,1.0,0.0,0,41,6000.0,326.059256,0.833333,12
1125.697524,1.0,0.0,0.0,0.0,504.069794,0.0,0.0,0.0,0.5,8,0,1200.0,599.233796,0.0,12
25.998899,0.111111,0.0,0.0,0.0,466.387778,0.0,0.0,0.0,0.111111,1,0,4000.0,0.0,0.0,9
1794.531623,1.0,0.0,0.0,0.0,1050.199464,0.0,0.0,0.0,0.166667,5,0,2500.0,2562.51109,0.083333,12
207.099447,1.0,1764.0,0.0,1764.0,0.0,1.0,0.0,1.0,0.0,0,12,400.0,1667.797657,0.545455,12
875.103005,1.0,0.0,0.0,0.0,2988.062451,0.0,0.0,0.0,0.333333,12,0,2000.0,2168.617114,0.4,12
69.036727,0.363636,760.79,760.79,0.0,0.0,0.166667,0.166667,0.0,0.0,0,2,7000.0,187.452384,0.0,12
917.531824,1.0,0.0,0.0,0.0,1273.778445,0.0,0.0,0.0,0.083333,1,0,1600.0,1498.695114,0.083333,12
1969.647597,1.0,0.0,0.0,0.0,1973.843982,0.0,0.0,0.0,0.333333,5,0,2000.0,2209.452275,0.0,12
25.72535,0.363636,150.48,0.0,150.48,0.0,0.25,0.0,0.25,0.0,0,3,2500.0,558.52387,0.0,12
5091.643375,1.0,0.0,0.0,0.0,2302.860148,0.0,0.0,0.0,0.5,10,0,6000.0,1315.48708,0.0,12
2433.487018,1.0,0.0,0.0,0.0,348.296735,0.0,0.0,0.0,0.272727,6,0,2500.0,527.171985,0.0,11
8465.296023,1.0,1066.91,817.43,249.48,1870.467411,1.0,0.166667,0.916667,0.083333,1,23,17150.0,1742.775616,0.0,12
4616.991666,1.0,0.0,0.0,0.0,2810.591083,0.0,0.0,0.0,0.083333,8,0,5000.0,584.413797,0.0,12
1452.616145,1.0,522.29,45.65,476.64,0.0,1.0,0.083333,1.0,0.0,0,13,1500.0,851.338405,0.0,12
3681.031744,1.0,1922.39,1376.54,545.85,0.0,0.583333,0.583333,0.333333,0.0,0,29,10000.0,873.634965,0.0,12
1166.337059,1.0,0.0,0.0,0.0,182.229942,0.0,0.0,0.0,0.5,7,0,1200.0,381.331067,0.0,12
38.342505,0.454545,134.28,134.28,0.0,0.0,0.083333,0.083333,0.0,0.0,0,3,6000.0,361.809474,0.181818,12
765.66511,1.0,0.0,0.0,0.0,924.627991,0.0,0.0,0.0,0.083333,1,0,3000.0,703.772856,0.0,12
905.771358,1.0,116.15,36.15,80.0,0.0,0.166667,0.083333,0.166667,0.0,0,3,1000.0,267.661028,0.0,12
540.157857,1.0,181.5,0.0,181.5,0.0,0.833333,0.0,0.833333,0.0,0,11,500.0,246.839723,0.0,12
1356.050482,1.0,65.82,39.9,25.92,0.0,1.0,0.166667,1.0,0.0,0,14,4000.0,493.729322,0.0,12
779.431874,1.0,721.78,223.53,498.25,152.51189,1.0,0.166667,0.916667,0.083333,2,48,1500.0,796.646284,0.0,12
106.752843,0.727273,865.27,637.89,227.38,0.0,0.583333,0.583333,0.5,0.0,0,25,2000.0,1229.490211,0.111111,12
1029.85333,0.833333,727.51,727.51,0.0,1287.04473,0.333333,0.333333,0.0,0.666667,5,2,2500.0,86.723976,0.0,6
313.802253,1.0,1146.37,792.1,354.27,1429.340234,0.583333,0.416667,0.416667,0.333333,8,22,2000.0,2736.9303,0.181818,12
2743.221459,1.0,0.0,0.0,0.0,776.01291,0.0,0.0,0.0,0.166667,2,0,3000.0,668.207015,0.0,12
1100.505764,1.0,220.0,220.0,0.0,0.0,0.166667,0.166667,0.0,0.0,0,2,1200.0,344.856423,0.0,12
335.95482,1.0,2178.13,1215.01,963.12,0.0,1.0,0.166667,1.0,0.0,0,35,6000.0,2320.553403,0.181818,12
31.552295,1.0,190.26,0.0,190.26,0.0,1.0,0.0,0.833333,0.0,0,6,1500.0,113.704149,0.5,6
1441.591027,1.0,222.44,0.0,222.44,0.0,0.666667,0.0,0.666667,0.0,0,8,1500.0,622.574342,0.0,12
1594.72697,0.818182,0.0,0.0,0.0,266.997482,0.0,0.0,0.0,0.083333,1,0,3000.0,662.208086,0.0,12
3771.944203,1.0,786.92,299.21,487.71,960.999868,0.333333,0.083333,0.25,0.083333,2,11,4500.0,1857.229391,0.0,12
2382.49454,1.0,0.0,0.0,0.0,2795.907452,0.0,0.0,0.0,0.083333,2,0,3000.0,434.164247,0.0,12
331.554753,1.0,146.22,146.22,0.0,2819.32368,0.5,0.5,0.0,0.916667,20,6,3000.0,4647.909943,0.916667,12
3345.311478,1.0,767.13,20.0,747.13,0.0,1.0,0.083333,1.0,0.0,0,70,3000.0,976.91687,0.0,12
4338.558856,1.0,5677.76,1640.55,4037.21,0.0,1.0,0.083333,1.0,0.0,0,34,5500.0,1897.437629,0.0,12
37.618883,1.0,952.8,0.0,952.8,0.0,1.0,0.0,1.0,0.0,0,12,2000.0,938.376189,0.916667,12
1670.918981,1.0,1543.83,1406.33,137.5,899.326582,1.0,1.0,0.25,0.083333,2,32,7000.0,757.409319,0.0,12
1465.996562,1.0,2498.92,222.99,2275.93,0.0,1.0,0.166667,1.0,0.0,0,36,3500.0,676.452393,0.0,12
2079.82381,1.0,1021.9,1021.9,0.0,812.559357,0.25,0.25,0.0,0.333333,4,7,3000.0,570.959953,0.0,12
16259.44857,1.0,5024.68,3582.45,1442.23,328.698275,1.0,0.833333,1.0,0.083333,2,143,18000.0,4987.235359,0.0,12
8.111284,0.545455,122.58,0.0,122.58,0.0,0.5,0.0,0.416667,0.0,0,6,3400.0,206.903715,0.8,12
2590.469749,1.0,459.12,422.0,37.12,0.0,0.333333,0.333333,0.083333,0.0,0,11,2900.0,584.70712,0.0,12
57.491021,1.0,785.96,383.84,402.12,0.0,1.0,1.0,1.0,0.0,0,27,3500.0,684.853812,1.0,12
1209.613646,1.0,874.68,0.0,874.68,7663.906258,0.666667,0.0,0.666667,0.25,5,8,3500.0,8261.89726,0.818182,12
173.331107,1.0,1301.44,916.8,384.64,0.0,0.916667,0.583333,0.75,0.0,0,25,4000.0,954.989463,0.3,12
4972.108843,1.0,2072.57,45.65,2026.92,0.0,1.0,0.083333,1.0,0.0,0,37,4500.0,1497.318035,0.0,12
19.312066,1.0,334.8,0.0,334.8,0.0,1.0,0.0,1.0,0.0,0,12,5000.0,499.339328,0.166667,12
23.852869,0.363636,123.75,123.75,0.0,0.0,0.083333,0.083333,0.0,0.0,0,1,2500.0,339.525567,0.333333,12
3043.796467,1.0,1410.95,1270.97,139.98,1345.522967,0.666667,0.416667,0.416667,0.25,4,13,11500.0,834.226677,0.0,12
539.581502,0.818182,0.0,0.0,0.0,2296.860678,0.0,0.0,0.0,0.166667,2,0,1200.0,2443.777007,0.125,12
348.342172,0.909091,11878.25,7958.96,3919.29,0.0,1.0,1.0,0.416667,0.0,0,103,6000.0,11845.84124,0.6,12
1635.964498,1.0,0.0,0.0,0.0,158.919459,0.0,0.0,0.0,0.333333,6,0,1700.0,464.891311,0.0,12
1083.379171,1.0,9.9,0.0,9.9,0.0,0.142857,0.0,0.142857,0.0,0,1,1900.0,186.923852,0.0,7
972.958145,1.0,100.0,100.0,0.0,37.470292,0.083333,0.083333,0.0,0.166667,2,1,1000.0,318.226488,0.0,12
1121.15859,1.0,202.2,120.0,82.2,79.037888,0.333333,0.083333,0.25,0.083333,1,5,1200.0,380.402296,0.0,12
1597.911395,1.0,0.0,0.0,0.0,162.919727,0.0,0.0,0.0,0.25,3,0,1800.0,548.420841,0.0,12
1695.994646,1.0,478.99,478.99,0.0,855.646549,0.583333,0.583333,0.0,0.25,3,8,2000.0,2546.457101,0.083333,12
2521.094992,1.0,2326.16,875.37,1450.79,0.0,1.0,0.75,1.0,0.0,0,83,3000.0,3983.238602,0.0,12
109.697529,1.0,1530.37,1530.37,0.0,0.0,1.0,1.0,0.0,0.0,0,12,1200.0,1681.146226,0.111111,12
631.858702,0.545455,75.25,0.0,75.25,0.0,0.333333,0.0,0.333333,0.0,0,5,1200.0,1458.6444,0.0,12
98.252565,1.0,1021.24,0.0,1021.24,0.0,1.0,0.0,1.0,0.0,0,88,3000.0,1080.276225,0.5,12
3347.229846,1.0,480.0,0.0,480.0,1760.145824,0.833333,0.0,0.75,0.166667,3,10,3500.0,1265.606632,0.0,12
173.23165,0.181818,1555.85,1555.85,0.0,0.0,0.083333,0.083333,0.0,0.0,0,2,1500.0,8494.566989,0.0,12
6280.767092,1.0,0.0,0.0,0.0,3385.339487,0.0,0.0,0.0,0.25,9,0,10500.0,1782.28106,0.0,12
1299.554504,1.0,0.0,0.0,0.0,3955.560549,0.0,0.0,0.0,0.5,11,0,2500.0,2084.109173,0.166667,8
10.288205,0.363636,324.0,0.0,324.0,0.0,0.75,0.0,0.75,0.0,0,9,1500.0,555.119249,0.0,12
23.083392,0.454545,447.96,0.0,447.96,0.0,1.0,0.0,1.0,0.0,0,18,1500.0,287.049312,0.083333,12
553.253321,0.636364,0.0,0.0,0.0,975.662025,0.0,0.0,0.0,0.25,4,0,1800.0,1098.758855,0.0,12
52.511818,0.818182,0.0,0.0,0.0,682.164088,0.0,0.0,0.0,0.166667,3,0,3000.0,1011.119851,0.142857,12
63.524092,1.0,145.7,145.7,0.0,493.123696,0.090909,0.090909,0.0,0.090909,1,2,1500.0,607.546663,0.0,11
1608.163254,1.0,1130.6,1130.6,0.0,682.525873,1.0,1.0,0.0,0.166667,4,19,2500.0,1152.859524,0.0,12
51.581189,1.0,384.89,120.0,264.89,0.0,0.666667,0.083333,0.583333,0.0,0,10,6000.0,213.515669,0.222222,12
160.492501,1.0,897.45,897.45,0.0,0.0,0.666667,0.666667,0.0,0.0,0,13,1200.0,606.996033,0.0,6
915.857804,1.0,275.41,275.41,0.0,0.0,0.142857,0.142857,0.0,0.0,0,1,1200.0,1268.395148,0.142857,7
32.807257,0.727273,304.0,0.0,304.0,0.0,0.666667,0.0,0.583333,0.0,0,8,3000.0,364.316697,0.428571,12
2.322666,0.181818,51.0,0.0,51.0,0.0,0.166667,0.0,0.083333,0.0,0,2,2900.0,0.0,0.0,12
2033.51327,1.0,2274.46,1350.45,924.01,0.0,1.0,0.166667,1.0,0.0,0,48,6000.0,1080.054078,0.0,12
2325.373366,1.0,0.0,0.0,0.0,327.662218,0.0,0.0,0.0,0.583333,10,0,2500.0,679.52543,0.0,12
20.502046,0.818182,53.36,0.0,53.36,0.0,0.25,0.0,0.166667,0.0,0,3,2500.0,88.897909,0.0,12
1991.277745,1.0,56.7,56.7,0.0,1159.173849,0.083333,0.083333,0.0,0.25,6,1,3000.0,534.718227,0.0,12
5487.071216,1.0,2435.09,518.05,1917.04,3052.71063,0.916667,0.083333,0.916667,0.333333,4,25,7500.0,1298.306155,0.0,12
1016.712614,1.0,0.0,0.0,0.0,128.829302,0.0,0.0,0.0,0.083333,2,0,4000.0,430.136625,0.0,12
76.096025,0.909091,71.22,0.0,71.22,0.0,0.25,0.0,0.25,0.0,0,3,1500.0,216.059115,0.0,12
44.350816,0.454545,1144.35,1077.45,66.9,0.0,0.416667,0.416667,0.166667,0.0,0,26,500.0,1618.479121,1.0,12
1690.244293,1.0,0.0,0.0,0.0,272.677146,0.0,0.0,0.0,0.083333,1,0,3000.0,547.687792,0.0,12
1438.959962,1.0,242.01,122.01,120.0,36.887704,0.416667,0.083333,0.333333,0.083333,1,6,1500.0,318.521195,0.0,12
1508.132993,0.75,0.0,0.0,0.0,2418.319143,0.0,0.0,0.0,0.375,11,0,2500.0,379.847536,0.0,8
1655.668019,1.0,281.3,111.3,170.0,531.572063,0.5,0.25,0.25,0.25,4,7,2000.0,356.436938,0.0,12
1654.795346,0.909091,2530.48,1219.22,1311.26,881.045538,0.75,0.5,0.666667,0.25,4,48,2500.0,1294.563221,0.0,12
3381.942128,1.0,0.0,0.0,0.0,2018.855558,0.0,0.0,0.0,0.5,18,0,4500.0,963.106808,0.0,12
5.116471,0.363636,50.2,50.2,0.0,0.0,0.166667,0.166667,0.0,0.0,0,2,1000.0,200.963332,0.333333,12
5211.797605,1.0,169.67,169.67,0.0,5607.28304,0.083333,0.083333,0.0,0.083333,1,1,6000.0,6080.457549,0.0,12
4487.993384,1.0,1654.94,464.5,1190.44,2132.805215,1.0,0.416667,1.0,0.666667,17,51,7500.0,1570.050378,0.0,12
300.81906,1.0,0.0,0.0,0.0,1983.897997,0.0,0.0,0.0,0.5,13,0,3000.0,319.716795,0.0,12
14.074548,1.0,39.0,0.0,39.0,0.0,0.166667,0.0,0.166667,0.0,0,2,1500.0,98.947093,0.0,12
544.314078,1.0,111.8,111.8,0.0,912.814627,0.083333,0.083333,0.0,0.166667,3,1,1200.0,135.415952,0.0,12
2716.48667,1.0,3362.94,1560.0,1802.94,0.0,1.0,0.75,1.0,0.0,0,104,8500.0,2369.634112,0.0,12
1243.250958,1.0,1680.0,0.0,1680.0,0.0,1.0,0.0,1.0,0.0,0,12,4500.0,1105.142936,0.0,12
1452.221132,1.0,1500.0,0.0,1500.0,0.0,1.0,0.0,1.0,0.0,0,12,4500.0,3686.798285,0.0,12
512.011287,1.0,3837.1,1564.32,2272.78,0.0,1.0,0.416667,1.0,0.0,0,28,6000.0,3827.939809,0.416667,12
364.391307,0.272727,0.0,0.0,0.0,1658.424947,0.0,0.0,0.0,0.090909,1,0,1800.0,0.0,0.0,11
1088.936666,1.0,724.98,91.93,633.05,0.0,1.0,0.083333,1.0,0.0,0,20,1000.0,902.612608,0.0,12
412.385505,1.0,0.0,0.0,0.0,125.631015,0.0,0.0,0.0,0.083333,2,0,1500.0,1543.55933,0.083333,12
1474.990634,0.818182,4469.59,2836.63,1632.96,0.0,1.0,0.666667,1.0,0.0,0,67,4000.0,4337.964147,0.0,12
28.486124,0.454545,130.26,0.0,130.26,0.0,0.5,0.0,0.5,0.0,0,10,2500.0,325.966302,0.0,12
2182.907415,1.0,0.0,0.0,0.0,210.601451,0.0,0.0,0.0,0.083333,1,0,2500.0,586.800064,0.0,12
812.839893,0.875,1160.09,932.09,228.0,3129.703318,0.875,0.375,0.5,0.875,8,13,2000.0,4900.523879,0.2,8
823.003516,1.0,432.0,0.0,432.0,0.0,1.0,0.0,1.0,0.0,0,12,1500.0,212.326548,0.0,12
40.640681,1.0,441.23,0.0,441.23,0.0,0.916667,0.0,0.833333,0.0,0,17,5000.0,379.012616,0.5,12
104.963063,1.0,35.74,0.0,35.74,0.0,0.166667,0.0,0.166667,0.0,0,2,1500.0,71.588986,0.0,12
605.744452,1.0,119.0,119.0,0.0,0.0,0.083333,0.083333,0.0,0.0,0,1,1800.0,253.057215,0.0,12
777.853474,0.666667,0.0,0.0,0.0,1820.143378,0.0,0.0,0.0,0.5,8,0,2000.0,89.741508,0.0,6
1696.465412,1.0,219.07,219.07,0.0,1237.454039,0.333333,0.333333,0.0,0.583333,19,6,1800.0,1251.496096,0.0,12
65.701893,0.727273,528.06,128.06,400.0,0.0,0.5,0.083333,0.333333,0.0,0,6,1800.0,509.587601,0.454545,12
4364.383487,1.0,3214.19,297.0,2917.19,1105.738809,1.0,0.083333,1.0,0.166667,4,42,4000.0,2611.595905,0.0,12
6.793588,0.363636,2634.37,1773.4,860.97,0.0,0.333333,0.333333,0.333333,0.0,0,24,4000.0,4144.707044,0.0,12
63.047104,1.0,766.56,175.0,591.56,0.0,0.833333,0.083333,0.666667,0.0,0,11,2900.0,777.890206,0.8,12
3895.677052,1.0,144.77,79.99,64.78,6492.291188,0.333333,0.083333,0.166667,0.833333,27,4,10000.0,5709.895929,0.0,12
1477.960998,1.0,349.25,0.0,349.25,0.0,0.916667,0.0,0.833333,0.0,0,11,1500.0,528.615684,0.0,12
900.241238,1.0,1674.32,1200.7,473.62,0.0,1.0,0.8,0.9,0.0,0,69,1500.0,66.610309,0.0,10
234.16953,0.727273,819.15,774.15,45.0,0.0,0.25,0.166667,0.083333,0.0,0,6,5000.0,1077.230161,0.0,12
31.744161,0.272727,465.5,0.0,513.0,0.0,0.25,0.0,0.166667,0.0,0,6,2500.0,767.462556,0.0,12
701.01727,1.0,19.96,19.96,0.0,153.597768,0.083333,0.083333,0.0,0.25,3,1,3500.0,218.851473,0.0,12
3560.977973,1.0,3129.67,2229.42,900.25,283.696848,1.0,0.333333,1.0,0.166667,2,39,5000.0,854.446327,0.0,12
292.888058,0.777778,426.0,0.0,426.0,2047.303874,0.333333,0.0,0.222222,0.444444,5,3,2500.0,2212.216039,0.4,9
37.759404,1.0,398.64,0.0,398.64,0.0,1.0,0.0,1.0,0.0,0,12,2500.0,429.594704,1.0,12
5699.475671,1.0,0.0,0.0,0.0,1423.440294,0.0,0.0,0.0,0.333333,7,0,6000.0,1422.889138,0.0,12
61.080098,1.0,729.6,0.0,729.6,0.0,1.0,0.0,1.0,0.0,0,22,2500.0,733.044687,0.833333,12
2989.558429,1.0,0.0,0.0,0.0,4172.785661,0.0,0.0,0.0,0.583333,15,0,6000.0,894.936707,0.0,12
29.360369,0.545455,520.3,424.5,95.8,0.0,0.5,0.083333,0.333333,0.0,0,6,4000.0,381.22527,0.181818,12
1396.413738,1.0,312.66,204.0,108.66,280.925255,0.25,0.166667,0.083333,0.333333,8,6,1800.0,594.159059,0.0,12
82.902896,0.727273,430.43,0.0,430.43,0.0,0.5,0.0,0.416667,0.0,0,10,2500.0,315.075002,0.083333,12
736.736738,1.0,1171.5,1003.54,167.96,0.0,0.75,0.75,0.333333,0.0,0,26,4000.0,2092.544158,0.0,12
179.357206,1.0,497.15,497.15,0.0,0.0,0.416667,0.416667,0.0,0.0,0,6,1200.0,291.121154,0.0,12
55.039565,1.0,571.52,0.0,571.52,0.0,1.0,0.0,1.0,0.0,0,44,3000.0,596.54897,1.0,12
2.611795,0.142857,43.08,43.08,0.0,0.0,0.142857,0.142857,0.0,0.0,0,2,300.0,143.823981,0.0,7
2303.266119,1.0,740.73,324.88,415.85,3521.638805,0.583333,0.25,0.333333,0.75,14,9,5000.0,3241.098168,0.0,12
1778.035758,1.0,449.0,449.0,0.0,0.0,0.416667,0.416667,0.0,0.0,0,7,3500.0,429.538574,0.0,12
1806.557876,1.0,235.9,47.0,188.9,1292.92879,0.833333,0.083333,0.75,0.416667,12,11,2000.0,746.986805,0.0,12
895.308285,1.0,0.0,0.0,0.0,59.226322,0.0,0.0,0.0,0.166667,2,0,1000.0,304.93211,0.0,12
80.607988,1.0,1638.3,0.0,1638.3,0.0,1.0,0.0,1.0,0.0,0,35,6000.0,1589.707781,0.2,12
92.261256,0.272727,666.68,0.0,666.68,0.0,0.333333,0.0,0.333333,0.0,0,4,900.0,2510.558599,0.0,12
1647.860393,1.0,1510.0,0.0,1510.0,2993.136369,0.833333,0.0,0.833333,0.166667,3,11,3500.0,3927.022653,0.083333,12
1188.651458,1.0,822.96,156.0,666.96,0.0,0.5,0.166667,0.416667,0.0,0,18,1200.0,801.255647,0.0,12
1060.274411,1.0,404.24,404.24,0.0,0.0,0.083333,0.083333,0.0,0.0,0,1,1500.0,1024.733353,0.0,12
92.876617,1.0,922.74,0.0,922.74,0.0,1.0,0.0,1.0,0.0,0,69,3000.0,897.050714,1.0,12
1586.128233,1.0,185.0,185.0,0.0,412.306268,0.083333,0.083333,0.0,0.25,3,2,2500.0,547.767021,0.0,12
974.130505,1.0,482.8,322.98,159.82,0.0,1.0,0.25,1.0,0.0,0,17,4500.0,567.680103,0.0,12
2465.684327,1.0,467.7,467.7,0.0,934.710802,0.416667,0.416667,0.0,0.083333,1,13,3000.0,784.234756,0.0,12
1038.465061,1.0,264.8,0.0,264.8,0.0,0.416667,0.0,0.333333,0.0,0,5,1000.0,418.812352,0.0,12
98.039262,1.0,258.36,0.0,258.36,0.0,0.857143,0.0,0.714286,0.0,0,6,1500.0,146.073798,0.0,7
177.551278,0.636364,66.25,0.0,66.25,0.0,0.416667,0.0,0.416667,0.0,0,5,2500.0,2283.641666,0.0,12
1728.948802,1.0,148.0,148.0,0.0,3521.786884,0.083333,0.083333,0.0,0.416667,8,1,6100.0,2441.612338,0.0,12
947.223495,1.0,0.0,0.0,0.0,648.548716,0.0,0.0,0.0,0.25,3,0,6500.0,2415.827922,0.0,12
528.917839,1.0,647.69,483.59,164.1,0.0,0.666667,0.25,0.333333,0.0,0,12,1000.0,390.696467,0.0,12
156.72326,1.0,1776.76,0.0,1776.76,0.0,1.0,0.0,0.916667,0.0,0,22,9600.0,1339.303085,0.916667,12
1250.526799,1.0,2576.81,2576.81,0.0,599.535996,0.583333,0.583333,0.0,0.166667,2,34,3750.0,3811.567017,0.090909,12
3559.634883,1.0,7654.81,6984.29,670.52,0.0,0.666667,0.666667,0.333333,0.0,0,45,7000.0,2785.055072,0.0,12
4.766639,0.363636,32.22,0.0,32.22,0.0,0.083333,0.0,0.083333,0.0,0,1,6000.0,185.232035,0.5,12
1928.13296,1.0,2133.15,1272.55,860.6,887.278353,1.0,0.583333,0.916667,0.166667,4,53,5900.0,971.9261,0.0,12
462.918623,1.0,3497.99,626.85,2871.14,0.0,1.0,0.416667,1.0,0.0,0,130,3000.0,3581.048471,0.166667,12
339.039307,1.0,345.66,45.65,300.01,0.0,0.75,0.083333,0.75,0.0,0,10,1000.0,102.011016,0.0,12
1532.106106,1.0,1478.98,934.6,544.38,0.0,0.916667,0.25,0.833333,0.0,0,27,3000.0,1016.511227,0.0,12
65.652855,1.0,480.0,0.0,480.0,0.0,0.75,0.0,0.666667,0.0,0,12,1400.0,444.504448,0.6,12
1386.949394,1.0,227.56,177.56,50.0,960.590608,0.083333,0.083333,0.083333,0.083333,6,2,3000.0,319.354,0.0,12
497.510544,1.0,569.94,141.4,428.54,1297.077512,0.75,0.166667,0.583333,0.166667,5,10,2900.0,770.283123,0.0,12
1817.150299,1.0,596.5,0.0,596.5,1736.759805,0.833333,0.0,0.833333,0.583333,11,10,3000.0,891.637597,0.0,12
57.077581,0.727273,698.44,95.14,603.3,0.0,0.666667,0.166667,0.5,0.0,0,16,6000.0,525.904806,0.454545,12
1821.040307,1.0,166.38,116.38,50.0,1682.602932,0.4,0.2,0.2,0.4,13,5,5000.0,3388.896555,0.0,10
988.749349,1.0,0.0,0.0,0.0,6085.7392,0.0,0.0,0.0,0.5,17,0,5000.0,4937.146727,0.2,6
1842.11833,1.0,83.31,0.0,83.31,0.0,0.083333,0.0,0.083333,0.0,0,3,2000.0,603.296946,0.0,12
1210.309338,1.0,182.28,182.28,0.0,216.289445,0.25,0.25,0.0,0.166667,2,8,1300.0,512.657226,0.0,12
477.45278,1.0,71.48,71.48,0.0,0.0,0.083333,0.083333,0.0,0.0,0,1,700.0,322.357201,0.0,12
14.012088,0.818182,165.09,0.0,165.09,0.0,0.75,0.0,0.75,0.0,0,9,5000.0,218.895476,0.9,12
1308.126179,1.0,102.75,0.0,102.75,0.0,0.833333,0.0,0.75,0.0,0,10,3000.0,865.740388,0.0,12
1082.653038,1.0,343.22,343.22,0.0,0.0,0.25,0.25,0.0,0.0,0,4,1200.0,510.918269,0.0,12
1055.99498,1.0,1482.18,1482.18,0.0,0.0,0.333333,0.333333,0.0,0.0,0,6,1500.0,1418.618359,0.0,12
1060.391273,1.0,0.0,0.0,0.0,1475.858013,0.0,0.0,0.0,0.545455,10,0,2000.0,407.36056,0.0,11
559.730777,1.0,0.0,0.0,0.0,299.524277,0.0,0.0,0.0,0.083333,1,0,800.0,455.384879,0.0,12
150.351174,1.0,1039.92,0.0,1039.92,0.0,1.0,0.0,1.0,0.0,0,12,1000.0,984.158369,0.2,12
1347.505936,1.0,0.0,0.0,0.0,547.390756,0.0,0.0,0.0,0.25,4,0,1500.0,263.430572,0.0,12
856.619236,0.9,0.0,0.0,0.0,18.117967,0.0,0.0,0.0,0.1,1,0,900.0,220.18909,0.0,10
97.617137,0.222222,736.0,736.0,0.0,0.0,0.222222,0.222222,0.0,0.0,0,2,1500.0,0.0,0.0,9
915.932014,1.0,45.65,45.65,0.0,0.0,0.083333,0.083333,0.0,0.0,0,1,1000.0,224.596651,0.0,12
1425.606151,1.0,103.0,103.0,0.0,0.0,0.166667,0.166667,0.0,0.0,0,2,1500.0,590.37153,0.0,12
12.423324,0.545455,21.99,0.0,21.99,0.0,0.090909,0.0,0.090909,0.0,0,1,4000.0,0.0,0.0,11
7.315575,0.181818,107.0,107.0,0.0,0.0,0.083333,0.083333,0.0,0.0,0,1,4000.0,588.015945,0.0,12
258.837282,1.0,831.6,0.0,831.6,0.0,1.0,0.0,1.0,0.0,0,51,2500.0,366.15467,0.0,12
114.806604,1.0,675.0,0.0,675.0,0.0,0.666667,0.0,0.666667,0.0,0,12,1000.0,671.28341,0.083333,12
25.576426,1.0,225.0,0.0,225.0,0.0,1.0,0.0,1.0,0.0,0,12,2700.0,232.652483,0.416667,12
1139.648949,1.0,0.0,0.0,0.0,73.875442,0.0,0.0,0.0,0.166667,2,0,1200.0,298.183864,0.0,12
6767.138783,1.0,999.97,807.71,192.26,1960.373647,0.75,0.416667,0.416667,0.166667,2,17,7500.0,4114.602852,0.0,12
1251.26572,1.0,494.04,0.0,494.04,0.0,0.727273,0.0,0.727273,0.0,0,12,1000.0,179.372971,0.0,11
155.676255,0.818182,990.33,990.33,0.0,0.0,0.333333,0.333333,0.0,0.0,0,8,4000.0,1006.564682,0.181818,12
28.178604,0.909091,208.6,0.0,208.6,0.0,0.833333,0.0,0.75,0.0,0,10,1000.0,186.560331,0.375,12
1118.724569,1.0,0.0,0.0,0.0,1963.807815,0.0,0.0,0.0,0.428571,6,0,2000.0,193.30886,0.0,7
2347.486095,1.0,0.0,0.0,0.0,1957.749127,0.0,0.0,0.0,0.428571,9,0,2950.0,3781.991205,0.0,7
900.292445,0.909091,0.0,0.0,0.0,1103.829113,0.0,0.0,0.0,0.166667,6,0,1400.0,190.33293,0.0,12
3447.523748,1.0,6341.55,3232.26,3109.29,2307.775197,1.0,0.75,1.0,0.5,12,118,5000.0,5575.894258,0.0,12
424.994385,0.375,1200.0,1200.0,0.0,0.0,0.125,0.125,0.0,0.0,0,1,1200.0,57.266292,0.0,8
30.957159,0.454545,426.25,0.0,653.55,0.0,0.5,0.0,0.5,0.0,0,19,1200.0,460.814602,0.0,12
2284.316297,1.0,239.26,0.0,239.26,2794.719183,0.75,0.0,0.75,0.25,3,9,3000.0,1918.74596,0.0,12
3695.634133,1.0,0.0,0.0,0.0,2438.708269,0.0,0.0,0.0,0.416667,8,0,4000.0,973.155092,0.0,12
14.480094,0.571429,134.6,0.0,134.6,0.0,0.571429,0.0,0.428571,0.0,0,4,3000.0,155.845232,1.0,7
1722.475015,1.0,115.91,45.65,70.26,146.607859,0.5,0.083333,0.5,0.25,4,7,1900.0,442.944623,0.0,12
202.326177,0.888889,1800.0,0.0,1800.0,0.0,0.888889,0.0,0.888889,0.0,0,9,1000.0,1502.595015,0.571429,9
7.166625,0.454545,62.0,0.0,62.0,0.0,0.166667,0.0,0.083333,0.0,0,2,3000.0,132.643754,0.142857,12
59.315679,1.0,145.58,0.0,145.58,0.0,0.833333,0.0,0.833333,0.0,0,11,1000.0,0.0,0.0,12
1575.794134,1.0,3181.47,1588.78,1592.69,448.17047,0.9,0.5,0.6,0.3,6,55,2100.0,2345.315745,0.1,10
489.343503,1.0,1446.44,1093.24,353.2,0.0,0.727273,0.363636,0.636364,0.0,0,17,3500.0,1223.217883,0.0,11
665.285049,1.0,0.0,0.0,0.0,18.766426,0.0,0.0,0.0,0.083333,1,0,700.0,45.650296,0.0,12
11.13998,0.636364,200.0,0.0,200.0,0.0,0.5,0.0,0.416667,0.0,0,6,3000.0,338.521478,1.0,12
1708.506241,1.0,0.0,0.0,0.0,236.443443,0.0,0.0,0.0,0.083333,1,0,2000.0,702.214941,0.0,12
119.368715,0.909091,339.11,611.65,12.41,87.547315,0.416667,0.5,0.083333,0.083333,2,5,6500.0,107.203529,0.0,12
255.851136,0.909091,311.8,0.0,311.8,0.0,0.666667,0.0,0.666667,0.0,0,8,2500.0,709.240603,0.0,12
499.751638,1.0,468.6,0.0,468.6,0.0,0.833333,0.0,0.75,0.0,0,10,1200.0,1092.978851,0.083333,12
7196.553011,1.0,0.0,0.0,0.0,8195.684678,0.0,0.0,0.0,0.5,7,0,9000.0,3335.3032,0.0,10
4619.500393,1.0,1870.8,1148.75,722.05,0.0,0.5,0.166667,0.416667,0.0,0,11,5000.0,2296.399555,0.0,12
77.653879,1.0,473.62,340.48,133.14,1260.284262,0.5,0.25,0.166667,0.083333,1,6,1800.0,1572.10707,0.083333,12
1906.550855,1.0,1244.37,83.53,1160.84,0.0,0.833333,0.083333,0.833333,0.0,0,21,1800.0,1182.12849,0.0,12
0.704307,0.181818,963.9,607.28,356.62,0.0,0.5,0.083333,0.5,0.0,0,10,3000.0,1502.662849,0.0,12
71.558308,0.181818,650.0,650.0,0.0,0.0,0.083333,0.083333,0.0,0.0,0,1,2500.0,3804.775151,0.0,12
103.622401,0.909091,351.5,0.0,351.5,0.0,0.5,0.0,0.416667,0.0,0,9,3000.0,350.616751,0.111111,12
3.76029,0.181818,45.0,0.0,45.0,0.0,0.083333,0.0,0.083333,0.0,0,2,3000.0,1895.798955,0.0,12
847.349752,1.0,295.83,0.0,295.83,988.908614,1.0,0.0,0.888889,0.222222,3,9,1000.0,70.777666,0.142857,9
711.922203,0.818182,197.21,197.21,0.0,0.0,0.083333,0.083333,0.0,0.0,0,1,1500.0,1781.472773,0.1,12
11.64104,0.363636,167.22,0.0,167.22,0.0,0.416667,0.0,0.416667,0.0,0,5,4000.0,167.751977,0.363636,12
770.636646,0.818182,0.0,0.0,0.0,1615.027379,0.0,0.0,0.0,0.25,4,0,1500.0,809.365677,0.0,12
300.11949,1.0,2811.86,2006.8,805.06,0.0,1.0,0.916667,0.583333,0.0,0,51,800.0,2501.680369,1.0,12
16.840922,0.272727,30.57,0.0,30.57,0.0,0.083333,0.0,0.083333,0.0,0,1,4000.0,501.663366,0.0,12
43.633541,1.0,385.76,0.0,385.76,0.0,1.0,0.0,1.0,0.0,0,18,5000.0,391.229684,0.833333,12
190.056883,1.0,501.88,25.0,476.88,0.0,1.0,0.083333,1.0,0.0,0,13,2000.0,493.981832,0.0,12
1806.845374,1.0,0.0,0.0,0.0,3525.726761,0.0,0.0,0.0,0.583333,24,0,6000.0,587.553145,0.0,12
1151.703776,1.0,541.75,541.75,0.0,0.0,0.25,0.25,0.0,0.0,0,12,1800.0,2140.934561,0.0,12
251.273637,0.272727,1861.74,1861.74,0.0,0.0,0.25,0.25,0.0,0.0,0,31,3000.0,195.73661,0.0,12
599.116168,1.0,947.07,815.07,132.0,508.477816,0.666667,0.583333,0.416667,0.333333,5,17,3000.0,1654.58686,0.0,12
6342.561972,1.0,0.0,0.0,0.0,3444.929414,0.0,0.0,0.0,0.25,4,0,10500.0,1351.732415,0.0,12
230.337567,0.727273,2219.39,287.0,1932.39,0.0,1.0,0.333333,0.916667,0.0,0,37,2000.0,1044.263246,0.0,12
126.945696,1.0,1086.26,0.0,1086.26,0.0,1.0,0.0,1.0,0.0,0,34,4500.0,981.005079,0.916667,12
1456.530313,0.909091,210.09,128.4,81.69,1785.86516,0.363636,0.363636,0.272727,0.363636,26,9,2000.0,423.100779,0.0,11
553.534453,1.0,1682.36,1440.14,242.22,0.0,0.666667,0.333333,0.416667,0.0,0,19,1900.0,677.969663,0.0,12
128.982891,1.0,237.0,0.0,237.0,0.0,1.0,0.0,0.916667,0.0,0,12,5000.0,192.681715,0.0,12
931.827906,0.545455,0.0,0.0,0.0,2937.591809,0.0,0.0,0.0,0.090909,1,0,3500.0,2995.213811,0.25,11
1091.74471,1.0,729.47,566.52,162.95,0.0,0.75,0.583333,0.166667,0.0,0,22,1500.0,2118.665123,0.083333,12
694.409019,1.0,80.0,0.0,80.0,0.0,0.166667,0.0,0.166667,0.0,0,4,5000.0,767.024618,0.0,12
2007.955223,1.0,2542.75,1187.23,1355.52,0.0,1.0,0.25,1.0,0.0,0,34,7000.0,5044.600878,0.083333,12
34.600595,0.454545,359.5,0.0,359.5,0.0,0.416667,0.0,0.416667,0.0,0,7,5000.0,449.718054,0.454545,12
315.125494,0.9,1890.09,1013.3,876.79,0.0,0.9,0.5,0.8,0.0,0,25,4000.0,1548.950633,0.142857,10
9321.555794,1.0,334.9,0.0,334.9,9463.245088,1.0,0.0,0.916667,0.083333,5,12,10000.0,2029.431421,0.0,12
1458.115876,1.0,1050.6,1050.6,0.0,358.881155,0.583333,0.583333,0.0,0.083333,4,21,1500.0,1232.660721,0.0,12
15.491884,0.272727,84.0,0.0,84.0,0.0,0.166667,0.0,0.166667,0.0,0,4,5000.0,178.18272,0.272727,12
1179.395773,0.875,0.0,0.0,0.0,1393.998578,0.0,0.0,0.0,0.25,3,0,1500.0,128.881941,0.0,8
1593.467543,1.0,0.0,0.0,0.0,1889.339793,0.0,0.0,0.0,0.333333,2,0,2000.0,173.71666,0.0,6
58.557694,0.875,319.34,319.34,0.0,273.998025,0.125,0.125,0.0,0.125,1,1,1200.0,353.924067,0.0,8
1174.657795,0.727273,1158.02,325.52,832.5,1635.172156,0.416667,0.166667,0.333333,0.166667,7,11,2000.0,499.788236,0.0,12
6.96194,0.272727,80.43,0.0,80.43,0.0,0.272727,0.0,0.181818,0.0,0,3,1000.0,140.958283,1.0,11
162.046468,1.0,1768.05,0.0,1768.05,0.0,1.0,0.0,1.0,0.0,0,18,5000.0,1668.054457,0.916667,12
1108.316745,1.0,480.7,0.0,480.7,2856.358168,0.909091,0.0,0.909091,0.272727,11,10,2500.0,2884.208351,0.181818,11
1343.938904,1.0,0.0,0.0,0.0,38.529264,0.0,0.0,0.0,0.083333,1,0,1500.0,284.321607,0.0,12
1098.52228,1.0,285.24,0.0,285.24,0.0,0.5,0.0,0.5,0.0,0,9,1200.0,554.294411,0.0,12
23.436171,1.0,329.86,157.0,172.86,0.0,0.916667,0.083333,0.916667,0.0,0,22,5000.0,187.258841,0.75,12
5899.427294,1.0,0.0,0.0,0.0,2845.745739,0.0,0.0,0.0,0.416667,7,0,9000.0,2760.879055,0.0,12
25.25977,0.181818,366.66,0.0,366.66,0.0,0.166667,0.0,0.083333,0.0,0,2,500.0,1073.058459,1.0,12
10.801231,0.4,70.0,0.0,70.0,0.0,0.4,0.0,0.3,0.0,0,4,1200.0,45.214284,0.0,10
72.575706,0.181818,0.0,0.0,0.0,907.958603,0.0,0.0,0.0,0.083333,2,0,1000.0,2988.425347,0.0,12
1259.179009,1.0,99.77,54.13,45.64,0.0,0.166667,0.166667,0.083333,0.0,0,4,1500.0,643.17199,0.0,12
133.724675,0.818182,1499.94,0.0,1499.94,0.0,0.75,0.0,0.666667,0.0,0,9,5000.0,1353.4934,0.666667,12
592.466798,1.0,5629.41,0.0,6229.41,0.0,0.916667,0.0,1.0,0.0,0,82,6000.0,5723.333315,0.833333,12
4338.877278,0.888889,0.0,0.0,0.0,5705.426498,0.0,0.0,0.0,0.444444,19,0,6000.0,217.059511,0.0,9
1337.107101,1.0,466.67,0.0,466.67,0.0,0.5,0.0,0.416667,0.0,0,15,1500.0,555.683726,0.0,12
32.381593,0.818182,445.7,0.0,445.7,0.0,0.833333,0.0,0.833333,0.0,0,10,2500.0,563.718775,0.875,12
340.014453,1.0,2619.2,2472.56,146.64,0.0,0.75,0.666667,0.25,0.0,0,19,4000.0,2540.900415,0.083333,12
14.04272,0.727273,47.79,47.79,0.0,0.0,0.25,0.083333,0.0,0.0,0,1,1200.0,62.177249,0.0,12
2972.091316,1.0,370.4,235.4,135.0,5078.251311,0.333333,0.25,0.25,0.666667,17,6,8500.0,3078.100417,0.0,12
1607.551793,0.909091,0.0,0.0,0.0,4078.383904,0.0,0.0,0.0,0.583333,17,0,2500.0,3636.677131,0.0,12
988.405365,1.0,637.97,45.65,592.32,38.322217,1.0,0.083333,1.0,0.083333,1,25,1000.0,864.471651,0.0,12
1154.241515,1.0,102.0,102.0,0.0,98.317922,0.166667,0.166667,0.0,0.166667,2,2,1200.0,312.440002,0.0,12
2230.477487,0.857143,0.0,0.0,0.0,2480.833949,0.0,0.0,0.0,0.142857,2,0,2500.0,391.306121,0.0,7
826.688625,1.0,19.88,19.88,0.0,869.246203,0.083333,0.083333,0.0,0.333333,20,2,900.0,1072.638864,0.083333,12
650.667796,1.0,1059.26,924.26,135.0,0.0,0.833333,0.833333,0.25,0.0,0,24,1200.0,184.434921,0.0,12
1.310749,0.090909,29.9,29.9,0.0,0.0,0.083333,0.083333,0.0,0.0,0,1,6000.0,38.718362,0.0,12
56.726412,1.0,268.68,0.0,268.68,0.0,1.0,0.0,1.0,0.0,0,12,3500.0,261.671184,0.083333,12
676.588508,0.909091,0.0,0.0,0.0,1830.79614,0.0,0.0,0.0,0.636364,14,0,2000.0,1858.706202,0.125,11
92.119709,0.857143,499.98,0.0,499.98,0.0,0.857143,0.0,0.714286,0.0,0,6,1500.0,471.641077,1.0,7
368.687038,0.818182,0.0,0.0,0.0,1587.748905,0.0,0.0,0.0,0.083333,1,0,2000.0,2115.925455,0.0,12
1592.221829,1.0,616.95,452.88,164.07,109.299409,0.833333,0.333333,0.666667,0.166667,4,15,2000.0,522.169095,0.0,12
9.153671,0.272727,126.6,0.0,126.6,0.0,0.5,0.0,0.416667,0.0,0,6,2900.0,134.386353,0.0,12
1296.646998,1.0,0.0,0.0,0.0,148.520664,0.0,0.0,0.0,0.083333,1,0,1500.0,424.063067,0.0,12
0.0,0.0,0.0,0.0,0.0,100.51993,0.0,0.0,0.0,0.083333,1,0,2000.0,0.0,0.0,12
1256.460026,1.0,1313.0,1313.0,0.0,0.0,0.583333,0.583333,0.0,0.0,0,29,1200.0,1440.244979,0.0,12
68.448626,0.909091,51.7,0.0,51.7,0.0,0.25,0.0,0.25,0.0,0,3,2500.0,145.632497,0.0,12
82.784219,0.363636,431.28,431.28,0.0,0.0,0.083333,0.083333,0.0,0.0,0,1,3000.0,734.818798,0.0,12
1362.522626,1.0,62.25,0.0,62.25,56.644654,0.083333,0.0,0.083333,0.166667,2,1,1500.0,349.397408,0.0,12
3520.616355,0.9,1675.91,947.7,728.21,10213.65297,0.9,0.2,0.8,0.3,9,26,10000.0,3148.054919,0.125,10
1728.280785,1.0,0.0,0.0,0.0,2552.869584,0.0,0.0,0.0,0.5,20,0,2500.0,1028.314286,0.083333,12
1413.236934,1.0,574.95,121.3,453.65,58.379957,0.666667,0.166667,0.5,0.25,3,10,1500.0,963.80147,0.0,12
4.334047,0.2,73.17,0.0,73.17,0.0,0.3,0.0,0.3,0.0,0,3,2900.0,160.363635,0.0,10
6.955591,0.454545,630.42,342.53,287.89,0.0,1.0,1.0,1.0,0.0,0,31,4000.0,671.281725,0.1,12
93.977513,0.909091,389.44,0.0,389.44,0.0,0.727273,0.0,0.727273,0.0,0,8,2500.0,455.962105,0.2,11
3457.722387,1.0,229.0,229.0,0.0,2102.258461,0.083333,0.083333,0.0,0.25,8,1,8000.0,3679.035805,0.0,12
31.475251,1.0,479.96,0.0,479.96,0.0,1.0,0.0,1.0,0.0,0,35,2500.0,431.591387,1.0,12
1676.457032,1.0,0.0,0.0,0.0,271.277923,0.0,0.0,0.0,0.25,5,0,1800.0,788.245672,0.0,12
8.76802,0.5,0.0,0.0,0.0,78.259015,0.0,0.0,0.0,0.125,1,0,1200.0,152.786639,1.0,8
2135.744209,1.0,1342.31,241.75,1100.56,1993.285912,0.583333,0.166667,0.583333,0.25,8,23,8000.0,5720.735722,0.083333,12
51.46642,0.181818,0.0,0.0,0.0,469.836414,0.0,0.0,0.0,0.083333,1,0,1000.0,2801.977685,1.0,12
1579.871382,1.0,3248.83,1933.93,1314.9,4232.135689,0.833333,0.583333,0.416667,0.166667,5,38,6500.0,3620.440772,0.083333,12
37.022109,1.0,247.92,0.0,247.92,0.0,1.0,0.0,1.0,0.0,0,12,4000.0,227.869425,0.333333,12
344.023581,1.0,1551.27,944.77,606.5,0.0,1.0,0.333333,0.916667,0.0,0,26,6500.0,1779.381962,0.0,12
3029.388362,1.0,71.99,0.0,71.99,4865.41145,0.166667,0.0,0.166667,0.166667,2,2,7500.0,887.3365,0.0,12
212.620261,0.272727,172.61,172.61,0.0,0.0,0.166667,0.166667,0.0,0.0,0,3,7000.0,5359.784024,0.0,12
1460.077343,0.9,79.8,79.8,0.0,3494.069968,0.1,0.1,0.0,0.6,16,1,2500.0,1967.368185,0.0,10
837.631184,1.0,0.0,0.0,0.0,867.928181,0.0,0.0,0.0,0.083333,1,0,1000.0,47.1444,0.0,12
347.251558,1.0,210.8,0.0,210.8,0.0,0.833333,0.0,0.833333,0.0,0,10,2500.0,193.95584,0.0,12
720.995394,0.909091,547.46,457.46,90.0,455.540479,0.909091,0.636364,0.454545,0.363636,13,23,900.0,315.918387,0.0,11
42.852743,1.0,381.2,0.0,381.2,0.0,0.916667,0.0,0.916667,0.0,0,18,2500.0,330.100638,0.8,12
5429.735607,1.0,1000.0,1000.0,0.0,3807.688019,0.333333,0.333333,0.0,0.5,10,4,6000.0,2686.360691,0.0,12
1807.764778,1.0,1666.2,0.0,1666.2,0.0,1.0,0.0,1.0,0.0,0,60,1500.0,1662.438437,0.0,12
776.585568,1.0,773.36,119.8,653.56,0.0,0.333333,0.083333,0.25,0.0,0,7,3000.0,1169.758034,0.0,12
1026.220651,1.0,0.0,0.0,0.0,452.176025,0.0,0.0,0.0,0.083333,1,0,1500.0,263.839295,0.0,12
2702.523396,1.0,229.25,0.0,229.25,4214.846529,0.583333,0.0,0.583333,0.25,8,7,7500.0,1563.077507,0.0,12
2629.276828,1.0,0.0,0.0,0.0,3492.909117,0.0,0.0,0.0,0.333333,7,0,3500.0,1478.753996,0.0,12
311.987575,0.363636,684.24,0.0,684.24,0.0,1.0,0.0,1.0,0.0,0,37,1000.0,2154.534733,0.0,12
3270.441222,1.0,848.0,848.0,0.0,0.0,0.166667,0.166667,0.0,0.0,0,3,4500.0,1143.616386,0.0,12
832.774626,1.0,416.76,0.0,416.76,0.0,0.583333,0.0,0.583333,0.0,0,10,1000.0,169.674083,0.0,12
1157.005745,1.0,0.0,0.0,0.0,476.711979,0.0,0.0,0.0,0.583333,11,0,1200.0,855.075968,0.0,12
350.819852,0.363636,0.0,0.0,0.0,1056.46058,0.0,0.0,0.0,0.083333,3,0,1200.0,119.701887,0.0,12
3558.14254,1.0,4689.03,4071.13,617.9,0.0,0.916667,0.833333,0.75,0.0,0,39,5000.0,1078.201925,0.0,12
942.555708,1.0,150.0,0.0,150.0,1066.604854,0.333333,0.0,0.25,0.083333,4,6,1200.0,1445.633559,0.0,12
51.469651,0.727273,1169.0,0.0,1169.0,0.0,1.0,0.0,1.0,0.0,0,24,1900.0,915.66564,0.5,12
20.42609,0.272727,114.0,114.0,0.0,0.0,0.083333,0.083333,0.0,0.0,0,1,4000.0,520.598144,0.0,12
4.045339,0.363636,35.0,0.0,35.0,0.0,0.166667,0.0,0.166667,0.0,0,2,7500.0,122.129596,0.25,12
114.764518,1.0,1067.5,850.6,216.9,0.0,0.7,0.5,0.2,0.0,0,8,4000.0,577.184902,0.3,10
0.737154,0.181818,427.5,0.0,427.5,0.0,1.0,0.0,1.0,0.0,0,23,1500.0,443.007864,0.111111,12
98.935446,0.363636,1002.0,0.0,1002.0,0.0,0.333333,0.0,0.25,0.0,0,4,1500.0,1863.921412,0.0,12
2292.167319,1.0,468.36,249.0,219.36,472.378556,0.666667,0.083333,0.666667,0.083333,1,9,6000.0,1042.879923,0.0,12
242.450349,0.818182,223.6,55.6,168.0,0.0,0.75,0.75,0.083333,0.0,0,11,4500.0,1358.034176,0.142857,12
1575.327024,1.0,0.0,0.0,0.0,1903.985872,0.0,0.0,0.0,0.75,21,0,3500.0,628.807815,0.0,12
990.45604,1.0,0.0,0.0,0.0,18.724916,0.0,0.0,0.0,0.083333,1,0,1000.0,217.320342,0.0,12
574.416538,0.909091,376.2,0.0,376.2,0.0,1.0,0.0,1.0,0.0,0,24,1500.0,1100.109444,0.0,12
2545.706139,1.0,2443.2,0.0,2443.2,0.0,0.833333,0.0,0.833333,0.0,0,38,6000.0,6540.889639,0.0,12
234.36305,0.727273,668.27,0.0,668.27,0.0,0.583333,0.0,0.5,0.0,0,8,4000.0,143.21216,0.0,12
14.002192,0.363636,76.0,0.0,76.0,0.0,0.166667,0.0,0.166667,0.0,0,4,5000.0,186.022727,0.0,12
1062.485488,1.0,0.0,0.0,0.0,1356.070364,0.0,0.0,0.0,0.166667,2,0,6500.0,3602.698387,0.166667,12
379.74055,1.0,1348.41,546.21,802.2,0.0,0.666667,0.416667,0.5,0.0,0,25,1300.0,430.736402,0.0,12
1060.345397,1.0,0.0,0.0,0.0,119.746155,0.0,0.0,0.0,0.25,5,0,1200.0,263.793622,0.0,12
875.738933,1.0,595.86,284.5,311.36,290.519119,0.583333,0.166667,0.5,0.25,8,21,1000.0,667.966217,0.0,12
37.307085,0.833333,363.38,0.0,363.38,36.363896,0.833333,0.0,0.666667,0.166667,1,6,1200.0,284.093261,0.0,6
750.150798,1.0,1235.39,1235.39,0.0,887.597551,0.916667,0.916667,0.0,0.25,6,41,2000.0,2002.428473,0.083333,12
65.45872,1.0,570.96,0.0,570.96,0.0,1.0,0.0,0.833333,0.0,0,6,1000.0,445.823378,1.0,6
239.946118,1.0,0.0,0.0,0.0,719.007929,0.0,0.0,0.0,0.166667,2,0,6000.0,1015.947851,0.083333,12
100.123394,1.0,320.0,0.0,320.0,0.0,1.0,0.0,0.875,0.0,0,8,1000.0,161.356208,0.0,8
526.858793,0.363636,0.0,0.0,0.0,2359.300912,0.0,0.0,0.0,0.25,14,0,2500.0,118.044156,0.0,12
209.506832,1.0,0.0,0.0,0.0,672.244034,0.0,0.0,0.0,0.25,3,0,700.0,212.752075,0.0,12
3767.229899,1.0,0.0,0.0,0.0,4871.925128,0.0,0.0,0.0,0.25,8,0,5500.0,2574.272358,0.0,12
1682.892726,1.0,2996.92,2282.59,714.33,0.0,1.0,0.916667,0.75,0.0,0,95,5000.0,1222.419114,0.0,12
799.255519,1.0,0.0,0.0,0.0,1494.880019,0.0,0.0,0.0,0.333333,8,0,1400.0,888.735185,0.0,12
673.982097,1.0,110.0,0.0,110.0,0.0,0.166667,0.0,0.166667,0.0,0,2,1000.0,789.587001,0.0,12
22.366132,0.636364,502.54,502.54,0.0,0.0,0.416667,0.416667,0.0,0.0,0,8,450.0,907.540077,0.0,12
27.539766,0.636364,578.0,0.0,578.0,0.0,0.666667,0.0,0.666667,0.0,0,8,5000.0,780.002496,1.0,12
1854.659145,1.0,151.69,151.69,0.0,443.392028,0.083333,0.083333,0.0,0.75,14,2,2000.0,496.543523,0.0,12
803.68596,1.0,1690.93,1690.93,0.0,0.0,0.6,0.6,0.0,0.0,0,25,1200.0,1783.396008,0.0,10
795.497557,0.909091,0.0,0.0,0.0,5676.779668,0.0,0.0,0.0,0.5,6,0,50.0,7570.207782,0.444444,12
89.22671,0.7,930.0,0.0,930.0,0.0,0.6,0.0,0.5,0.0,0,6,1000.0,1205.16186,1.0,10
37.683028,1.0,356.27,1.4,354.87,0.0,0.25,0.166667,0.166667,0.0,0,6,6500.0,96.582811,0.0,12
26.800912,1.0,163.2,0.0,163.2,0.0,0.75,0.0,0.75,0.0,0,9,3000.0,144.275838,0.0,12
561.157673,1.0,0.0,0.0,0.0,244.504364,0.0,0.0,0.0,0.166667,4,0,1500.0,456.999782,0.0,12
670.120718,1.0,0.0,0.0,0.0,12281.83439,0.0,0.0,0.0,0.583333,31,0,1200.0,12485.43289,0.5,12
1032.398861,1.0,924.34,538.06,386.28,1030.464188,0.75,0.25,0.666667,0.416667,5,15,1200.0,2011.28106,0.0,12
488.623392,1.0,0.0,0.0,0.0,328.292364,0.0,0.0,0.0,0.166667,3,0,700.0,175.301978,0.0,12
2073.611538,1.0,0.0,0.0,0.0,108.209814,0.0,0.0,0.0,0.083333,1,0,8500.0,3838.187983,0.0,12
621.901025,1.0,573.36,455.0,118.36,0.0,0.25,0.083333,0.166667,0.0,0,4,1100.0,875.900693,0.0,12
69.920933,0.727273,680.0,0.0,680.0,0.0,0.727273,0.0,0.636364,0.0,0,8,3500.0,668.711777,0.857143,11
293.979281,1.0,45.65,45.65,0.0,0.0,0.083333,0.083333,0.0,0.0,0,1,1800.0,486.063311,0.0,12
1608.490095,1.0,91.0,46.0,45.0,1756.688037,0.5,0.083333,0.416667,0.583333,9,7,3000.0,492.928487,0.0,12
3099.551098,1.0,69.8,69.8,0.0,2317.754635,0.090909,0.090909,0.0,0.181818,2,1,7000.0,4393.869532,0.090909,11
2534.994214,1.0,569.2,315.87,253.33,2056.894621,0.5,0.333333,0.25,0.333333,7,12,5000.0,836.699278,0.0,12
649.566721,1.0,245.77,245.77,0.0,1511.89442,0.083333,0.083333,0.0,0.416667,6,1,3000.0,432.966217,0.0,12
75.9863,1.0,986.0,0.0,986.0,0.0,1.0,0.0,0.8,0.0,0,10,1000.0,807.394469,0.555556,10
452.907592,0.444444,0.0,0.0,0.0,1584.255192,0.0,0.0,0.0,0.444444,6,0,2500.0,230.076354,0.0,9
2616.764771,1.0,72.9,0.0,72.9,4308.339621,0.555556,0.0,0.444444,1.0,46,5,5000.0,332.345466,0.0,9
1618.393031,1.0,833.36,0.0,833.36,0.0,1.0,0.0,1.0,0.0,0,30,1500.0,962.749997,0.0,12
67.593395,0.454545,619.59,619.59,0.0,0.0,0.083333,0.083333,0.0,0.0,0,1,4000.0,997.081601,0.090909,12
0.0,0.0,393.29,45.65,347.64,0.0,1.0,0.083333,1.0,0.0,0,13,1000.0,0.0,0.0,12
1725.664332,1.0,383.45,0.0,383.45,127.673881,0.583333,0.0,0.5,0.333333,4,17,1800.0,956.531234,0.0,12
185.924664,0.5,617.98,617.98,0.0,0.0,0.333333,0.333333,0.0,0.0,0,13,1200.0,58.469887,0.0,6
0.41367,0.181818,1187.42,1187.42,0.0,0.0,0.916667,0.916667,0.0,0.0,0,11,6000.0,1214.034802,0.0,12
187.516986,1.0,0.0,0.0,0.0,823.171535,0.0,0.0,0.0,0.25,5,0,4500.0,899.369544,0.166667,12
47.336863,0.909091,464.95,134.9,330.05,0.0,0.75,0.166667,0.416667,0.0,0,14,1000.0,424.138187,0.454545,12
4481.413948,1.0,1385.56,250.0,1135.56,1308.516411,1.0,0.166667,1.0,0.083333,4,39,4500.0,1517.623087,0.0,12
14.371243,0.363636,294.28,0.0,294.28,0.0,0.333333,0.0,0.25,0.0,0,8,2500.0,506.189083,0.5,12
48.578408,1.0,673.1,646.61,26.49,0.0,1.0,1.0,0.083333,0.0,0,18,6000.0,665.773943,1.0,12
27.533451,0.909091,187.5,0.0,187.5,0.0,0.5,0.0,0.416667,0.0,0,6,2000.0,280.02494,0.333333,12
18.527285,1.0,274.92,0.0,274.92,0.0,1.0,0.0,1.0,0.0,0,12,1000.0,253.155177,0.909091,12
528.023703,1.0,770.05,109.4,660.65,286.123717,0.916667,0.083333,0.833333,0.083333,5,23,1500.0,748.204441,0.0,12
51.65143,0.727273,398.98,0.0,398.98,0.0,0.5,0.0,0.333333,0.0,0,6,2500.0,452.347581,0.571429,12
2.484819,0.363636,41.2,41.2,0.0,0.0,0.083333,0.083333,0.0,0.0,0,1,2000.0,91.092518,0.0,12
4761.19131,0.833333,4085.81,3157.31,928.5,4023.466646,0.833333,0.5,0.5,0.333333,11,31,7500.0,1266.516033,0.0,6
50.848135,0.909091,643.6,0.0,643.6,0.0,0.833333,0.0,0.75,0.0,0,13,1400.0,440.20021,0.333333,12
440.341344,1.0,1019.33,180.0,839.33,0.0,1.0,0.083333,1.0,0.0,0,54,5000.0,1697.366202,0.090909,12
6.104302,0.272727,134.97,0.0,134.97,0.0,0.25,0.0,0.25,0.0,0,6,4000.0,202.780964,0.181818,12
177.602057,1.0,2863.31,2407.53,455.78,832.203874,1.0,0.583333,0.75,0.416667,10,27,1500.0,3344.466066,0.583333,12
10.805893,0.166667,76.51,50.93,25.58,0.0,0.166667,0.166667,0.166667,0.0,0,2,2500.0,0.0,0.0,6
2493.589343,1.0,4655.55,3299.43,1356.12,0.0,0.75,0.5,0.666667,0.0,0,44,6500.0,1231.610235,0.0,12
2620.873322,1.0,450.0,0.0,450.0,1525.378257,0.5,0.0,0.416667,0.166667,7,6,3000.0,981.480493,0.0,12
916.627912,1.0,155.96,0.0,155.96,0.0,0.333333,0.0,0.333333,0.0,0,8,1200.0,717.21209,0.0,12
3300.735817,1.0,0.0,0.0,0.0,2115.782999,0.0,0.0,0.0,0.333333,5,0,4000.0,674.711298,0.0,12
29.60298,0.545455,144.94,0.0,144.94,0.0,0.333333,0.0,0.25,0.0,0,7,5000.0,249.685121,0.181818,12
1088.505102,0.833333,84.99,84.99,0.0,1732.031229,0.166667,0.166667,0.0,0.666667,26,2,2000.0,82.0748,0.0,6
1893.423054,1.0,650.04,0.0,650.04,390.362711,1.0,0.0,1.0,0.083333,1,24,2000.0,775.769041,0.0,12
72.025683,0.545455,891.28,0.0,891.28,0.0,0.5,0.0,0.5,0.0,0,6,10000.0,7220.399443,0.833333,12
2684.333591,1.0,1958.59,1537.82,420.77,0.0,1.0,0.166667,1.0,0.0,0,23,4000.0,1115.39686,0.0,12
46.795701,0.272727,1.4,1.4,0.0,189.110391,0.166667,0.166667,0.0,0.083333,1,2,4500.0,0.0,0.0,12
45.66329,0.454545,77.0,77.0,0.0,0.0,0.083333,0.083333,0.0,0.0,0,1,300.0,569.468306,0.166667,12
766.810346,1.0,0.0,0.0,0.0,1095.216749,0.0,0.0,0.0,0.083333,1,0,4000.0,605.021251,0.0,12
1399.595729,1.0,1004.98,474.58,530.4,216.03202,0.833333,0.25,0.75,0.083333,2,34,1800.0,553.872653,0.0,12
89.567592,0.545455,990.73,990.73,0.0,0.0,0.25,0.25,0.0,0.0,0,9,4000.0,2626.23328,0.5,12
255.4001,0.454545,630.03,630.03,0.0,0.0,0.083333,0.083333,0.0,0.0,0,1,3000.0,294.185139,0.0,12
1004.262002,1.0,150.0,0.0,150.0,0.0,0.333333,0.0,0.333333,0.0,0,6,1000.0,390.113261,0.0,12
912.87668,1.0,4337.19,2910.63,1426.56,898.684405,1.0,0.916667,1.0,0.25,7,80,2500.0,4100.813557,0.083333,12
43.561434,1.0,391.32,0.0,391.32,0.0,1.0,0.0,0.916667,0.0,0,12,1000.0,357.097464,0.9,12
920.095743,1.0,0.0,0.0,0.0,2926.134036,0.0,0.0,0.0,0.166667,4,0,4500.0,989.548331,0.272727,12
4931.589653,1.0,0.0,0.0,0.0,379.770302,0.0,0.0,0.0,0.416667,14,0,5000.0,1026.639661,0.0,12
186.25802,1.0,0.0,0.0,0.0,463.742544,0.0,0.0,0.0,0.333333,5,0,4000.0,763.120271,0.0,12
374.631961,1.0,2961.46,1961.46,1000.0,0.0,0.833333,0.833333,0.333333,0.0,0,23,1600.0,3499.936377,0.166667,12
84.366783,0.909091,776.92,776.92,0.0,0.0,0.833333,0.833333,0.0,0.0,0,10,3000.0,752.509422,1.0,12
1088.056301,1.0,0.0,0.0,0.0,1572.596837,0.0,0.0,0.0,0.5,14,0,1200.0,1865.52686,0.090909,12
82.227363,0.272727,1108.36,869.16,239.2,0.0,0.75,0.416667,0.666667,0.0,0,14,3000.0,791.871856,0.1,12
49.401973,0.727273,373.34,310.0,63.34,0.0,0.333333,0.25,0.083333,0.0,0,4,5000.0,584.836547,0.571429,12
49.269195,1.0,213.75,0.0,213.75,0.0,0.75,0.0,0.666667,0.0,0,9,2500.0,196.765989,0.0,12
1379.68959,1.0,1632.88,1508.9,123.98,0.0,0.75,0.583333,0.166667,0.0,0,30,6500.0,958.185395,0.0,12
2656.634533,1.0,450.45,323.8,126.65,886.135972,0.583333,0.166667,0.333333,0.25,7,9,3000.0,929.632134,0.0,12
222.957451,1.0,0.0,0.0,0.0,1512.015822,0.0,0.0,0.0,0.583333,14,0,1500.0,1856.738688,0.166667,12
74.195316,1.0,796.56,0.0,796.56,0.0,1.0,0.0,1.0,0.0,0,12,2500.0,772.022619,0.5,12
314.495423,0.727273,1503.26,1192.26,311.0,0.0,0.583333,0.166667,0.416667,0.0,0,8,4000.0,1230.180271,0.0,12
1274.544399,1.0,0.0,0.0,0.0,1269.320949,0.0,0.0,0.0,0.333333,5,0,2500.0,467.950231,0.0,12
63.738066,1.0,961.86,0.0,961.86,0.0,1.0,0.0,1.0,0.0,0,34,5000.0,905.343134,0.75,12
1779.796624,1.0,50.37,0.0,50.37,0.0,0.25,0.0,0.25,0.0,0,3,2000.0,578.775786,0.0,12
2705.026656,1.0,0.0,0.0,0.0,5760.383488,0.0,0.0,0.0,0.416667,9,0,6500.0,1266.3564,0.0,12
119.237712,1.0,342.74,0.0,342.74,0.0,1.0,0.0,1.0,0.0,0,20,2000.0,327.166041,0.0,12
73.635031,0.909091,1063.65,420.24,643.41,0.0,1.0,0.25,1.0,0.0,0,29,7000.0,1051.282851,0.625,12
1281.911087,1.0,3173.5,0.0,3173.5,651.192848,1.0,0.0,0.909091,0.090909,4,11,1000.0,2757.343301,0.0,11
275.8837,1.0,424.44,0.0,424.44,0.0,1.0,0.0,1.0,0.0,0,12,2500.0,159.715319,0.0,12
1458.219714,1.0,701.52,0.0,701.52,0.0,0.583333,0.0,0.5,0.0,0,13,1500.0,612.91894,0.0,12
1522.680962,1.0,0.0,0.0,0.0,272.151183,0.0,0.0,0.0,0.083333,3,0,6500.0,592.120457,0.0,12
1118.057185,1.0,0.0,0.0,0.0,73.140635,0.0,0.0,0.0,0.083333,1,0,1200.0,335.79384,0.0,12
1369.512062,1.0,589.94,0.0,589.94,0.0,1.0,0.0,1.0,0.0,0,23,5000.0,482.481306,0.0,12
28.320092,0.363636,332.5,0.0,332.5,0.0,0.25,0.0,0.166667,0.0,0,6,3000.0,812.371249,0.333333,12
16.11487,0.545455,313.25,0.0,313.25,0.0,0.583333,0.0,0.583333,0.0,0,7,3000.0,456.429011,0.857143,12
91.029575,1.0,1055.7,0.0,1055.7,0.0,1.0,0.0,1.0,0.0,0,14,5000.0,1083.300243,1.0,12
2.299436,0.181818,1337.18,86.6,1250.58,181.491612,1.0,0.166667,0.916667,0.083333,1,23,4500.0,1686.830156,0.0,12
3120.738718,1.0,0.0,0.0,0.0,6125.592369,0.0,0.0,0.0,0.416667,12,0,4800.0,3040.97074,0.2,12
1806.731926,1.0,229.0,229.0,0.0,3766.751558,0.083333,0.083333,0.0,0.25,7,1,5000.0,4637.083029,0.083333,12
1004.526608,0.857143,0.0,0.0,0.0,1090.788584,0.0,0.0,0.0,0.142857,5,0,1200.0,65.437308,0.0,7
45.746204,0.833333,170.0,170.0,0.0,1042.121023,0.166667,0.166667,0.0,0.5,3,1,1200.0,1327.700776,0.5,6
99.700878,0.555556,912.98,912.98,0.0,284.659738,0.333333,0.333333,0.0,0.111111,1,3,1200.0,1652.011127,0.5,9
1378.988523,1.0,45.0,45.0,0.0,0.0,0.5,0.5,0.0,0.0,0,9,1500.0,326.716166,0.0,12
2980.054695,0.818182,26784.62,26514.32,270.3,0.0,0.583333,0.5,0.083333,0.0,0,33,30000.0,30029.01496,0.75,12
0.064811,0.272727,111.84,0.0,111.84,0.0,0.916667,0.0,0.916667,0.0,0,11,1500.0,115.525496,0.0,12
341.58222,1.0,1691.22,0.0,1691.22,0.0,0.833333,0.0,0.75,0.0,0,24,3000.0,1378.090415,0.166667,12
1300.20423,1.0,96.69,96.69,0.0,0.0,1.0,1.0,0.0,0.0,0,14,1500.0,297.195559,0.0,12
5890.807655,1.0,901.6,901.6,0.0,4589.501068,0.75,0.75,0.0,0.5,17,24,10750.0,1366.889828,0.0,12
55.28905,0.909091,610.47,0.0,610.47,0.0,0.818182,0.0,0.727273,0.0,0,9,2000.0,616.052713,0.444444,11
0.0,0.0,278.0,0.0,278.0,0.0,0.666667,0.0,0.666667,0.0,0,8,1000.0,429.55698,0.142857,12
2508.071641,1.0,217.5,217.5,0.0,2468.218219,0.083333,0.083333,0.0,0.166667,5,2,3000.0,536.833697,0.0,12
189.463475,1.0,0.0,0.0,0.0,662.790719,0.0,0.0,0.0,0.166667,3,0,500.0,1082.344709,0.166667,12
166.514439,0.777778,503.92,370.3,133.62,0.0,0.777778,0.444444,0.666667,0.0,0,14,2500.0,142.308045,0.0,9
1752.637427,1.0,0.0,0.0,0.0,1770.461427,0.0,0.0,0.0,0.083333,1,0,3000.0,859.631936,0.0,12
1978.729646,1.0,0.0,0.0,0.0,111.235788,0.0,0.0,0.0,0.166667,2,0,6500.0,407.327265,0.0,12
120.94715,0.636364,1242.55,0.0,1242.55,0.0,0.583333,0.0,0.583333,0.0,0,14,2000.0,2202.224677,0.428571,12
191.314058,1.0,860.95,860.95,0.0,0.0,0.583333,0.583333,0.0,0.0,0,10,800.0,1001.313048,0.083333,12
1512.574159,1.0,622.03,0.0,622.03,1344.577203,1.0,0.0,1.0,0.416667,6,17,1800.0,1064.435406,0.0,12
71.837385,0.454545,0.0,0.0,0.0,189.391686,0.0,0.0,0.0,0.083333,1,0,1500.0,57.999563,0.0,12
1212.237847,1.0,400.0,0.0,400.0,1141.617933,1.0,0.0,0.9,0.2,3,10,1200.0,424.376685,0.0,10
2099.38356,1.0,556.52,537.0,19.52,1008.781338,0.166667,0.083333,0.083333,0.166667,4,2,3000.0,1100.700834,0.0,12
3105.528894,1.0,0.0,0.0,0.0,3752.986964,0.0,0.0,0.0,0.428571,8,0,4500.0,445.629714,0.0,7
780.382656,0.636364,0.0,0.0,0.0,1372.812459,0.0,0.0,0.0,0.083333,3,0,1500.0,201.628458,0.0,12
7.297351,0.3,0.0,0.0,0.0,275.471932,0.0,0.0,0.0,0.1,5,0,2500.0,1022.595043,1.0,10
46.89543,0.727273,682.64,0.0,682.64,0.0,0.666667,0.0,0.583333,0.0,0,16,2000.0,864.625632,1.0,12
1717.662673,1.0,209.62,0.0,209.62,1425.661833,0.666667,0.0,0.583333,0.166667,6,8,3000.0,559.604995,0.0,12
274.604824,1.0,341.37,0.0,341.37,0.0,0.583333,0.0,0.5,0.0,0,7,2500.0,101.053841,0.0,12
332.678531,0.363636,0.0,0.0,0.0,2463.531694,0.0,0.0,0.0,0.25,5,0,2500.0,7547.470632,0.5,12
276.213858,0.727273,449.86,0.0,449.86,0.0,1.0,0.0,1.0,0.0,0,19,1000.0,1605.512753,0.181818,12
125.039376,0.909091,1118.91,1118.91,0.0,19.094068,0.583333,0.583333,0.0,0.083333,1,15,1800.0,1376.390319,1.0,12
4204.42117,1.0,74.99,0.0,74.99,2826.208633,0.25,0.0,0.166667,0.25,6,4,4500.0,872.642121,0.0,12
900.229315,1.0,250.72,250.72,0.0,0.0,0.5,0.5,0.0,0.0,0,6,6500.0,2362.786253,0.083333,12
0.0,0.0,0.0,0.0,0.0,147.241855,0.0,0.0,0.0,0.090909,1,0,500.0,667.921811,0.0,11
1106.815562,1.0,0.0,0.0,0.0,176.181983,0.0,0.0,0.0,0.166667,3,0,1200.0,310.991074,0.0,12
2793.274214,1.0,46.65,46.65,0.0,1423.863661,0.083333,0.083333,0.0,0.333333,5,1,3000.0,1424.667783,0.0,12
366.111566,1.0,3482.9,1350.8,2132.1,348.857163,0.916667,0.666667,1.0,0.166667,2,39,7500.0,3044.978061,0.333333,12
91.597667,1.0,947.97,0.0,947.97,0.0,1.0,0.0,1.0,0.0,0,28,5000.0,876.723841,0.833333,12
1085.316705,0.9,0.0,0.0,0.0,2339.490308,0.0,0.0,0.0,0.6,18,0,2500.0,166.510521,0.0,10
870.882167,1.0,1976.5,1276.5,700.0,146.371963,1.0,0.545455,0.727273,0.090909,1,18,1500.0,467.583907,0.0,11
0.0,0.0,207.0,0.0,207.0,0.0,1.0,0.0,1.0,0.0,0,12,2500.0,0.0,0.0,12
11.441738,0.363636,93.6,0.0,93.6,0.0,0.25,0.0,0.25,0.0,0,3,1900.0,603.723258,0.25,12
23.583209,1.0,199.32,0.0,199.32,0.0,1.0,0.0,1.0,0.0,0,12,1500.0,160.013341,0.416667,12
969.139152,1.0,269.34,78.0,191.34,78.31266,0.666667,0.083333,0.583333,0.083333,1,11,2000.0,641.186755,0.0,12
1714.895872,1.0,1259.93,1134.96,124.97,1113.090333,0.416667,0.333333,0.25,0.5,13,11,2500.0,1609.219696,0.0,12
16.629043,0.272727,286.56,0.0,286.56,0.0,0.25,0.0,0.25,0.0,0,3,1500.0,1080.55703,1.0,12
126.467835,0.909091,319.34,0.0,319.34,0.0,0.333333,0.0,0.333333,0.0,0,6,2700.0,512.790367,0.0,12
23.111629,0.363636,237.66,0.0,237.66,0.0,0.25,0.0,0.166667,0.0,0,3,3000.0,538.820587,1.0,12
1155.787246,1.0,142.0,12.0,130.0,178.259834,0.416667,0.083333,0.333333,0.083333,1,5,1200.0,429.827489,0.0,12
679.508597,1.0,380.1,0.0,380.1,0.0,0.416667,0.0,0.416667,0.0,0,5,2500.0,443.106331,0.0,12
2583.654027,0.909091,667.39,214.53,452.86,389.261392,0.636364,0.181818,0.545455,0.181818,6,12,6000.0,572.759229,0.0,11
1.59198,1.0,166.63,0.0,166.63,0.0,0.083333,0.0,0.083333,0.0,0,1,6000.0,331.28441,0.083333,12
208.127012,1.0,1659.13,1341.29,317.84,0.0,0.75,0.333333,0.5,0.0,0,36,5000.0,1296.563214,0.166667,12
164.51282,0.333333,0.0,0.0,0.0,145.563558,0.0,0.0,0.0,0.166667,1,0,1200.0,1055.203377,0.0,6
38.251194,1.0,368.84,0.0,368.84,0.0,0.5,0.0,0.416667,0.0,0,6,3000.0,417.861072,0.333333,12
5.310611,0.25,234.0,0.0,234.0,0.0,0.625,0.0,0.625,0.0,0,6,1500.0,303.704799,0.0,8
265.920698,1.0,3148.36,2415.75,732.61,0.0,1.0,1.0,0.833333,0.0,0,63,4000.0,3140.255647,1.0,12
904.395249,1.0,158.0,90.0,68.0,0.0,0.333333,0.083333,0.333333,0.0,0,5,900.0,358.518609,0.0,12
2.508768,0.818182,302.91,302.91,0.0,0.0,1.0,1.0,0.0,0.0,0,12,3000.0,287.749893,0.0,12
15.797437,0.636364,195.0,0.0,195.0,0.0,0.416667,0.0,0.416667,0.0,0,9,2000.0,283.424488,0.6,12
831.835714,0.875,750.02,588.02,162.0,477.128277,0.75,0.375,0.625,0.25,7,13,1200.0,215.867749,0.0,8
263.581756,0.727273,1944.26,700.0,1244.26,819.47409,0.5,0.083333,0.416667,0.083333,2,10,2700.0,2628.464774,0.0,12
2.053676,0.181818,74.0,0.0,74.0,0.0,0.166667,0.0,0.083333,0.0,0,2,6000.0,68.147484,0.090909,12
2666.147576,1.0,0.0,0.0,0.0,2704.302935,0.0,0.0,0.0,0.166667,2,0,3000.0,592.958317,0.0,12
974.52764,1.0,952.02,445.08,506.94,0.0,0.583333,0.25,0.583333,0.0,0,26,4000.0,1452.017727,0.0,12
7.388588,0.545455,84.05,0.0,84.05,0.0,0.416667,0.0,0.416667,0.0,0,5,4000.0,171.883336,0.2,12
54.567517,1.0,0.0,0.0,0.0,207.390596,0.0,0.0,0.0,0.166667,4,0,3000.0,276.975673,0.25,12
1186.616403,1.0,0.0,0.0,0.0,1496.629534,0.0,0.0,0.0,0.25,4,0,1500.0,1779.274853,0.090909,12
990.780585,1.0,844.45,844.45,0.0,0.0,0.416667,0.416667,0.0,0.0,0,6,3000.0,530.463101,0.0,12
1486.652099,1.0,3670.46,2603.58,1066.88,371.312458,1.0,0.75,1.0,0.25,4,82,4000.0,1098.980289,0.0,12
918.22723,1.0,0.0,0.0,0.0,869.988157,0.0,0.0,0.0,0.083333,6,0,1200.0,881.16504,0.0,12
1380.30715,1.0,664.83,0.0,664.83,1106.333559,0.666667,0.0,0.583333,0.166667,4,11,2500.0,401.138062,0.0,12
44.63179,0.909091,582.6,0.0,582.6,0.0,1.0,0.0,1.0,0.0,0,12,3000.0,854.15178,0.545455,12
825.952638,1.0,1024.75,0.0,1024.75,0.0,1.0,0.0,1.0,0.0,0,39,1200.0,746.172552,0.0,12
1664.334555,1.0,862.95,862.95,0.0,0.0,0.333333,0.333333,0.0,0.0,0,5,1900.0,987.668179,0.0,12
1470.825974,1.0,220.7,0.0,220.7,400.571728,0.833333,0.0,0.75,0.25,7,12,3000.0,782.80657,0.0,12
887.090835,1.0,4349.38,4026.08,323.3,0.0,0.833333,0.666667,0.583333,0.0,0,31,3000.0,4388.029841,0.083333,12
581.583282,1.0,124.65,124.65,0.0,0.0,0.166667,0.166667,0.0,0.0,0,2,600.0,312.63967,0.0,12
23.261586,0.636364,252.0,0.0,252.0,0.0,0.583333,0.0,0.583333,0.0,0,7,2500.0,430.487291,1.0,12
12.333825,0.727273,182.16,0.0,182.16,0.0,0.666667,0.0,0.583333,0.0,0,8,5000.0,150.287189,0.583333,12
5577.636715,1.0,5244.8,2089.74,3155.06,0.0,1.0,0.75,1.0,0.0,0,70,12500.0,2823.945882,0.0,12
241.384531,0.909091,335.0,99.0,236.0,0.0,0.416667,0.166667,0.333333,0.0,0,10,1000.0,661.587172,0.0,12
311.54,0.777778,2783.03,2007.26,775.77,0.0,0.777778,0.777778,0.666667,0.0,0,32,2000.0,2924.377302,1.0,9
55.176498,1.0,283.02,0.0,283.02,0.0,1.0,0.0,0.833333,0.0,0,6,1000.0,213.493415,1.0,6
33.146065,1.0,218.76,0.0,218.76,0.0,1.0,0.0,1.0,0.0,0,12,5000.0,199.280071,0.25,12
1536.477562,1.0,4258.57,3121.93,1136.64,0.0,0.916667,0.416667,0.75,0.0,0,30,5000.0,2660.323704,0.0,12
15.232505,0.272727,384.0,0.0,384.0,0.0,1.0,0.0,1.0,0.0,0,12,1500.0,568.982664,0.272727,12
315.588502,0.272727,0.0,0.0,0.0,2966.464163,0.0,0.0,0.0,0.25,5,0,3000.0,7842.362894,0.5,12
28.939455,1.0,88.89,88.89,0.0,0.0,0.166667,0.166667,0.0,0.0,0,2,1500.0,167.408848,0.0,12
613.259699,1.0,0.0,0.0,0.0,57.112427,0.0,0.0,0.0,0.083333,2,0,700.0,241.173093,0.0,12
9024.812044,1.0,0.0,0.0,0.0,2750.442399,0.0,0.0,0.0,0.083333,2,0,9000.0,302.484224,0.0,12
3740.785208,1.0,0.0,0.0,0.0,3010.940233,0.0,0.0,0.0,0.333333,5,0,10000.0,6038.594309,0.083333,12
152.557222,1.0,1410.35,695.45,714.9,0.0,1.0,0.333333,1.0,0.0,0,29,2500.0,1202.218177,0.333333,12
5.993508,0.545455,0.0,0.0,0.0,18.751913,0.0,0.0,0.0,0.083333,1,0,500.0,46.268562,0.25,12
93.427011,0.8,772.8,772.8,0.0,0.0,0.6,0.6,0.0,0.0,0,9,1200.0,850.9555,1.0,10
69.79641,0.818182,1175.88,0.0,1175.88,0.0,0.75,0.0,0.75,0.0,0,10,2000.0,1410.334754,0.777778,12
1432.654644,1.0,604.52,178.16,426.36,0.0,1.0,0.25,1.0,0.0,0,17,1400.0,611.086937,0.0,12
22.56964,0.545455,248.1,110.8,137.3,0.0,0.25,0.166667,0.083333,0.0,0,7,1200.0,111.212325,0.0,12
172.70596,1.0,55.0,0.0,55.0,0.0,0.333333,0.0,0.333333,0.0,0,4,1500.0,190.74504,0.0,12
21.966399,0.818182,109.16,35.0,74.16,0.0,0.666667,0.083333,0.666667,0.0,0,9,4000.0,125.832337,0.181818,12
11.250371,0.636364,141.12,0.0,141.12,0.0,0.583333,0.0,0.5,0.0,0,7,5000.0,94.386204,0.166667,12
1277.423486,1.0,533.73,213.98,319.75,606.668879,0.666667,0.416667,0.333333,0.333333,5,21,1500.0,1403.721157,0.0,12
1232.345324,1.0,0.0,0.0,0.0,369.262743,0.0,0.0,0.0,0.083333,2,0,1700.0,299.568227,0.0,12
78.379827,1.0,865.07,0.0,865.07,0.0,0.5,0.0,0.5,0.0,0,46,5000.0,1255.249234,0.2,12
37.021347,0.272727,133.35,0.0,133.35,0.0,0.083333,0.0,0.083333,0.0,0,1,2500.0,936.840542,0.5,12
7.099375,0.363636,81.12,0.0,81.12,0.0,0.25,0.0,0.166667,0.0,0,3,4000.0,157.006258,0.5,12
27.625906,0.818182,234.48,0.0,234.48,0.0,1.0,0.0,1.0,0.0,0,12,2500.0,109.281131,0.0,12
214.436679,1.0,1986.7,0.0,1986.7,0.0,0.5,0.0,0.5,0.0,0,6,700.0,2186.981284,0.1,12
228.025747,1.0,2159.68,598.02,1561.66,0.0,1.0,0.333333,1.0,0.0,0,46,3000.0,2161.393568,0.5,12
21.844186,1.0,169.56,0.0,169.56,0.0,0.75,0.0,0.666667,0.0,0,9,2500.0,181.438267,0.125,12
416.601199,1.0,4266.25,2214.05,2052.2,0.0,1.0,1.0,1.0,0.0,0,67,4000.0,3822.475208,0.0,12
9.522029,0.272727,458.0,458.0,0.0,0.0,0.166667,0.166667,0.0,0.0,0,2,3000.0,641.866089,0.0,12
815.229732,1.0,2371.92,0.0,2371.92,0.0,1.0,0.0,1.0,0.0,0,12,2000.0,1741.315136,0.0,12
337.616152,1.0,64.12,0.0,64.12,0.0,0.583333,0.0,0.5,0.0,0,7,2000.0,422.115624,0.0,12
2388.410501,1.0,0.0,0.0,0.0,7529.012056,0.0,0.0,0.0,0.416667,15,0,7000.0,1593.23412,0.0,12
2224.891476,1.0,211.05,211.05,0.0,4014.66362,0.333333,0.333333,0.0,0.833333,19,4,3000.0,3615.055541,0.0,12
1162.054399,0.909091,265.18,154.9,110.28,1216.25491,0.454545,0.090909,0.272727,0.272727,7,7,1500.0,292.523356,0.0,11
42.170547,1.0,588.0,0.0,588.0,0.0,1.0,0.0,1.0,0.0,0,12,2500.0,611.475897,0.636364,12
211.1622,0.454545,0.0,0.0,0.0,892.182389,0.0,0.0,0.0,0.166667,5,0,1000.0,546.738575,0.0,12
1653.400854,1.0,100.0,100.0,0.0,2031.677435,0.090909,0.090909,0.0,0.363636,13,1,2000.0,575.557594,0.0,11
4408.966613,1.0,505.79,112.49,393.3,1601.520906,0.916667,0.166667,0.75,0.416667,5,12,5000.0,1210.835102,0.0,12
158.641614,0.7,779.35,779.35,0.0,0.0,0.4,0.4,0.0,0.0,0,7,1200.0,812.070417,0.0,10
50.078433,0.272727,339.69,0.0,339.69,0.0,0.25,0.0,0.166667,0.0,0,6,1200.0,76.455028,0.0,12
621.553537,0.727273,0.0,0.0,0.0,5018.474514,0.0,0.0,0.0,0.333333,6,0,2000.0,3406.081412,0.1,12
7.605458,0.636364,89.75,0.0,89.75,0.0,0.416667,0.0,0.416667,0.0,0,5,4000.0,132.580643,0.454545,12
231.859622,0.888889,190.0,190.0,0.0,108.768879,0.111111,0.111111,0.0,0.111111,2,1,1200.0,119.940752,0.0,9
518.923941,1.0,264.0,264.0,0.0,0.0,0.166667,0.166667,0.0,0.0,0,3,5000.0,235.996925,0.0,12
1098.392083,1.0,0.0,0.0,0.0,1297.518366,0.0,0.0,0.0,0.25,4,0,1200.0,1490.988443,0.090909,12
804.006538,1.0,0.0,0.0,0.0,266.561781,0.0,0.0,0.0,0.083333,1,0,2500.0,226.212069,0.0,12
142.290756,1.0,540.0,520.0,20.0,0.0,0.166667,0.083333,0.083333,0.0,0,2,4000.0,245.492892,0.0,12
162.068326,0.545455,1290.24,1201.37,88.87,0.0,0.333333,0.25,0.166667,0.0,0,12,6000.0,963.846752,0.25,12
1443.146299,1.0,235.4,0.0,235.4,615.789083,0.5,0.0,0.5,0.25,4,6,1800.0,831.048408,0.0,12
366.084233,0.909091,1167.39,1167.39,0.0,200.106907,0.5,0.5,0.0,0.083333,3,16,2500.0,470.516409,0.0,12
910.821412,1.0,3726.65,2536.89,1189.76,0.0,1.0,0.916667,1.0,0.0,0,74,3000.0,5125.340024,0.0,12
2.930211,0.4,285.39,0.0,285.39,0.0,0.9,0.0,0.8,0.0,0,9,1500.0,305.985621,0.0,10
88.577811,1.0,356.15,356.15,0.0,0.0,0.75,0.75,0.0,0.0,0,27,1600.0,349.838628,0.0,12
3805.493532,1.0,465.6,232.0,233.6,2406.661489,0.583333,0.166667,0.5,0.25,13,9,4500.0,949.278907,0.0,12
1466.99222,1.0,230.1,30.0,200.1,0.0,0.5,0.083333,0.5,0.0,0,7,1500.0,415.795291,0.0,12
676.221211,1.0,125.0,0.0,125.0,0.0,0.454545,0.0,0.454545,0.0,0,5,1000.0,340.888872,0.0,11
1623.895229,1.0,0.0,0.0,0.0,352.784134,0.0,0.0,0.0,0.583333,11,0,1700.0,729.695998,0.0,12
269.075434,1.0,4572.32,2727.37,1844.95,2935.973895,0.916667,0.583333,0.75,0.75,40,38,4000.0,6555.062784,0.6,12
34.40685,1.0,133.0,0.0,133.0,0.0,0.5,0.0,0.333333,0.0,0,6,1500.0,153.124928,0.0,12
225.662097,1.0,2566.91,0.0,2566.91,0.0,1.0,0.0,1.0,0.0,0,41,5000.0,2649.088349,1.0,12
402.512336,0.909091,150.0,0.0,150.0,0.0,0.272727,0.0,0.181818,0.0,0,3,450.0,228.715923,0.0,11
0.0,0.0,269.28,0.0,269.28,0.0,0.75,0.0,0.75,0.0,0,9,1500.0,208.949793,0.0,12
1520.501423,1.0,1405.22,828.4,576.82,0.0,0.833333,0.416667,0.583333,0.0,0,26,10500.0,470.831678,0.0,12
3015.597547,1.0,586.77,101.4,485.37,1726.922555,1.0,0.083333,1.0,0.25,7,31,3400.0,1472.730273,0.0,12
2530.378121,1.0,55.5,0.0,55.5,0.0,0.25,0.0,0.25,0.0,0,3,3500.0,1041.914403,0.0,12
395.93884,1.0,991.48,707.02,284.46,208.802882,1.0,1.0,0.666667,0.25,5,24,1400.0,959.26132,0.0,12
7.097146,0.636364,78.19,0.0,78.19,0.0,0.583333,0.0,0.5,0.0,0,7,5000.0,63.770059,0.5,12
1640.837102,1.0,0.0,0.0,0.0,708.972588,0.0,0.0,0.0,0.5,12,0,1900.0,493.854051,0.0,12
2613.063331,1.0,0.0,0.0,0.0,1695.629234,0.0,0.0,0.0,0.75,18,0,3000.0,710.063755,0.0,12
950.716155,1.0,335.62,0.0,335.62,0.0,0.5,0.0,0.5,0.0,0,6,1000.0,762.737851,0.0,12
2283.366217,1.0,2734.77,1645.87,1088.9,4303.863961,0.833333,0.583333,0.5,0.75,23,24,9500.0,8122.574527,0.083333,12
509.685823,1.0,457.68,0.0,457.68,0.0,1.0,0.0,1.0,0.0,0,24,4000.0,157.893758,0.0,12
147.571435,0.5,0.0,0.0,0.0,2200.173071,0.0,0.0,0.0,0.2,2,0,1200.0,2763.958077,1.0,10
2847.472954,1.0,0.0,0.0,0.0,3800.293424,0.0,0.0,0.0,0.583333,16,0,4000.0,4869.842863,0.083333,12
1094.632736,1.0,503.41,0.0,503.41,445.031842,1.0,0.0,1.0,0.833333,21,21,1000.0,1108.862245,0.0,12
1258.725885,1.0,0.0,0.0,0.0,4353.620039,0.0,0.0,0.0,0.583333,21,0,3000.0,4229.128226,0.166667,12
88.173076,0.636364,659.72,85.86,573.86,0.0,0.583333,0.083333,0.583333,0.0,0,29,4000.0,1070.775031,0.375,12
3211.389574,1.0,0.0,0.0,0.0,4464.940638,0.0,0.0,0.0,0.583333,45,0,6500.0,6925.733929,0.083333,12
303.740542,0.545455,0.0,0.0,0.0,869.489056,0.0,0.0,0.0,0.083333,2,0,1000.0,359.36061,0.0,12
2981.811529,1.0,120.0,120.0,0.0,1085.441874,0.083333,0.083333,0.0,0.416667,12,1,6500.0,870.661235,0.0,12
493.243274,1.0,1180.68,1180.68,0.0,0.0,0.333333,0.333333,0.0,0.0,0,4,1500.0,948.216919,0.0,12
41.414562,1.0,440.0,0.0,440.0,0.0,0.916667,0.0,0.833333,0.0,0,11,1000.0,445.575139,0.777778,12
39.105741,0.545455,220.0,220.0,0.0,0.0,0.083333,0.083333,0.0,0.0,0,1,3000.0,427.409497,0.0,12
1937.273513,1.0,658.87,79.67,579.2,0.0,0.916667,0.166667,0.833333,0.0,0,17,2000.0,758.215724,0.0,12
781.279607,1.0,1370.19,1370.19,0.0,0.0,0.75,0.75,0.0,0.0,0,21,2500.0,1391.682252,0.0,12
1322.818587,1.0,0.0,0.0,0.0,762.301096,0.0,0.0,0.0,0.545455,11,0,1500.0,1035.62732,0.0,11
1841.468929,1.0,0.0,0.0,0.0,513.751922,0.0,0.0,0.0,0.5,10,0,2000.0,573.083099,0.0,12
2371.89209,1.0,447.81,289.43,158.38,5515.157108,0.818182,0.181818,0.636364,0.454545,16,17,8500.0,458.534768,0.0,11
470.353862,1.0,105.0,105.0,0.0,391.351946,0.166667,0.166667,0.0,0.166667,3,2,700.0,239.928287,0.0,12
308.542887,1.0,680.0,680.0,0.0,0.0,0.166667,0.166667,0.0,0.0,0,2,2500.0,1261.970352,0.083333,12
1175.895992,1.0,154.38,154.38,0.0,37.197366,0.083333,0.083333,0.0,0.083333,1,2,4000.0,1909.161919,0.083333,12
1854.03323,1.0,1013.5,576.0,437.5,1243.093189,0.5,0.083333,0.333333,0.083333,5,15,2000.0,654.473825,0.0,12
1256.612223,1.0,498.99,498.99,0.0,1353.14431,0.25,0.25,0.0,0.5,10,8,3000.0,685.344851,0.0,12
1767.719314,1.0,0.0,0.0,0.0,272.520678,0.0,0.0,0.0,0.25,3,0,2000.0,514.651337,0.0,12
4995.526188,1.0,0.0,0.0,0.0,5807.528817,0.0,0.0,0.0,0.416667,13,0,6000.0,1083.891126,0.0,12
81.088359,0.909091,554.7,316.0,238.7,0.0,0.916667,0.166667,0.916667,0.0,0,13,1000.0,579.784969,0.4,12
1153.961386,1.0,295.0,295.0,0.0,0.0,0.333333,0.333333,0.0,0.0,0,4,1200.0,428.640942,0.0,12
6262.211034,1.0,1456.07,76.07,1380.0,5425.912807,0.333333,0.083333,0.25,0.416667,16,8,10500.0,6933.817424,0.0,12
167.044456,1.0,1477.42,0.0,1477.42,1434.563127,1.0,0.0,1.0,0.083333,1,49,2500.0,2860.74586,0.5,12
916.487817,1.0,633.71,316.82,316.89,0.0,1.0,0.416667,0.75,0.0,0,20,4000.0,255.469805,0.0,12
5269.761999,1.0,0.0,0.0,0.0,663.355012,0.0,0.0,0.0,0.083333,2,0,6500.0,1305.706821,0.0,12
189.434859,1.0,500.09,0.0,500.09,0.0,0.916667,0.0,0.916667,0.0,0,24,3000.0,521.673011,0.0,12
1457.381936,1.0,0.0,0.0,0.0,236.725014,0.0,0.0,0.0,0.416667,7,0,1500.0,536.361045,0.0,12
1139.894588,1.0,0.0,0.0,0.0,1030.19301,0.0,0.0,0.0,0.083333,1,0,1200.0,300.826793,0.0,12
231.593057,1.0,2123.43,0.0,2123.43,424.95317,0.583333,0.0,0.583333,0.083333,1,7,7500.0,2812.54066,0.166667,12
1625.249578,1.0,1814.65,854.65,960.0,1825.212313,1.0,0.083333,1.0,0.416667,6,24,3000.0,1281.171589,0.083333,12
3840.50578,1.0,0.0,0.0,0.0,5558.961557,0.0,0.0,0.0,0.5,20,0,5500.0,4608.621771,0.0,12
279.501554,1.0,1365.5,336.0,1029.5,0.0,1.0,0.083333,1.0,0.0,0,37,5000.0,1340.02971,0.0,12
674.838072,1.0,56.42,56.42,0.0,419.348768,0.166667,0.166667,0.0,0.583333,13,3,800.0,429.961027,0.0,12
3215.344017,1.0,1149.92,729.86,420.06,5157.157638,1.0,0.416667,0.916667,0.75,42,20,6500.0,2171.419976,0.090909,12
162.267397,1.0,907.99,907.99,0.0,339.493008,1.0,1.0,0.0,0.166667,2,8,1120.0,1223.617997,1.0,6
2323.083307,0.888889,0.0,0.0,0.0,4750.570325,0.0,0.0,0.0,0.222222,2,0,6000.0,3537.546355,0.142857,9
10.536718,0.636364,385.4,0.0,385.4,0.0,0.416667,0.0,0.333333,0.0,0,5,2500.0,416.407817,0.2,12
443.339878,1.0,0.0,0.0,0.0,857.622301,0.0,0.0,0.0,0.555556,5,0,1200.0,274.760566,0.0,9
2511.847024,1.0,109.0,109.0,0.0,317.452807,0.2,0.2,0.0,0.8,13,2,8000.0,456.810152,0.0,10
1054.417866,1.0,0.0,0.0,0.0,239.097147,0.0,0.0,0.0,0.166667,3,0,1200.0,323.486669,0.0,12
876.008428,1.0,500.0,0.0,500.0,182.955711,0.333333,0.0,0.333333,0.083333,1,4,1200.0,510.340741,0.0,12
150.071799,0.818182,1800.0,0.0,1800.0,0.0,0.75,0.0,0.666667,0.0,0,9,5000.0,2021.257541,1.0,12
1179.746682,1.0,30.0,30.0,0.0,39.323999,0.166667,0.166667,0.0,0.166667,2,4,1200.0,264.032163,0.0,12
739.847303,0.909091,329.25,0.0,329.25,1153.945828,0.75,0.0,0.75,0.166667,6,13,1000.0,2406.97813,0.0,12
2341.530186,1.0,1791.11,1244.47,546.64,3091.496553,1.0,0.833333,0.583333,0.75,19,22,5500.0,1409.686401,0.0,12
290.079966,1.0,550.93,0.0,550.93,0.0,0.583333,0.0,0.583333,0.0,0,17,4000.0,579.825344,0.0,12
1174.352352,1.0,0.0,0.0,0.0,166.250847,0.0,0.0,0.0,0.083333,1,0,2500.0,253.408681,0.0,12
18.957284,0.636364,187.25,0.0,187.25,0.0,0.583333,0.0,0.583333,0.0,0,7,3000.0,296.967289,0.714286,12
365.674097,1.0,1169.73,1169.73,0.0,0.0,0.333333,0.333333,0.0,0.0,0,9,1500.0,877.026023,0.0,12
364.726077,0.9,0.0,0.0,0.0,555.036998,0.0,0.0,0.0,0.4,4,0,500.0,218.664436,0.0,10
743.245283,0.6,1610.06,1211.9,398.16,0.0,0.5,0.2,0.4,0.0,0,10,3500.0,274.724354,0.0,10
16.967335,0.181818,2767.85,495.59,2272.26,0.0,1.0,1.0,1.0,0.0,0,36,3000.0,1322.585206,0.0,12
8.35947,0.181818,81.78,0.0,81.78,0.0,0.083333,0.0,0.083333,0.0,0,1,4000.0,896.300688,1.0,12
4530.205197,1.0,1750.66,643.18,1107.48,26268.69989,1.0,0.333333,1.0,0.583333,10,36,8500.0,25203.91336,0.25,12
240.439583,0.545455,481.01,481.01,0.0,461.403602,0.333333,0.333333,0.0,0.333333,6,4,1200.0,139.715889,0.0,12
745.774052,1.0,0.0,0.0,0.0,1221.85443,0.0,0.0,0.0,0.25,6,0,5000.0,1169.235129,0.0,12
0.0,0.0,226.07,0.0,226.07,0.0,0.583333,0.0,0.583333,0.0,0,7,2500.0,0.0,0.0,12
2347.383015,1.0,0.0,0.0,0.0,1480.171443,0.0,0.0,0.0,0.333333,4,0,3000.0,571.934258,0.0,12
2271.102591,1.0,272.93,0.0,272.93,1120.44963,0.583333,0.0,0.583333,0.083333,2,14,2500.0,764.791793,0.0,12
28.155795,0.454545,324.17,0.0,324.17,0.0,0.416667,0.0,0.416667,0.0,0,5,1500.0,354.506682,0.4,12
26.143505,0.363636,124.03,124.03,0.0,0.0,0.083333,0.083333,0.0,0.0,0,1,1000.0,309.366769,0.0,12
26.864424,1.0,373.77,0.0,373.77,0.0,1.0,0.0,0.916667,0.0,0,12,7000.0,381.479704,1.0,12
322.222745,0.666667,2522.03,2180.79,341.24,0.0,0.666667,0.666667,0.555556,0.0,0,18,9000.0,1898.185428,0.4,9
1150.867752,1.0,108.0,0.0,108.0,0.0,0.333333,0.0,0.333333,0.0,0,4,1000.0,98.195732,0.0,12
826.283578,1.0,2241.87,1941.55,300.32,0.0,1.0,0.833333,0.916667,0.0,0,45,2500.0,2578.745567,0.0,12
564.02688,1.0,1007.4,941.82,65.58,0.0,0.5,0.5,0.083333,0.0,0,11,2000.0,506.930593,0.0,12
120.307206,0.545455,653.95,653.95,0.0,0.0,0.416667,0.416667,0.0,0.0,0,8,2500.0,1327.025412,0.2,12
32.71168,0.454545,350.0,0.0,350.0,0.0,0.416667,0.0,0.333333,0.0,0,6,3000.0,421.815239,1.0,12
133.797452,0.636364,2460.0,0.0,2460.0,0.0,0.583333,0.0,0.5,0.0,0,24,2500.0,3601.545344,1.0,12
532.467828,1.0,3262.5,1186.74,2075.76,0.0,0.9,0.1,0.8,0.0,0,17,4500.0,2683.090485,0.333333,10
799.274442,1.0,906.81,449.65,457.16,730.50642,0.916667,0.583333,0.75,0.083333,2,29,1000.0,1590.918593,0.083333,12
857.256959,0.909091,636.84,484.2,152.64,2224.941246,0.416667,0.166667,0.166667,0.5,11,7,3000.0,443.001353,0.0,12
6681.371469,0.833333,2968.2,2968.2,0.0,7709.347455,0.166667,0.166667,0.0,0.166667,2,26,9000.0,3035.412729,0.0,6
34.775517,1.0,0.0,0.0,0.0,18.240626,0.0,0.0,0.0,0.083333,1,0,1500.0,1132.985402,0.083333,12
25.99831,0.454545,398.57,111.24,287.33,0.0,0.333333,0.083333,0.25,0.0,0,4,2500.0,821.069037,0.8,12
6256.556896,1.0,0.0,0.0,0.0,2045.731359,0.0,0.0,0.0,0.416667,14,0,6500.0,1573.751794,0.0,12
561.003319,1.0,11577.0,10975.0,602.0,875.58307,1.0,1.0,0.5,0.25,6,97,5500.0,12148.50351,0.666667,12
919.252125,1.0,1002.4,1002.4,0.0,196.076296,0.5,0.5,0.0,0.25,4,18,2000.0,173.632529,0.0,8
3139.84354,0.636364,859.03,0.0,859.03,1360.869614,1.0,0.0,1.0,0.333333,21,31,9000.0,8655.727728,0.0,12
1106.42635,1.0,0.0,0.0,0.0,639.271966,0.0,0.0,0.0,0.333333,5,0,2500.0,364.636263,0.0,12
611.327959,1.0,518.88,0.0,518.88,0.0,1.0,0.0,1.0,0.0,0,76,600.0,670.361848,0.0,12
1205.024103,1.0,1247.43,0.0,1247.43,0.0,1.0,0.0,1.0,0.0,0,41,1000.0,1314.358147,0.0,12
600.450838,1.0,351.88,104.78,247.1,445.263361,0.666667,0.25,0.5,0.583333,13,10,800.0,785.561972,0.0,12
32.928594,1.0,337.0,0.0,337.0,0.0,1.0,0.0,1.0,0.0,0,18,2500.0,398.157668,0.5,12
35.862466,0.545455,361.49,361.49,0.0,0.0,0.454545,0.454545,0.0,0.0,0,9,1500.0,625.790303,0.5,11
673.592238,1.0,2199.62,303.56,1896.06,0.0,1.0,0.25,1.0,0.0,0,32,3000.0,2377.36405,0.0,12
1456.624844,1.0,53.9,0.0,53.9,0.0,0.583333,0.0,0.583333,0.0,0,7,1500.0,330.888649,0.0,12
1254.480637,1.0,0.0,0.0,0.0,263.591009,0.0,0.0,0.0,0.083333,1,0,1500.0,684.225274,0.0,12
5.135703,0.181818,323.71,0.0,323.71,0.0,1.0,0.0,1.0,0.0,0,17,1500.0,219.996991,0.083333,12
706.327578,0.888889,169.54,169.54,0.0,1406.735573,0.333333,0.333333,0.0,0.888889,14,3,2500.0,302.97678,0.0,9
3610.883496,1.0,0.0,0.0,0.0,2791.511852,0.0,0.0,0.0,0.166667,8,0,4500.0,810.481966,0.0,12
95.055337,1.0,133.45,16.8,116.65,437.390028,0.5,0.083333,0.333333,0.083333,1,6,2500.0,469.271786,0.090909,12
1242.886266,1.0,17.6,17.6,0.0,0.0,0.083333,0.083333,0.0,0.0,0,1,4000.0,589.674674,0.0,12
9.048773,0.909091,316.2,0.0,316.2,0.0,1.0,0.0,1.0,0.0,0,24,2000.0,391.398298,0.6,12
169.892916,0.666667,973.5,973.5,0.0,0.0,0.166667,0.166667,0.0,0.0,0,1,2000.0,28.078586,0.0,6
1397.560022,1.0,0.0,0.0,0.0,869.402466,0.0,0.0,0.0,0.166667,2,0,2000.0,543.796511,0.0,12
1185.330971,1.0,0.0,0.0,0.0,1651.711638,0.0,0.0,0.0,0.5,21,0,3000.0,341.938368,0.0,12
978.771066,1.0,905.04,545.12,359.92,0.0,0.666667,0.166667,0.666667,0.0,0,20,4000.0,392.482391,0.0,12
283.691223,1.0,45.65,45.65,0.0,0.0,0.083333,0.083333,0.0,0.0,0,1,1000.0,165.821773,0.0,12
6.24762,0.272727,108.2,0.0,108.2,0.0,0.416667,0.0,0.416667,0.0,0,5,4500.0,0.0,0.0,12
28.612828,1.0,208.0,0.0,208.0,0.0,0.833333,0.0,0.833333,0.0,0,10,3000.0,253.537038,0.0,12
677.778395,0.75,0.0,0.0,0.0,1361.306734,0.0,0.0,0.0,0.125,2,0,1500.0,1515.946459,0.0,8
724.614301,0.909091,1534.71,431.4,1103.31,1363.547989,0.666667,0.416667,0.5,0.75,26,18,1700.0,1809.593702,0.090909,12
59.797799,1.0,309.25,289.4,19.85,0.0,0.166667,0.166667,0.083333,0.0,0,8,2000.0,675.101601,0.25,12
42.653615,1.0,93.24,0.0,93.24,0.0,0.5,0.0,0.5,0.0,0,6,5000.0,156.57819,0.0,12
284.43378,0.363636,212.92,0.0,212.92,0.0,0.833333,0.0,0.833333,0.0,0,15,1500.0,1202.791804,0.0,12
1569.712031,1.0,375.92,375.92,0.0,38.237206,0.333333,0.333333,0.0,0.083333,2,6,1700.0,530.069186,0.0,12
2130.050015,1.0,1044.2,835.96,208.24,0.0,1.0,0.7,0.7,0.0,0,26,6000.0,597.906134,0.0,10
539.072205,1.0,240.51,128.64,111.87,0.0,1.0,0.25,0.916667,0.0,0,14,500.0,340.349133,0.0,12
31.872458,0.636364,394.0,0.0,394.0,0.0,0.416667,0.0,0.25,0.0,0,6,1500.0,778.621541,1.0,12
209.026944,1.0,1520.76,657.19,863.57,0.0,0.916667,0.25,0.916667,0.0,0,24,3500.0,1771.078066,0.166667,12
683.286191,1.0,706.08,706.08,0.0,0.0,0.916667,0.916667,0.0,0.0,0,13,1500.0,1847.90353,0.0,12
457.07022,0.545455,1273.0,1273.0,0.0,0.0,0.083333,0.083333,0.0,0.0,0,1,2500.0,2633.35913,0.0,12
13.440318,1.0,0.0,0.0,0.0,138.410148,0.0,0.0,0.0,0.125,1,0,1500.0,150.90008,0.142857,8
762.921161,1.0,1214.55,992.67,221.88,399.600567,0.333333,0.166667,0.25,0.25,4,14,1500.0,1579.200728,0.083333,12
69.4432,1.0,368.16,0.0,368.16,0.0,1.0,0.0,1.0,0.0,0,32,2500.0,153.124113,0.083333,12
26.526741,0.875,135.31,0.0,135.31,0.0,0.875,0.0,0.75,0.0,0,7,1500.0,93.853979,0.8,8
52.358663,0.454545,658.24,658.24,0.0,0.0,0.166667,0.166667,0.0,0.0,0,2,4000.0,1609.331101,0.0,12
1144.128891,1.0,1373.27,688.15,685.12,1101.351331,1.0,1.0,0.833333,0.166667,4,30,4000.0,1705.162709,0.0,12
399.50457,1.0,740.11,410.28,329.83,0.0,1.0,0.333333,1.0,0.0,0,33,1200.0,1379.683829,0.0,12
71.431411,1.0,2068.41,0.0,2068.41,0.0,1.0,0.0,1.0,0.0,0,27,2500.0,1984.989648,0.25,12
42.288669,1.0,313.36,0.0,313.36,0.0,0.666667,0.0,0.666667,0.0,0,8,2000.0,428.089548,0.666667,12
528.324583,0.909091,0.0,0.0,0.0,2101.089889,0.0,0.0,0.0,0.416667,7,0,3000.0,1398.911214,0.333333,12
1609.514614,1.0,0.0,0.0,0.0,136.209339,0.0,0.0,0.0,0.083333,2,0,1700.0,277.622861,0.0,12
442.111046,1.0,671.36,0.0,671.36,777.528996,0.583333,0.0,0.5,0.083333,1,13,3000.0,63.199553,0.0,12
1075.032405,1.0,0.0,0.0,0.0,134.388107,0.0,0.0,0.0,0.25,6,0,1200.0,585.94084,0.0,12
24.660951,0.363636,0.0,0.0,0.0,398.729042,0.0,0.0,0.0,0.090909,1,0,500.0,757.357928,0.5,11
55.17712,0.8,532.64,0.0,532.64,0.0,0.8,0.0,0.7,0.0,0,8,2500.0,547.608958,1.0,10
734.729977,0.727273,0.0,0.0,0.0,428.36939,0.0,0.0,0.0,0.083333,5,0,1200.0,1596.300157,0.181818,12
2479.815703,1.0,5812.17,5142.57,669.6,638.563709,0.916667,0.75,0.416667,0.083333,3,27,10500.0,4586.498256,0.0,12
112.702102,0.909091,1437.38,1437.38,0.0,0.0,0.583333,0.583333,0.0,0.0,0,17,2000.0,1469.057487,1.0,12
3.513242,0.363636,48.04,0.0,48.04,0.0,0.333333,0.0,0.333333,0.0,0,4,1500.0,140.940173,0.6,12
2760.89889,0.9,0.0,0.0,0.0,4278.969301,0.0,0.0,0.0,0.6,11,0,7500.0,997.950103,0.0,10
784.627873,1.0,641.0,641.0,0.0,913.146344,0.916667,0.916667,0.0,0.083333,1,12,1800.0,1657.991354,0.0,12
4071.993764,1.0,0.0,0.0,0.0,1541.393819,0.0,0.0,0.0,0.25,3,0,5000.0,1528.928247,0.0,12
3616.393429,1.0,2459.18,30.0,2429.18,0.0,1.0,0.083333,1.0,0.0,0,194,5500.0,2203.05836,0.0,12
2971.600871,1.0,6513.38,4694.68,1818.7,0.0,0.916667,0.333333,0.833333,0.0,0,41,5000.0,4960.050608,0.0,12
677.403883,1.0,0.0,0.0,0.0,1149.411566,0.0,0.0,0.0,0.666667,8,0,1200.0,126.873568,0.0,6
1884.083078,1.0,31.66,0.0,31.66,493.377807,0.166667,0.0,0.166667,0.583333,14,2,2000.0,901.067057,0.0,12
114.752318,1.0,387.12,0.0,387.12,0.0,1.0,0.0,0.916667,0.0,0,12,2500.0,981.332431,0.181818,12
201.487515,1.0,1688.12,0.0,1688.12,0.0,1.0,0.0,1.0,0.0,0,12,4000.0,1641.148627,1.0,12
299.531528,1.0,3473.11,1263.54,2209.57,0.0,1.0,0.583333,1.0,0.0,0,32,7500.0,3019.01839,0.416667,12
146.616802,0.363636,0.0,0.0,0.0,614.430788,0.0,0.0,0.0,0.166667,2,0,1200.0,216.978003,0.0,12
2421.820915,0.666667,0.0,0.0,0.0,4045.770203,0.0,0.0,0.0,0.5,7,0,5000.0,334.730343,0.0,6
1728.29571,1.0,673.8,0.0,673.8,0.0,1.0,0.0,1.0,0.0,0,12,1700.0,727.421149,0.0,12
1035.03102,1.0,704.17,0.0,704.17,0.0,1.0,0.0,1.0,0.0,0,33,3400.0,274.26228,0.0,12
14.869439,0.818182,391.68,0.0,391.68,0.0,0.833333,0.0,0.833333,0.0,0,10,1500.0,442.402951,1.0,12
842.103869,1.0,496.56,0.0,496.56,0.0,1.0,0.0,1.0,0.0,0,12,1000.0,254.599294,0.0,12
1809.917132,1.0,266.64,0.0,266.64,0.0,1.0,0.0,1.0,0.0,0,24,2500.0,77.991128,0.0,12
399.156352,1.0,2870.76,894.49,1976.27,0.0,1.0,0.583333,1.0,0.0,0,109,2500.0,3064.377023,0.0,12
193.050982,0.875,1337.1,1337.1,0.0,91.705707,0.875,0.875,0.0,0.125,1,13,10000.0,2067.611692,0.5,8
1243.68657,1.0,221.72,0.0,221.72,1324.264801,0.916667,0.0,0.916667,0.333333,5,26,1700.0,2268.784133,0.0,12
135.418099,1.0,777.16,0.0,777.16,0.0,1.0,0.0,1.0,0.0,0,47,3000.0,601.471905,0.0,12
19.587949,0.909091,299.77,0.0,299.77,0.0,1.0,0.0,1.0,0.0,0,16,2700.0,327.059511,0.888889,12
745.368581,1.0,153.89,0.0,153.89,0.0,0.916667,0.0,0.916667,0.0,0,11,1700.0,500.110264,0.0,12
274.305611,1.0,419.88,0.0,419.88,0.0,1.0,0.0,1.0,0.0,0,24,2500.0,665.834636,0.0,12
0.0,0.0,443.28,0.0,443.28,0.0,1.0,0.0,1.0,0.0,0,12,3000.0,0.0,0.0,12
367.033521,1.0,567.75,567.75,0.0,0.0,0.666667,0.666667,0.0,0.0,0,8,600.0,484.20499,0.0,12
475.301123,1.0,415.47,415.47,0.0,762.195411,0.166667,0.166667,0.0,0.25,3,2,7000.0,3965.150992,0.0,12
1865.271423,1.0,412.0,412.0,0.0,0.0,0.166667,0.166667,0.0,0.0,0,2,2000.0,597.104874,0.0,12
1618.277656,1.0,3031.28,1616.35,1414.93,0.0,0.909091,0.909091,0.636364,0.0,0,52,3200.0,2513.922495,0.0,11
36.57785,0.545455,561.48,0.0,561.48,0.0,0.5,0.0,0.416667,0.0,0,6,3000.0,891.708605,1.0,12
443.558578,1.0,26.09,26.09,0.0,646.932676,0.083333,0.083333,0.0,0.5,16,4,1200.0,1218.866837,0.083333,12
17.905235,0.363636,159.0,0.0,159.0,0.0,0.166667,0.0,0.083333,0.0,0,2,4000.0,134.532028,0.166667,12
1514.885982,0.909091,928.06,834.3,93.76,0.0,0.909091,0.727273,0.818182,0.0,0,31,4500.0,2797.8913,0.0,11
63.292505,1.0,545.38,0.0,545.38,0.0,0.916667,0.0,0.833333,0.0,0,11,4000.0,520.936337,0.166667,12
4135.663046,1.0,0.0,0.0,0.0,3168.34945,0.0,0.0,0.0,0.5,22,0,4500.0,1360.105727,0.0,12
129.881716,0.909091,672.0,0.0,672.0,0.0,0.666667,0.0,0.666667,0.0,0,8,1500.0,775.413322,0.0,12
228.107524,1.0,510.32,216.9,293.42,0.0,1.0,0.333333,1.0,0.0,0,23,5000.0,552.200643,0.0,12
277.308988,1.0,1588.34,500.0,1088.34,0.0,0.916667,0.083333,0.916667,0.0,0,18,2500.0,1316.907062,0.083333,12
20.920544,0.727273,392.96,0.0,392.96,0.0,0.666667,0.0,0.583333,0.0,0,8,4000.0,324.004832,0.5,12
1462.74666,1.0,2400.37,2113.74,286.63,0.0,1.0,0.666667,1.0,0.0,0,34,1700.0,2893.730422,0.0,12
328.436912,0.727273,2738.82,2408.82,330.0,0.0,0.583333,0.333333,0.333333,0.0,0,31,1000.0,2339.534377,0.5,12
11.772828,0.272727,101.0,101.0,0.0,0.0,0.166667,0.166667,0.0,0.0,0,2,1200.0,164.865563,0.0,12
6105.102208,1.0,248.73,0.0,248.73,8554.169846,0.083333,0.0,0.083333,0.75,49,2,9000.0,1824.639869,0.0,12
1223.783946,1.0,135.24,0.0,135.24,0.0,1.0,0.0,1.0,0.0,0,12,1200.0,328.934771,0.0,12
659.121167,1.0,458.5,0.0,458.5,0.0,0.916667,0.0,0.916667,0.0,0,11,1500.0,65.156724,0.0,12
4228.417754,1.0,11994.71,11994.71,0.0,496.521561,0.25,0.25,0.0,0.083333,2,8,13450.0,508.797444,0.0,12
384.803407,1.0,549.0,291.0,258.0,0.0,0.5,0.083333,0.416667,0.0,0,9,1000.0,569.597465,0.0,12
141.656741,0.181818,1109.83,1109.83,0.0,379.155222,0.166667,0.166667,0.0,0.083333,1,3,1200.0,0.0,0.0,12
18.120946,0.5,57.0,57.0,0.0,0.0,0.166667,0.166667,0.0,0.0,0,1,1500.0,118.438703,0.0,6
1150.04204,1.0,1283.45,318.67,964.78,47.044876,1.0,0.25,0.916667,0.083333,1,27,3500.0,2430.864396,0.0,12
158.512412,0.454545,713.64,713.64,0.0,0.0,0.083333,0.083333,0.0,0.0,0,2,3000.0,1121.322787,0.0,12
4925.078801,1.0,194.6,194.6,0.0,2746.434556,0.333333,0.333333,0.0,0.416667,8,4,9000.0,5149.230429,0.0,12
61.653547,0.454545,1194.22,0.0,1194.22,0.0,0.666667,0.0,0.666667,0.0,0,20,3777.777778,1775.371596,0.0,12
1669.488962,1.0,0.0,0.0,0.0,254.011804,0.0,0.0,0.0,0.166667,4,0,1800.0,571.589438,0.0,12
23.587067,1.0,837.48,0.0,837.48,0.0,1.0,0.0,1.0,0.0,0,12,3500.0,775.895535,0.166667,12
61.253237,1.0,377.86,78.0,299.86,0.0,1.0,0.166667,1.0,0.0,0,24,2700.0,347.206621,0.083333,12
622.55987,1.0,343.46,221.84,121.62,1898.121821,0.333333,0.333333,0.166667,0.583333,11,13,1500.0,964.143984,0.083333,12
677.077167,1.0,119.19,0.0,119.19,181.735735,0.416667,0.0,0.416667,0.083333,1,5,700.0,504.762147,0.0,12
2.910578,0.727273,56.94,0.0,56.94,0.0,0.25,0.0,0.25,0.0,0,3,3000.0,129.412694,0.272727,12
807.555134,0.818182,242.06,0.0,242.06,0.0,0.5,0.0,0.5,0.0,0,6,1000.0,1610.237285,0.0,12
1099.649455,1.0,0.0,0.0,0.0,72.841356,0.0,0.0,0.0,0.166667,2,0,1200.0,322.777824,0.0,12
2369.073061,1.0,0.0,0.0,0.0,1235.769004,0.0,0.0,0.0,0.2,2,0,3500.0,3428.646118,0.0,10
1.941328,0.181818,15.3,0.0,15.3,0.0,0.083333,0.0,0.083333,0.0,0,1,5000.0,190.254352,0.0,12
2365.48995,1.0,0.0,0.0,0.0,1294.098177,0.0,0.0,0.0,0.666667,17,0,2500.0,816.5164,0.0,12
1128.878514,1.0,129.86,129.86,0.0,372.192943,0.083333,0.083333,0.0,0.083333,1,1,4200.0,767.993781,0.0,12
806.446131,1.0,0.0,0.0,0.0,916.64405,0.0,0.0,0.0,0.083333,1,0,3000.0,504.66084,0.0,12
25.921726,0.545455,268.92,0.0,268.92,0.0,0.5,0.0,0.416667,0.0,0,6,1500.0,458.387948,1.0,12
531.075085,0.818182,485.73,152.4,333.33,474.10077,0.25,0.083333,0.166667,0.083333,1,3,2500.0,1657.453579,0.1,12
1578.053342,1.0,177.21,0.0,177.21,0.0,0.416667,0.0,0.416667,0.0,0,5,1400.0,0.0,0.0,12
1371.187284,1.0,208.76,149.0,59.76,73.235325,0.25,0.166667,0.166667,0.083333,2,5,1500.0,447.764231,0.0,12
484.108869,1.0,0.0,0.0,0.0,850.784054,0.0,0.0,0.0,0.5,10,0,1000.0,590.725031,0.0,12
48.573636,1.0,258.36,0.0,258.36,0.0,1.0,0.0,0.833333,0.0,0,6,1500.0,197.464636,0.5,6
709.475496,1.0,0.0,0.0,0.0,1240.838098,0.0,0.0,0.0,0.25,4,0,1000.0,1242.9897,0.083333,12
1768.456809,1.0,449.73,395.05,54.68,0.0,0.416667,0.333333,0.333333,0.0,0,10,3000.0,664.529374,0.0,12
475.229863,1.0,126.03,126.03,0.0,452.857459,0.090909,0.090909,0.0,0.181818,2,1,1200.0,476.74593,0.0,11
75.244732,1.0,623.3,384.05,239.25,0.0,1.0,0.333333,0.833333,0.0,0,19,4500.0,579.531266,0.727273,12
18.627266,0.888889,309.26,0.0,309.26,0.0,0.888889,0.0,0.777778,0.0,0,14,1500.0,272.654072,0.714286,9
980.922091,1.0,0.0,0.0,0.0,644.770362,0.0,0.0,0.0,0.333333,5,0,1200.0,569.660031,0.0,12
104.311214,0.818182,1270.59,1270.59,0.0,0.0,0.583333,0.583333,0.0,0.0,0,8,2000.0,1359.473756,1.0,12
2383.427985,1.0,95.08,95.08,0.0,2437.054164,0.083333,0.083333,0.0,0.166667,4,3,2500.0,145.154675,0.0,12
198.951791,0.25,0.0,0.0,0.0,1365.18629,0.0,0.0,0.0,0.125,1,0,2500.0,0.0,0.0,8
145.47022,1.0,95.0,38.0,57.0,0.0,0.25,0.083333,0.166667,0.0,0,4,1500.0,175.248349,0.0,12
43.087983,0.571429,133.0,133.0,0.0,0.0,0.142857,0.142857,0.0,0.0,0,1,3000.0,189.248952,0.0,7
1273.498021,1.0,449.28,0.0,449.28,0.0,1.0,0.0,1.0,0.0,0,12,1200.0,475.727103,0.0,12
33.880019,0.909091,3421.12,3008.55,412.57,269.61939,0.916667,0.833333,0.25,0.166667,2,28,3500.0,3977.215235,1.0,12
21.881528,1.0,89.04,89.04,0.0,0.0,0.083333,0.083333,0.0,0.0,0,1,2500.0,193.985335,0.0,12
1223.630962,1.0,2065.5,628.8,1436.7,0.0,1.0,0.166667,1.0,0.0,0,46,1500.0,638.997243,0.0,12
1441.993476,0.909091,0.0,0.0,0.0,2464.684708,0.0,0.0,0.0,0.333333,5,0,3000.0,3206.577257,0.0,12
1070.631288,1.0,651.91,651.91,0.0,40.07681,0.416667,0.416667,0.0,0.083333,1,43,1200.0,258.767714,0.0,12
594.268871,0.909091,1036.76,966.8,69.96,0.0,0.583333,0.416667,0.25,0.0,0,17,2500.0,198.237134,0.0,12
25.715061,0.363636,449.32,449.32,0.0,0.0,0.166667,0.166667,0.0,0.0,0,4,5000.0,1086.379588,1.0,12
1439.410201,1.0,184.7,184.7,0.0,0.0,0.166667,0.166667,0.0,0.0,0,2,1500.0,299.988581,0.0,12
543.815182,1.0,0.0,0.0,0.0,45.475577,0.0,0.0,0.0,0.083333,1,0,3000.0,593.946163,0.0,12
36.979201,0.181818,0.0,0.0,0.0,4262.120108,0.0,0.0,0.0,0.166667,2,0,2500.0,22099.47812,0.0,12
9220.534572,1.0,1420.31,777.66,642.65,9816.782544,1.0,0.25,1.0,0.833333,29,77,12500.0,4257.372749,0.0,12
6631.790101,1.0,74.17,74.17,0.0,4618.934859,0.090909,0.090909,0.0,0.454545,10,1,9000.0,1652.029653,0.0,11
39.251217,1.0,1066.62,339.1,727.52,204.615371,0.833333,0.833333,0.916667,0.083333,1,49,3500.0,1340.881787,0.5,12
2.02217,0.181818,0.0,0.0,0.0,438.924394,0.0,0.0,0.0,0.090909,1,0,1200.0,1767.395484,0.0,11
38.068219,0.727273,799.92,0.0,799.92,0.0,1.0,0.0,1.0,0.0,0,12,2500.0,553.927866,0.333333,12
578.795795,0.545455,994.12,105.0,889.12,2578.563752,0.833333,0.166667,0.833333,0.75,31,12,2500.0,2369.347633,0.0,12
1325.679991,1.0,1084.87,687.57,397.3,3330.913556,0.833333,0.333333,0.833333,0.416667,9,16,3000.0,4135.414563,0.090909,12
743.52828,1.0,158.95,158.95,0.0,0.0,0.375,0.375,0.0,0.0,0,3,800.0,250.349363,0.0,8
0.0,0.0,180.66,54.0,126.66,0.0,0.583333,0.083333,0.5,0.0,0,7,2700.0,221.27715,0.0,12
41.789262,1.0,821.51,501.95,319.56,109.91813,0.833333,0.083333,0.833333,0.083333,1,11,4000.0,969.030384,0.3,12
987.110602,1.0,0.0,0.0,0.0,1139.392895,0.0,0.0,0.0,0.142857,2,0,1200.0,139.607827,0.0,7
11.981427,0.727273,187.55,0.0,187.55,0.0,0.75,0.0,0.75,0.0,0,9,1000.0,261.920143,0.625,12
11.316443,0.181818,112.23,112.23,0.0,0.0,0.083333,0.083333,0.0,0.0,0,1,3000.0,636.15056,0.0,12
0.0,0.0,300.0,0.0,300.0,0.0,0.083333,0.0,0.083333,0.0,0,1,4000.0,5228.819138,0.0,12
523.127544,1.0,786.94,582.74,204.2,1088.139436,0.25,0.083333,0.083333,0.25,4,3,1000.0,1603.447936,0.083333,12
650.485202,1.0,555.2,339.0,216.2,589.349657,0.583333,0.083333,0.416667,0.083333,1,8,1000.0,351.575597,0.0,12
2320.107011,0.888889,2118.42,2118.42,0.0,3285.570621,0.222222,0.222222,0.0,0.555556,14,14,5000.0,922.698832,0.0,9
106.45347,0.818182,2014.84,874.84,1140.0,0.0,0.583333,0.416667,0.166667,0.0,0,24,3000.0,2139.733072,1.0,12
281.112517,0.727273,0.0,0.0,0.0,295.616931,0.0,0.0,0.0,0.166667,3,0,1000.0,631.473289,0.0,12
324.055174,1.0,2075.13,1100.0,975.13,0.0,1.0,0.083333,1.0,0.0,0,48,1500.0,1653.941553,0.25,12
617.999607,1.0,387.7,250.0,137.7,684.8408,0.833333,0.166667,0.75,0.083333,1,13,1200.0,1723.350971,0.166667,12
2076.211673,1.0,1057.0,0.0,1057.0,0.0,0.416667,0.0,0.333333,0.0,0,8,2500.0,696.769705,0.0,12
63.078242,1.0,114.0,0.0,114.0,0.0,0.25,0.0,0.25,0.0,0,3,3000.0,184.582486,0.0,12
0.14446,0.1,0.0,0.0,0.0,97.038129,0.0,0.0,0.0,0.2,2,0,7000.0,186.434257,0.0,10
1012.841277,0.818182,0.0,0.0,0.0,790.832609,0.0,0.0,0.0,0.333333,11,0,1500.0,2531.648689,0.0,12
6.526735,0.181818,53.09,53.09,0.0,0.0,0.083333,0.083333,0.0,0.0,0,1,1000.0,309.515966,0.0,12
83.258534,1.0,41.4,11.9,29.5,0.0,0.25,0.083333,0.166667,0.0,0,3,2700.0,157.225241,0.0,12
852.530387,1.0,45.65,45.65,0.0,0.0,0.083333,0.083333,0.0,0.0,0,1,1200.0,387.594772,0.0,12
304.249156,0.909091,3127.98,0.0,3127.98,0.0,0.833333,0.0,0.833333,0.0,0,10,6000.0,3489.90364,0.714286,12
16.004225,0.636364,159.44,0.0,159.44,0.0,0.583333,0.0,0.583333,0.0,0,11,2700.0,276.112744,0.285714,12
1087.784698,1.0,0.0,0.0,0.0,1562.703953,0.0,0.0,0.0,0.166667,2,0,1500.0,3093.888643,0.166667,12
3255.151368,1.0,1771.6,251.0,1520.6,1279.568823,0.916667,0.166667,0.75,0.25,6,15,9000.0,4619.793197,0.0,12
69.336196,0.545455,211.87,211.87,0.0,0.0,0.083333,0.083333,0.0,0.0,0,1,1400.0,435.005491,0.0,12
1433.404387,1.0,0.0,0.0,0.0,1190.745349,0.0,0.0,0.0,0.25,4,0,2000.0,993.072444,0.0,12
3278.506664,0.625,472.51,216.49,256.02,6548.948805,0.5,0.125,0.375,0.25,8,9,7000.0,1304.846205,0.0,8
68.624743,1.0,423.23,243.23,180.0,0.0,1.0,0.111111,0.888889,0.0,0,10,1000.0,458.251229,0.5,9
1562.60448,1.0,880.22,816.88,63.34,0.0,0.416667,0.083333,0.333333,0.0,0,8,2500.0,459.441845,0.0,12
412.592491,0.545455,0.0,0.0,0.0,1852.218171,0.0,0.0,0.0,0.25,3,0,2500.0,3935.004997,0.0,12
428.598828,1.0,208.0,208.0,0.0,164.032453,0.25,0.25,0.0,0.333333,6,4,1200.0,975.191714,0.0,12
2071.951442,1.0,2090.21,0.0,2090.21,0.0,1.0,0.0,1.0,0.0,0,80,2500.0,1326.995454,0.0,12
973.560975,1.0,0.0,0.0,0.0,2061.53302,0.0,0.0,0.0,0.818182,21,0,1700.0,1789.46975,0.090909,11
624.633263,0.818182,0.0,0.0,0.0,950.85274,0.0,0.0,0.0,0.25,8,0,1000.0,330.064555,0.0,12
965.88461,1.0,1.0,1.0,0.0,561.024098,0.083333,0.083333,0.0,0.166667,2,1,1200.0,751.960548,0.0,12
82.568778,1.0,471.64,0.0,471.64,0.0,0.916667,0.0,0.916667,0.0,0,23,1200.0,554.168419,0.333333,12
383.370294,1.0,326.74,326.74,0.0,0.0,0.25,0.25,0.0,0.0,0,3,600.0,525.776492,0.0,12
793.855972,1.0,1478.93,1478.93,0.0,0.0,0.333333,0.333333,0.0,0.0,0,10,1200.0,723.959807,0.0,12
51.199057,1.0,1319.04,1319.04,0.0,0.0,1.0,1.0,0.0,0.0,0,18,3500.0,1324.448655,0.875,12
1488.628126,1.0,0.0,0.0,0.0,2909.050462,0.0,0.0,0.0,0.363636,24,0,3000.0,1968.413322,0.090909,11
92.596405,1.0,720.11,720.11,0.0,0.0,0.583333,0.583333,0.0,0.0,0,16,1700.0,535.430352,0.222222,12
382.63138,1.0,0.0,0.0,0.0,748.78028,0.0,0.0,0.0,0.090909,1,0,1200.0,566.605747,0.0,11
402.814647,1.0,960.09,91.8,868.29,373.408367,1.0,0.083333,1.0,0.083333,5,59,500.0,1127.28667,0.083333,12
1271.172501,0.909091,0.0,0.0,0.0,1865.939841,0.0,0.0,0.0,0.090909,1,0,4000.0,2099.387435,0.0,11
124.743322,0.636364,1007.45,0.0,1007.45,0.0,0.583333,0.0,0.583333,0.0,0,14,2500.0,1616.540779,1.0,12
1060.039731,1.0,340.0,49.0,291.0,0.0,0.5,0.083333,0.416667,0.0,0,7,2500.0,261.761454,0.0,12
90.084324,1.0,1098.82,1098.82,0.0,181.725242,0.583333,0.583333,0.0,0.083333,1,13,3000.0,1307.140981,0.428571,12
85.851188,0.636364,0.0,0.0,0.0,499.092982,0.0,0.0,0.0,0.083333,1,0,600.0,1528.015928,0.285714,12
2115.602918,1.0,320.0,0.0,320.0,2033.14898,0.833333,0.0,0.75,0.5,17,10,3000.0,1260.004919,0.0,12
193.213122,1.0,2281.57,905.6,1375.97,0.0,1.0,0.916667,0.916667,0.0,0,45,3000.0,1782.059904,0.909091,12
82.98006,1.0,906.78,0.0,906.78,0.0,1.0,0.0,1.0,0.0,0,25,3000.0,780.205026,0.818182,12
991.773081,1.0,2020.0,2020.0,0.0,600.188405,0.25,0.25,0.0,0.333333,4,4,3400.0,1817.827772,0.0,12
5482.204366,1.0,0.0,0.0,0.0,4948.907169,0.0,0.0,0.0,0.5,15,0,9000.0,1343.176056,0.0,12
1016.496072,1.0,64.82,64.82,0.0,994.182547,0.142857,0.142857,0.0,0.285714,8,1,1200.0,74.543258,0.0,7
205.127197,0.571429,1222.98,1222.98,0.0,0.0,0.428571,0.428571,0.0,0.0,0,5,3000.0,1144.83486,0.0,7
1450.599152,1.0,2763.84,1434.43,1329.41,0.0,1.0,0.714286,0.857143,0.0,0,98,2000.0,343.918862,0.0,7
1405.988009,1.0,1839.0,256.0,1583.0,1684.658063,1.0,0.166667,1.0,0.25,4,27,1800.0,3603.302652,0.0,12
424.968492,1.0,272.28,0.0,272.28,0.0,1.0,0.0,1.0,0.0,0,24,1700.0,64.658608,0.0,12
74.4309,1.0,45.65,45.65,0.0,0.0,0.083333,0.083333,0.0,0.0,0,1,2500.0,0.0,0.0,12
24.818476,0.909091,390.05,44.9,345.15,0.0,0.833333,0.083333,0.75,0.0,0,11,1000.0,423.338628,0.272727,12
1109.876538,1.0,0.0,0.0,0.0,645.643747,0.0,0.0,0.0,0.25,7,0,1200.0,476.97564,0.0,12
679.421923,1.0,298.49,298.49,0.0,152.65779,0.083333,0.083333,0.0,0.083333,1,4,1000.0,456.143495,0.0,12
270.135147,0.909091,958.93,752.9,206.03,0.0,0.75,0.166667,0.666667,0.0,0,26,1900.0,2063.470552,0.0,12
256.02662,0.909091,2098.56,1798.3,300.26,0.0,0.909091,0.909091,0.272727,0.0,0,22,3000.0,1909.534262,0.25,11
794.661653,1.0,329.96,329.96,0.0,0.0,0.083333,0.083333,0.0,0.0,0,1,2000.0,703.606,0.0,12
1644.123638,1.0,0.0,0.0,0.0,830.132133,0.0,0.0,0.0,0.166667,3,0,2500.0,333.114672,0.0,12
28.80071,0.727273,173.02,0.0,173.02,0.0,0.5,0.0,0.5,0.0,0,6,1000.0,229.503322,0.272727,12
976.390024,1.0,785.4,785.4,0.0,347.15722,0.333333,0.333333,0.0,0.25,3,6,3500.0,820.342892,0.0,12
1005.660131,1.0,710.03,710.03,0.0,5001.078448,0.416667,0.416667,0.0,0.916667,40,8,1500.0,5679.950642,0.25,12
700.723718,1.0,425.18,0.0,425.18,0.0,1.0,0.0,1.0,0.0,0,29,3000.0,148.581846,0.0,12
8.27913,0.454545,670.0,0.0,670.0,0.0,1.0,0.0,1.0,0.0,0,16,2500.0,703.772949,0.090909,12
1373.700066,1.0,267.75,0.0,267.75,38.898599,0.75,0.0,0.666667,0.166667,2,9,1500.0,446.146419,0.0,12
215.475718,1.0,670.65,300.0,370.65,0.0,1.0,0.083333,0.916667,0.0,0,18,3000.0,366.634123,0.3,12
108.857699,1.0,3224.34,3224.34,0.0,0.0,1.0,1.0,0.0,0.0,0,39,1500.0,2752.565833,1.0,12
7.215615,0.272727,54.45,54.45,0.0,0.0,0.083333,0.083333,0.0,0.0,0,1,2000.0,160.130111,0.0,12
1736.930299,1.0,616.0,0.0,616.0,0.0,0.916667,0.0,0.916667,0.0,0,11,1900.0,803.881382,0.0,12
242.53001,1.0,3520.0,0.0,3520.0,0.0,0.916667,0.0,0.916667,0.0,0,11,650.0,3814.912997,0.333333,12
1372.083399,1.0,800.0,0.0,800.0,0.0,0.833333,0.0,0.833333,0.0,0,10,1200.0,1190.700111,0.0,12
6388.820712,1.0,5154.75,1622.06,3532.69,0.0,1.0,0.5,1.0,0.0,0,115,9500.0,6436.518476,0.0,12
254.94701,1.0,2870.83,2655.15,215.68,0.0,1.0,0.818182,0.727273,0.0,0,54,7500.0,2461.126057,0.9,11
15.813502,0.636364,120.88,0.0,120.88,0.0,0.416667,0.0,0.416667,0.0,0,5,5000.0,258.872386,0.5,12
77.383767,0.636364,2321.87,1212.87,1109.0,0.0,0.583333,0.166667,0.583333,0.0,0,22,1900.0,2071.265301,0.363636,12
849.030358,1.0,345.0,0.0,345.0,101.511988,0.75,0.0,0.666667,0.083333,1,24,1200.0,1465.044906,0.083333,12
525.17417,1.0,91.23,48.9,42.33,0.0,0.333333,0.083333,0.25,0.0,0,4,4000.0,154.939835,0.0,12
510.953138,1.0,172.41,172.41,0.0,0.0,0.083333,0.083333,0.0,0.0,0,4,1200.0,959.003305,0.0,12
486.17036,0.545455,0.0,0.0,0.0,1494.441569,0.0,0.0,0.0,0.083333,1,0,1500.0,2945.61949,0.181818,12
2291.684027,1.0,4983.93,4065.93,918.0,0.0,0.916667,0.75,0.583333,0.0,0,33,6500.0,1149.746347,0.0,12
145.722404,1.0,529.7,240.2,289.5,38.259988,1.0,0.333333,1.0,0.083333,1,26,800.0,363.368053,0.0,12
286.814503,1.0,2016.14,1602.14,414.0,0.0,0.666667,0.416667,0.333333,0.0,0,14,1200.0,1525.089652,0.0,12
22.455964,0.272727,185.25,0.0,185.25,0.0,0.25,0.0,0.166667,0.0,0,3,1000.0,371.216038,1.0,12
1108.987965,1.0,0.0,0.0,0.0,75.070968,0.0,0.0,0.0,0.083333,1,0,1500.0,1690.172114,0.083333,12
109.473217,1.0,1251.26,635.79,615.47,0.0,0.833333,0.25,0.666667,0.0,0,19,2700.0,958.931815,0.25,12
233.092662,1.0,2613.65,945.45,1668.2,0.0,1.0,0.333333,1.0,0.0,0,39,6000.0,2255.232796,0.666667,12
2112.63873,1.0,0.0,0.0,0.0,584.940187,0.0,0.0,0.0,0.25,5,0,3500.0,540.088813,0.0,12
1.097736,0.272727,343.82,0.0,343.82,169.355104,0.833333,0.0,0.833333,0.083333,1,10,4000.0,169.895641,0.0,12
874.905296,1.0,484.04,0.0,484.04,0.0,1.0,0.0,1.0,0.0,0,12,1000.0,873.429792,0.0,12
844.022439,1.0,0.0,0.0,0.0,1125.228876,0.0,0.0,0.0,0.166667,3,0,2500.0,535.604592,0.0,12
87.034432,0.636364,697.57,0.0,697.57,0.0,0.5,0.0,0.416667,0.0,0,15,3200.0,811.903413,0.454545,12
377.56851,1.0,542.51,542.51,0.0,0.0,0.5,0.5,0.0,0.0,0,9,1000.0,567.687367,0.0,12
2929.582949,1.0,0.0,0.0,0.0,1319.276782,0.0,0.0,0.0,0.4,11,0,3000.0,1153.353618,0.0,10
1101.792789,1.0,1591.37,1591.37,0.0,447.953652,0.666667,0.666667,0.0,0.166667,2,10,3000.0,699.75547,0.0,12
623.583624,1.0,1344.85,1099.72,245.13,0.0,0.666667,0.5,0.333333,0.0,0,21,2200.0,1374.213771,0.083333,12
5.109352,0.181818,0.0,0.0,0.0,78.990599,0.0,0.0,0.0,0.083333,1,0,1000.0,77.984721,0.1,12
2696.052766,1.0,0.0,0.0,0.0,3100.942646,0.0,0.0,0.0,0.75,15,0,3000.0,815.306343,0.0,12
1592.102979,1.0,45.65,45.65,0.0,1465.069357,0.083333,0.083333,0.0,0.083333,1,1,5000.0,529.542832,0.0,12
14.453345,0.636364,38.65,38.65,0.0,0.0,0.083333,0.083333,0.0,0.0,0,1,1000.0,52.685663,0.0,12
1062.024069,1.0,0.0,0.0,0.0,402.337729,0.0,0.0,0.0,0.2,3,0,1200.0,583.53323,0.0,10
1033.485033,1.0,137.57,0.0,137.57,0.0,0.166667,0.0,0.166667,0.0,0,3,1000.0,423.925626,0.0,12
803.052704,1.0,19.75,19.75,0.0,0.0,0.083333,0.083333,0.0,0.0,0,1,2000.0,402.155365,0.0,12
1551.908555,1.0,416.64,105.0,311.64,0.0,1.0,0.083333,1.0,0.0,0,14,2500.0,539.653696,0.0,12
936.370785,1.0,158.45,158.45,0.0,0.0,0.25,0.25,0.0,0.0,0,3,1700.0,160.698863,0.0,12
1420.156349,1.0,0.0,0.0,0.0,445.913736,0.0,0.0,0.0,0.333333,5,0,1500.0,661.562552,0.0,12
14.143579,0.875,175.98,0.0,175.98,0.0,0.875,0.0,0.75,0.0,0,7,1500.0,171.928796,1.0,8
68.10541,0.25,0.0,0.0,0.0,462.554056,0.0,0.0,0.0,0.25,6,0,500.0,0.0,0.0,8
3025.373271,1.0,202.72,0.0,202.72,988.076605,0.583333,0.0,0.583333,0.083333,1,9,4500.0,3989.645744,0.0,12
2513.983606,1.0,0.0,0.0,0.0,6140.025312,0.0,0.0,0.0,0.25,4,0,6000.0,560.461934,0.0,12
542.979227,1.0,1134.96,0.0,1134.96,2370.439178,1.0,0.0,1.0,0.583333,15,12,1000.0,2669.005392,0.25,12
144.436235,0.181818,0.0,0.0,0.0,944.893512,0.0,0.0,0.0,0.083333,1,0,1000.0,542.036637,0.0,12
2017.391656,1.0,12024.37,11224.1,800.27,0.0,1.0,1.0,0.5,0.0,0,133,8000.0,11516.39232,0.333333,12
39.469095,0.636364,418.97,0.0,418.97,0.0,1.0,0.0,1.0,0.0,0,30,3000.0,655.157042,0.0,12
2579.907754,1.0,125.51,0.0,125.51,1377.049309,0.25,0.0,0.166667,0.416667,10,3,3000.0,666.355831,0.0,12
34.703482,1.0,247.02,0.0,247.02,0.0,1.0,0.0,1.0,0.0,0,18,2500.0,194.419235,0.166667,12
29.466141,0.545455,149.0,149.0,0.0,0.0,0.083333,0.083333,0.0,0.0,0,1,1000.0,350.176472,0.0,12
2764.810135,1.0,390.52,369.8,20.72,75.74986,0.333333,0.25,0.083333,0.083333,2,6,3000.0,743.242536,0.0,12
27.931382,0.5,169.4,0.0,169.4,0.0,0.4,0.0,0.2,0.0,0,5,1500.0,116.255235,0.0,10
2063.9223,0.666667,0.0,0.0,0.0,3858.373703,0.0,0.0,0.0,0.166667,2,0,4000.0,5696.695114,0.0,6
1615.724155,1.0,673.74,484.46,189.28,624.03835,1.0,0.333333,0.75,0.416667,12,18,2000.0,785.833719,0.0,12
348.321822,1.0,0.0,0.0,0.0,178.138151,0.0,0.0,0.0,0.181818,2,0,500.0,142.741177,0.0,11
992.724168,1.0,527.88,0.0,527.88,1677.055839,1.0,0.0,0.916667,0.166667,2,12,2000.0,2997.714455,0.0,12
5.170635,0.545455,367.95,0.0,367.95,0.0,0.916667,0.0,0.916667,0.0,0,11,1000.0,400.457139,0.125,12
1361.815512,1.0,1309.72,1106.81,202.91,814.086208,0.916667,0.75,0.916667,0.75,9,53,1700.0,1668.192483,0.0,12
1186.276559,1.0,391.67,391.67,0.0,0.0,0.5,0.5,0.0,0.0,0,8,1200.0,488.194864,0.0,12
2966.412112,1.0,1473.26,0.0,1473.26,979.388828,1.0,0.0,1.0,0.166667,2,20,3500.0,1464.911757,0.0,12
1910.793773,1.0,2754.09,40.0,2714.09,0.0,1.0,0.083333,1.0,0.0,0,122,5000.0,613.246821,0.0,12
1175.065336,1.0,2707.46,2468.96,238.5,323.014918,0.75,0.666667,0.333333,0.166667,2,29,1700.0,2288.300302,0.083333,12
378.320894,1.0,315.02,0.0,315.02,0.0,1.0,0.0,1.0,0.0,0,20,1500.0,206.090316,0.0,12
1492.443188,1.0,1777.27,0.0,1777.27,0.0,0.916667,0.0,0.833333,0.0,0,19,5000.0,1969.412866,0.0,12
434.393219,1.0,343.5,343.5,0.0,949.910781,0.166667,0.166667,0.0,0.166667,5,2,1700.0,504.635307,0.0,12
11.673388,0.272727,76.0,76.0,0.0,0.0,0.083333,0.083333,0.0,0.0,0,1,4000.0,447.312571,0.0,12
1.063114,0.090909,20.74,0.0,20.74,0.0,0.166667,0.0,0.166667,0.0,0,2,1500.0,168.489938,0.0,12
12.169653,1.0,187.32,0.0,187.32,0.0,1.0,0.0,1.0,0.0,0,12,2000.0,182.885361,1.0,12
738.067431,1.0,752.97,752.97,0.0,0.0,0.666667,0.666667,0.0,0.0,0,11,2500.0,1393.051729,0.0,12
77.285458,1.0,495.0,0.0,495.0,0.0,1.0,0.0,0.916667,0.0,0,12,1500.0,416.913773,0.181818,12
1434.836893,1.0,413.16,413.16,0.0,3005.365682,0.416667,0.416667,0.0,0.166667,6,10,3500.0,3716.5426,0.083333,12
1247.905033,1.0,553.67,0.0,553.67,0.0,0.916667,0.0,0.916667,0.0,0,11,1200.0,1927.232575,0.083333,12
88.35088,1.0,697.91,477.91,220.0,0.0,1.0,1.0,0.416667,0.0,0,31,5000.0,646.026876,0.25,12
252.174753,1.0,411.01,411.01,0.0,0.0,0.833333,0.833333,0.0,0.0,0,28,1000.0,459.467285,0.0,12
1516.44717,1.0,0.0,0.0,0.0,2817.911587,0.0,0.0,0.0,0.142857,1,0,6000.0,4161.937341,0.285714,7
3374.66122,1.0,0.0,0.0,0.0,1154.99477,0.0,0.0,0.0,0.333333,7,0,4000.0,913.221146,0.0,12
1865.008929,1.0,0.0,0.0,0.0,2087.392116,0.0,0.0,0.0,0.25,3,0,2500.0,2709.693363,0.083333,12
2413.719637,1.0,0.0,0.0,0.0,905.709193,0.0,0.0,0.0,0.083333,5,0,2500.0,626.891685,0.0,12
411.27629,1.0,1524.65,1153.52,371.13,0.0,1.0,0.583333,1.0,0.0,0,51,900.0,626.104114,0.083333,12
97.281118,0.818182,3091.75,1456.8,1634.95,0.0,1.0,0.416667,1.0,0.0,0,48,3000.0,3424.057988,0.636364,12
568.222966,1.0,140.03,140.03,0.0,0.0,0.083333,0.083333,0.0,0.0,0,4,1200.0,203.362743,0.0,12
2773.411911,1.0,418.68,0.0,418.68,2260.076139,1.0,0.0,1.0,0.666667,14,31,3000.0,2027.44214,0.0,12
294.720216,1.0,1880.0,0.0,1880.0,0.0,1.0,0.0,0.833333,0.0,0,6,1000.0,1479.018473,1.0,6
1619.001848,0.363636,0.0,0.0,0.0,4892.793928,0.0,0.0,0.0,0.181818,3,0,5000.0,368.653175,0.0,11
197.159684,1.0,0.0,0.0,0.0,351.023706,0.0,0.0,0.0,0.25,2,0,1000.0,373.550284,0.0,8
954.617658,1.0,0.0,0.0,0.0,808.545456,0.0,0.0,0.0,0.333333,4,0,2000.0,228.635319,0.0,12
44.935526,1.0,401.06,0.0,401.06,0.0,0.916667,0.0,0.916667,0.0,0,11,1000.0,441.438423,0.4,12
28.497217,1.0,258.91,0.0,258.91,0.0,1.0,0.0,1.0,0.0,0,21,5000.0,247.067092,0.75,12
7114.235621,1.0,1072.24,1000.0,72.24,2088.213086,0.666667,0.083333,0.583333,0.25,7,9,10000.0,1837.750949,0.0,12
1007.440908,1.0,430.54,0.0,430.54,687.666124,1.0,0.0,1.0,0.166667,2,21,4000.0,1526.508633,0.0,12
2471.904646,1.0,1590.58,1590.58,0.0,283.730479,0.583333,0.583333,0.0,0.166667,2,35,6500.0,813.995856,0.0,12
733.100601,0.714286,0.0,0.0,0.0,1588.05231,0.0,0.0,0.0,0.428571,4,0,1500.0,582.050862,0.0,7
1159.619047,0.909091,0.0,0.0,0.0,73.699863,0.0,0.0,0.0,0.090909,1,0,1200.0,192.970203,0.0,11
1818.933435,1.0,0.0,0.0,0.0,1566.811923,0.0,0.0,0.0,0.333333,11,0,2000.0,805.588424,0.0,12
90.582466,1.0,809.79,0.0,809.79,0.0,1.0,0.0,1.0,0.0,0,44,2700.0,766.101615,0.916667,12
1819.444477,1.0,0.0,0.0,0.0,197.334971,0.0,0.0,0.0,0.333333,4,0,2500.0,572.900672,0.0,12
28.832982,0.9,266.58,0.0,266.58,0.0,0.9,0.0,0.8,0.0,0,18,1500.0,223.918762,0.75,10
7.833571,0.181818,92.24,0.0,92.24,0.0,0.166667,0.0,0.166667,0.0,0,2,1500.0,484.14452,0.5,12
433.075331,1.0,750.0,0.0,750.0,0.0,1.0,0.0,0.916667,0.0,0,12,1500.0,719.974026,0.0,12
45.82108,0.181818,632.0,0.0,632.0,0.0,0.166667,0.0,0.166667,0.0,0,2,4000.0,3746.417043,1.0,12
2724.169852,1.0,49.0,49.0,0.0,189.855977,0.083333,0.083333,0.0,0.083333,1,1,3000.0,558.687221,0.0,12
83.030075,1.0,2298.89,567.55,1731.34,0.0,0.916667,0.166667,0.833333,0.0,0,22,1000.0,2034.589917,1.0,12
1008.494418,1.0,639.7,0.0,639.7,0.0,1.0,0.0,1.0,0.0,0,32,1000.0,862.819773,0.0,12
1688.247199,1.0,1937.64,928.18,1009.46,967.811335,0.818182,0.454545,0.545455,0.454545,16,22,2500.0,745.063871,0.0,11
608.300379,1.0,0.0,0.0,0.0,27.107553,0.0,0.0,0.0,0.083333,1,0,1700.0,204.950565,0.0,12
211.865308,0.909091,2505.3,0.0,2505.3,0.0,0.833333,0.0,0.833333,0.0,0,20,3800.0,2944.674292,1.0,12
454.181676,1.0,1361.65,1361.65,0.0,0.0,0.25,0.25,0.0,0.0,0,9,4000.0,1643.948056,0.166667,12
2646.022772,1.0,1541.13,487.0,1054.13,1234.504809,0.916667,0.25,0.833333,0.333333,6,17,4000.0,600.203047,0.0,12
332.697638,1.0,1080.0,555.0,525.0,0.0,0.5,0.083333,0.333333,0.0,0,6,2000.0,603.181053,0.0,12
489.488586,1.0,215.0,70.0,145.0,732.654518,0.333333,0.166667,0.083333,0.416667,10,5,700.0,881.801225,0.090909,12
312.197634,0.181818,0.0,0.0,0.0,5104.121726,0.0,0.0,0.0,0.181818,8,0,8000.0,0.0,0.0,11
205.421413,1.0,1174.98,0.0,1174.98,0.0,1.0,0.0,0.833333,0.0,0,6,1000.0,989.875292,0.5,6
3300.406797,1.0,459.0,170.0,289.0,3895.391723,0.666667,0.25,0.416667,0.416667,13,9,5000.0,1585.23765,0.0,12
5471.186593,0.777778,0.0,0.0,0.0,8411.998221,0.0,0.0,0.0,0.555556,10,0,9000.0,1281.454609,0.0,9
685.063917,1.0,0.0,0.0,0.0,110.795488,0.0,0.0,0.0,0.25,4,0,700.0,308.035273,0.0,12
467.439275,1.0,0.0,0.0,0.0,938.573177,0.0,0.0,0.0,0.333333,6,0,800.0,581.994796,0.0,12
722.404832,0.909091,0.0,0.0,0.0,1356.687002,0.0,0.0,0.0,0.333333,5,0,1500.0,215.857868,0.0,12
16.976117,0.454545,424.99,0.0,424.99,0.0,0.583333,0.0,0.5,0.0,0,7,5000.0,603.395705,0.5,12
275.240429,0.909091,0.0,0.0,0.0,610.08928,0.0,0.0,0.0,0.25,5,0,700.0,1186.237636,0.090909,12
666.247487,1.0,511.34,103.0,408.34,100.749379,0.833333,0.083333,0.833333,0.166667,4,12,700.0,1145.870591,0.0,12
20.594739,1.0,320.64,0.0,320.64,0.0,1.0,0.0,1.0,0.0,0,12,4000.0,273.840392,0.416667,12
300.012533,1.0,3286.41,2689.44,596.97,0.0,1.0,1.0,0.5,0.0,0,53,1400.0,3035.03764,0.545455,12
45.905486,1.0,398.4,0.0,398.4,0.0,1.0,0.0,1.0,0.0,0,12,4000.0,403.594309,0.916667,12
3377.632916,1.0,0.0,0.0,0.0,1241.559904,0.0,0.0,0.0,0.083333,2,0,5000.0,1028.191288,0.0,12
25.407311,1.0,504.96,0.0,504.96,0.0,1.0,0.0,1.0,0.0,0,48,3000.0,464.099225,0.916667,12
504.127471,0.909091,0.0,0.0,0.0,18.042768,0.0,0.0,0.0,0.083333,1,0,1200.0,1383.846999,0.1,12
2270.623981,1.0,1200.0,1200.0,0.0,2629.671395,0.083333,0.083333,0.0,0.333333,9,1,3000.0,967.527752,0.0,12
2230.689402,1.0,0.0,0.0,0.0,2393.464326,0.0,0.0,0.0,0.166667,4,0,2500.0,458.73255,0.0,12
30.217276,0.636364,332.5,0.0,332.5,0.0,0.583333,0.0,0.5,0.0,0,8,3000.0,262.580865,0.416667,12
2741.024256,1.0,0.0,0.0,0.0,36.741165,0.0,0.0,0.0,0.083333,2,0,3000.0,542.317437,0.0,12
124.58001,0.818182,1302.02,0.0,1302.02,0.0,0.75,0.0,0.75,0.0,0,9,3000.0,1737.687605,0.555556,12
1.695294,0.090909,9.87,0.0,9.87,0.0,0.083333,0.0,0.083333,0.0,0,1,5000.0,151.732627,0.5,12
349.788099,1.0,400.6,400.6,0.0,0.0,0.416667,0.416667,0.0,0.0,0,6,450.0,308.109946,0.0,12
16.388956,0.272727,68.88,0.0,68.88,0.0,0.166667,0.0,0.166667,0.0,0,2,3000.0,639.609691,0.0,12
1551.842759,1.0,0.0,0.0,0.0,681.2559,0.0,0.0,0.0,0.083333,2,0,1800.0,522.486041,0.0,12
0.407093,0.090909,49.0,49.0,0.0,0.0,0.083333,0.083333,0.0,0.0,0,1,3000.0,0.0,0.0,12
68.045739,0.909091,501.85,0.0,501.85,0.0,1.0,0.0,1.0,0.0,0,31,1200.0,531.541585,0.181818,12
7081.171387,1.0,0.0,0.0,0.0,26194.04954,0.0,0.0,0.0,0.909091,69,0,9000.0,20191.3077,0.222222,11
211.35235,1.0,267.34,0.0,267.34,0.0,1.0,0.0,1.0,0.0,0,22,4000.0,153.812692,0.0,12
1.533981,0.545455,141.56,0.0,141.56,0.0,0.5,0.0,0.5,0.0,0,6,4000.0,248.103302,1.0,12
827.00042,1.0,0.0,0.0,0.0,965.526999,0.0,0.0,0.0,0.25,20,0,1000.0,333.441983,0.0,12
3495.735827,1.0,0.0,0.0,0.0,9413.199416,0.0,0.0,0.0,0.5,8,0,5000.0,9960.882548,0.083333,12
1571.218695,1.0,375.24,375.24,0.0,1093.862642,0.7,0.7,0.0,0.4,9,8,1700.0,824.975105,0.0,10
180.238427,1.0,2749.92,0.0,2749.92,0.0,1.0,0.0,1.0,0.0,0,12,500.0,2723.611325,0.083333,12
21.87058,0.636364,405.0,255.0,150.0,0.0,0.333333,0.083333,0.25,0.0,0,7,4000.0,414.423817,0.0,12
20.599719,0.818182,423.62,0.0,423.62,0.0,0.75,0.0,0.666667,0.0,0,16,2500.0,452.606219,0.714286,12
1979.782537,1.0,1687.62,1396.32,291.3,1418.626391,0.916667,0.666667,0.75,0.333333,6,31,3200.0,864.07868,0.0,12
208.581872,1.0,2608.02,2155.67,452.35,0.0,1.0,1.0,0.416667,0.0,0,51,3500.0,2625.80225,0.916667,12
2041.527181,1.0,94.16,0.0,94.16,972.530598,0.083333,0.0,0.083333,0.416667,12,1,2500.0,1073.025534,0.0,12
786.158276,1.0,679.24,100.0,579.24,890.644405,1.0,0.083333,0.916667,0.25,8,13,1000.0,1653.190684,0.090909,12
3.019634,0.25,45.6,0.0,45.6,0.0,0.25,0.0,0.25,0.0,0,2,1600.0,73.212859,0.0,8
31.552814,0.545455,1428.02,509.0,919.02,0.0,1.0,0.25,1.0,0.0,0,37,1500.0,1137.556503,0.0,12
37.550351,1.0,633.24,0.0,633.24,0.0,1.0,0.0,1.0,0.0,0,12,4000.0,588.246987,0.416667,12
717.764625,1.0,3358.25,3358.25,0.0,0.0,1.0,1.0,0.0,0.0,0,127,4000.0,2370.592652,0.0,12
95.08385,0.818182,817.66,0.0,817.66,0.0,0.833333,0.0,0.75,0.0,0,10,2500.0,761.008544,0.375,12
2.911999,1.0,347.55,0.0,347.55,0.0,0.25,0.0,0.25,0.0,0,3,5000.0,386.639613,0.0,12
0.570113,0.090909,29.0,29.0,0.0,0.0,0.083333,0.083333,0.0,0.0,0,1,2500.0,319.172687,0.0,12
143.50998,1.0,549.17,0.0,549.17,0.0,0.75,0.0,0.666667,0.0,0,22,1500.0,285.145558,0.0,12
1587.706693,1.0,450.0,0.0,450.0,270.92481,0.5,0.0,0.5,0.25,4,6,1800.0,600.299728,0.0,12
2246.21264,1.0,0.0,0.0,0.0,2561.494053,0.0,0.0,0.0,0.285714,4,0,4500.0,434.927101,0.0,7
3395.090243,1.0,0.0,0.0,0.0,9071.14623,0.0,0.0,0.0,0.166667,5,0,9000.0,9483.800873,0.166667,12
16.834929,0.454545,15.0,15.0,0.0,209.025389,0.090909,0.090909,0.0,0.090909,1,1,7500.0,430.213001,0.0,11
1205.235951,1.0,413.23,331.87,81.36,0.0,1.0,0.75,0.625,0.0,0,19,1200.0,476.38169,0.0,8
1354.623473,1.0,495.43,495.43,0.0,453.244036,0.75,0.75,0.0,0.5,8,13,2000.0,280.31102,0.0,12
1923.696463,0.727273,527.6,0.0,527.6,5326.343132,0.25,0.0,0.25,0.416667,48,25,5000.0,2999.461289,0.0,12
0.0,0.0,30.98,0.0,30.98,0.0,0.166667,0.0,0.166667,0.0,0,2,4000.0,63.582004,0.090909,12
1610.489628,1.0,0.0,0.0,0.0,811.491192,0.0,0.0,0.0,0.25,3,0,2000.0,383.426341,0.0,12
448.426181,1.0,0.0,0.0,0.0,1158.133733,0.0,0.0,0.0,0.166667,3,0,1400.0,1956.051348,0.083333,12
2455.423773,1.0,2695.07,227.97,2467.1,1440.078629,0.833333,0.166667,0.75,0.333333,6,22,3000.0,2963.914089,0.0,12
1237.897608,1.0,403.38,403.38,0.0,1593.700723,0.333333,0.333333,0.0,0.25,11,4,1500.0,2291.077923,0.0,12
1.344661,0.181818,785.9,0.0,785.9,0.0,1.0,0.0,1.0,0.0,0,20,3000.0,789.264325,0.0,12
1592.017292,1.0,372.09,372.09,0.0,0.0,0.166667,0.166667,0.0,0.0,0,10,4000.0,389.29309,0.0,12
264.103675,0.818182,3568.21,2336.41,1231.8,0.0,0.75,0.666667,0.583333,0.0,0,60,1500.0,4210.212171,1.0,12
1096.517209,0.833333,0.0,0.0,0.0,2408.490506,0.0,0.0,0.0,0.666667,6,0,2000.0,822.741522,0.0,6
1099.221912,1.0,155.8,155.8,0.0,578.660857,0.083333,0.083333,0.0,0.166667,4,2,1200.0,875.977859,0.0,12
1775.884148,1.0,0.0,0.0,0.0,2444.627773,0.0,0.0,0.0,0.333333,14,0,2500.0,399.8626,0.0,12
6482.798242,1.0,0.0,0.0,0.0,706.910571,0.0,0.0,0.0,0.083333,2,0,7500.0,4630.593136,0.0,12
3015.25965,1.0,0.0,0.0,0.0,4715.033095,0.0,0.0,0.0,0.416667,11,0,6000.0,2234.914332,0.0,12
2722.532415,1.0,0.0,0.0,0.0,2946.839566,0.0,0.0,0.0,0.083333,1,0,3000.0,743.715499,0.0,12
33.585586,1.0,298.2,0.0,298.2,0.0,1.0,0.0,1.0,0.0,0,12,4000.0,299.548557,1.0,12
4486.637152,1.0,1712.75,1712.75,0.0,13665.03207,0.25,0.25,0.0,0.75,15,4,9500.0,10105.48672,0.0,12
162.580388,1.0,1403.42,153.5,1249.92,0.0,1.0,0.166667,0.916667,0.0,0,16,2500.0,1045.177657,0.1,12
50.926002,1.0,165.97,0.0,165.97,0.0,0.583333,0.0,0.5,0.0,0,7,1500.0,119.24583,0.0,12
16.727286,0.888889,174.46,0.0,174.46,0.0,0.888889,0.0,0.666667,0.0,0,8,1500.0,142.694823,0.333333,9
706.182752,1.0,3304.27,802.8,2501.47,0.0,0.916667,0.25,0.833333,0.0,0,30,4000.0,2863.455277,0.25,12
2272.494247,1.0,614.37,435.37,179.0,2072.631184,0.75,0.333333,0.416667,0.166667,5,23,2500.0,617.216175,0.0,12
23.981951,0.454545,1934.16,1934.16,0.0,0.0,0.416667,0.416667,0.0,0.0,0,6,2500.0,3721.903965,1.0,12
987.102704,1.0,66.5,66.5,0.0,770.310099,0.083333,0.083333,0.0,0.083333,1,1,2500.0,284.964748,0.0,12
267.908144,0.909091,30.0,30.0,0.0,117.579435,0.090909,0.090909,0.0,0.454545,5,1,300.0,198.682086,0.0,11
25.474414,0.818182,240.0,0.0,240.0,0.0,1.0,0.0,1.0,0.0,0,12,2000.0,188.072777,0.222222,12
130.678469,0.545455,1480.76,1480.76,0.0,0.0,0.333333,0.333333,0.0,0.0,0,19,1000.0,2441.727849,1.0,12
465.86405,0.909091,0.0,0.0,0.0,895.874898,0.0,0.0,0.0,0.5,19,0,1000.0,643.394901,0.0,12
56.748977,1.0,470.38,365.38,105.0,0.0,1.0,0.916667,0.416667,0.0,0,18,4500.0,514.48579,0.0,12
8.415931,0.545455,136.36,0.0,136.36,0.0,0.333333,0.0,0.25,0.0,0,5,1000.0,333.700979,0.5,12
64.937308,0.636364,442.03,209.0,233.03,0.0,0.583333,0.083333,0.5,0.0,0,8,1200.0,149.634213,0.0,12
821.011673,1.0,399.99,399.99,0.0,0.0,0.083333,0.083333,0.0,0.0,0,2,2500.0,1140.142325,0.0,12
50.004286,1.0,341.14,0.0,341.14,0.0,1.0,0.0,1.0,0.0,0,23,3000.0,231.514712,0.0,12
898.429424,1.0,495.7,495.7,0.0,1526.89916,0.5,0.5,0.0,0.625,23,4,1200.0,1477.267198,0.0,8
3179.056936,1.0,4407.78,3191.23,1216.55,0.0,1.0,0.25,0.916667,0.0,0,29,9000.0,1257.677615,0.0,12
1322.64748,1.0,799.92,0.0,799.92,0.0,1.0,0.0,1.0,0.0,0,20,1000.0,469.485706,0.0,12
12.472571,0.727273,87.67,87.67,0.0,0.0,0.083333,0.083333,0.0,0.0,0,5,2000.0,123.304221,0.0,12
1364.897308,1.0,0.0,0.0,0.0,1129.837811,0.0,0.0,0.0,0.166667,6,0,1500.0,365.272698,0.0,12
2572.293007,1.0,0.0,0.0,0.0,3585.959553,0.0,0.0,0.0,0.333333,6,0,3000.0,1364.325644,0.0,12
416.729679,0.909091,1243.04,1153.34,89.7,0.0,0.75,0.583333,0.25,0.0,0,22,3500.0,2257.677587,0.3,12
508.164075,1.0,57.0,57.0,0.0,360.728419,0.166667,0.166667,0.0,0.583333,8,2,600.0,576.386562,0.0,12
6.525943,0.285714,290.5,0.0,290.5,0.0,1.0,0.0,0.857143,0.0,0,7,2000.0,474.469741,0.0,7
376.997522,1.0,0.0,0.0,0.0,928.598154,0.0,0.0,0.0,0.166667,3,0,1000.0,1008.342761,0.0,12
134.299115,0.909091,1059.18,0.0,1059.18,0.0,0.833333,0.0,0.833333,0.0,0,10,4000.0,1201.538972,0.727273,12
3.483716,0.272727,98.81,0.0,98.81,0.0,0.25,0.0,0.25,0.0,0,3,3000.0,368.319582,1.0,12
1579.595049,1.0,35.0,35.0,0.0,0.0,0.083333,0.083333,0.0,0.0,0,1,1800.0,791.526478,0.0,12
1520.956418,1.0,450.67,0.0,450.67,0.0,0.916667,0.0,0.916667,0.0,0,11,1500.0,505.658258,0.0,12
664.911581,1.0,0.0,0.0,0.0,1158.897578,0.0,0.0,0.0,0.166667,2,0,1800.0,1977.246775,0.0,12
483.422715,1.0,1196.35,738.41,457.94,0.0,0.75,0.5,0.333333,0.0,0,17,5000.0,1789.757024,0.083333,12
179.825945,1.0,1212.66,347.61,865.05,456.612334,0.833333,0.25,0.75,0.083333,1,25,2500.0,1711.231409,0.272727,12
314.417629,0.833333,300.0,85.0,215.0,556.806033,0.833333,0.166667,0.666667,0.166667,2,11,1200.0,497.384901,0.25,6
427.642111,0.888889,0.0,0.0,0.0,2563.705644,0.0,0.0,0.0,0.888889,62,0,1200.0,2853.967334,0.5,9
1120.08097,1.0,0.0,0.0,0.0,1218.392345,0.0,0.0,0.0,0.25,7,0,2500.0,299.789938,0.0,12
772.338967,1.0,198.39,0.0,198.39,0.0,0.636364,0.0,0.636364,0.0,0,7,1000.0,63.876242,0.0,11
864.410501,0.9,0.0,0.0,0.0,1914.752895,0.0,0.0,0.0,0.1,1,0,2500.0,2290.455361,0.142857,10
65.915182,0.727273,840.0,0.0,840.0,0.0,0.666667,0.0,0.583333,0.0,0,8,1000.0,1014.023858,0.857143,12
518.894713,1.0,0.0,0.0,0.0,2166.099038,0.0,0.0,0.0,0.333333,3,0,1200.0,1361.199423,0.5,6
1006.592714,0.909091,1341.62,1341.62,0.0,0.0,0.363636,0.363636,0.0,0.0,0,186,1200.0,1444.198295,0.0,11
89.513525,0.909091,1452.41,764.0,688.41,0.0,0.916667,0.166667,0.833333,0.0,0,24,3000.0,1690.741787,1.0,12
448.808529,0.909091,0.0,0.0,0.0,667.057963,0.0,0.0,0.0,0.083333,1,0,4000.0,651.33864,0.0,12
1845.623354,1.0,480.9,399.62,81.28,1898.921039,0.5,0.166667,0.333333,0.5,27,9,3000.0,1351.296989,0.0,12
4.326857,0.545455,100.12,0.0,100.12,0.0,0.75,0.0,0.666667,0.0,0,9,4000.0,123.485948,0.3,12
124.292939,1.0,155.0,155.0,0.0,812.350168,0.1,0.1,0.0,0.5,5,1,2500.0,1374.631056,0.1,10
18.180646,1.0,220.06,0.0,220.06,0.0,1.0,0.0,1.0,0.0,0,12,1000.0,217.276088,0.7,12
1623.723148,1.0,1283.16,0.0,1283.16,274.532868,1.0,0.0,1.0,0.166667,2,36,1700.0,1047.305005,0.0,12
1502.000147,1.0,0.0,0.0,0.0,38.652502,0.0,0.0,0.0,0.166667,2,0,1500.0,277.216226,0.0,12
106.894095,0.909091,62.73,0.0,62.73,0.0,0.272727,0.0,0.181818,0.0,0,3,5000.0,540.130507,0.272727,11
865.161494,1.0,857.8,362.33,495.47,0.0,1.0,0.583333,1.0,0.0,0,37,1200.0,1152.9477,0.0,12
1.199105,0.272727,20.0,20.0,0.0,0.0,0.083333,0.083333,0.0,0.0,0,1,500.0,182.462948,0.0,12
342.76107,1.0,20.0,20.0,0.0,148.074839,0.083333,0.083333,0.0,0.25,3,1,500.0,507.859879,0.0,12
153.027262,1.0,1455.78,631.63,824.15,0.0,1.0,0.916667,0.916667,0.0,0,32,1500.0,1057.971559,0.916667,12
1295.87959,1.0,184.27,1.0,183.27,906.848796,0.333333,0.083333,0.166667,0.333333,7,10,2000.0,296.068191,0.0,12
360.671491,1.0,3956.64,0.0,3956.64,148.682192,1.0,0.0,1.0,0.083333,1,12,4500.0,4013.483114,0.25,12
2.571837,0.1,99.0,0.0,99.0,0.0,0.2,0.0,0.2,0.0,0,2,2500.0,45.168124,0.0,10
2202.376446,1.0,0.0,0.0,0.0,1701.905324,0.0,0.0,0.0,0.166667,11,0,6000.0,512.773385,0.0,12
82.470475,0.545455,282.75,0.0,282.75,0.0,0.25,0.0,0.25,0.0,0,3,1000.0,563.922891,0.0,12
1109.84819,1.0,261.56,182.37,79.19,1192.668467,0.416667,0.333333,0.166667,0.166667,8,8,1200.0,572.817257,0.0,12
116.343256,1.0,38.0,0.0,38.0,0.0,0.333333,0.0,0.333333,0.0,0,4,1500.0,59.260669,0.0,12
482.671967,1.0,0.0,0.0,0.0,18.976859,0.0,0.0,0.0,0.083333,1,0,500.0,132.659676,0.0,12
3332.460521,1.0,1061.66,120.0,941.66,3820.451636,1.0,0.125,0.875,0.5,7,18,4500.0,1173.78064,0.0,8
13.353513,0.636364,717.95,717.95,0.0,0.0,0.636364,0.636364,0.0,0.0,0,14,5500.0,864.238423,0.75,11
1648.217916,0.857143,250.0,0.0,250.0,1822.194082,0.571429,0.0,0.428571,0.142857,2,8,3000.0,249.96881,0.0,7
61.763018,1.0,35.3,0.0,35.3,0.0,0.25,0.0,0.25,0.0,0,3,1500.0,75.285164,0.0,12
722.855351,1.0,0.0,0.0,0.0,396.516695,0.0,0.0,0.0,0.166667,2,0,2500.0,187.058515,0.0,12
1836.565272,1.0,0.0,0.0,0.0,1265.552953,0.0,0.0,0.0,0.166667,5,0,2500.0,713.124426,0.0,12
4.115287,0.363636,60.0,0.0,60.0,0.0,0.333333,0.0,0.25,0.0,0,4,2500.0,109.888829,0.0,12
36.898142,0.909091,942.34,0.0,942.34,0.0,0.916667,0.0,0.916667,0.0,0,21,1500.0,1007.917726,0.666667,12
1366.778251,1.0,5065.83,4539.7,526.13,48.245421,1.0,1.0,0.666667,0.083333,1,69,1700.0,4366.758829,0.0,12
771.773362,1.0,750.0,250.0,500.0,0.0,0.333333,0.083333,0.25,0.0,0,5,4000.0,204.167996,0.0,12
2134.176153,1.0,4253.64,2666.32,1587.32,0.0,1.0,1.0,0.833333,0.0,0,69,7000.0,7486.403423,0.0,12
9.113909,1.0,106.56,0.0,106.56,0.0,1.0,0.0,1.0,0.0,0,12,3000.0,110.590507,0.909091,12
845.815387,1.0,37.5,0.0,37.5,0.0,0.083333,0.0,0.083333,0.0,0,1,1000.0,0.0,0.0,12
10856.48301,1.0,45.65,45.65,0.0,5096.886673,0.083333,0.083333,0.0,0.25,5,1,14500.0,2670.733732,0.0,12
352.58799,1.0,281.81,183.81,98.0,0.0,0.666667,0.416667,0.583333,0.0,0,15,1600.0,835.301657,0.083333,12
438.4161,1.0,673.68,0.0,673.68,0.0,1.0,0.0,1.0,0.0,0,12,1000.0,717.601973,0.0,12
1348.085189,1.0,0.0,0.0,0.0,1364.200415,0.0,0.0,0.0,0.25,6,0,3500.0,721.056957,0.0,12
219.885039,1.0,1857.17,1367.65,489.52,0.0,0.75,0.166667,0.583333,0.0,0,16,1800.0,630.186926,0.0,12
22.35378,0.181818,284.5,284.5,0.0,0.0,0.083333,0.083333,0.0,0.0,0,2,1000.0,1578.650857,0.0,12
25.201833,0.454545,609.01,0.0,609.01,0.0,1.0,0.0,1.0,0.0,0,50,3000.0,513.138281,0.181818,12
4617.891585,1.0,1973.0,108.0,1865.0,1817.470617,0.666667,0.166667,0.583333,0.416667,16,63,4500.0,2755.623951,0.0,12
1757.439933,0.833333,0.0,0.0,0.0,2408.007601,0.0,0.0,0.0,0.166667,6,0,2500.0,175.115831,0.0,6
1064.473728,1.0,0.0,0.0,0.0,904.682287,0.0,0.0,0.0,0.166667,6,0,1200.0,1769.702541,0.0,12
1420.656377,0.875,0.0,0.0,0.0,1773.769481,0.0,0.0,0.0,0.25,4,0,2500.0,316.465166,0.0,8
862.413024,1.0,108.0,0.0,108.0,925.602681,0.333333,0.0,0.333333,0.333333,10,4,1000.0,1151.18815,0.0,12
1061.570865,1.0,0.0,0.0,0.0,525.428754,0.0,0.0,0.0,0.166667,2,0,2500.0,417.214903,0.0,12
2.422926,0.363636,64.0,0.0,64.0,0.0,0.333333,0.0,0.333333,0.0,0,4,4000.0,151.901371,0.333333,12
0.0,0.0,147.0,0.0,147.0,0.0,1.0,0.0,1.0,0.0,0,12,2500.0,152.109132,0.0,12
1746.714825,1.0,0.0,0.0,0.0,113.673261,0.0,0.0,0.0,0.166667,2,0,1800.0,354.637009,0.0,12
52.278293,1.0,346.46,0.0,346.46,0.0,0.916667,0.0,0.833333,0.0,0,16,4000.0,203.562894,0.333333,12
4.448015,0.272727,71.81,0.0,71.81,0.0,0.25,0.0,0.25,0.0,0,3,3000.0,257.226631,1.0,12
858.880154,1.0,65.0,65.0,0.0,1054.41113,0.083333,0.083333,0.0,0.416667,6,1,3000.0,1288.141804,0.0,12
1034.332765,1.0,0.0,0.0,0.0,279.336255,0.0,0.0,0.0,0.25,6,0,1000.0,714.753968,0.0,12
68.156278,1.0,785.76,0.0,785.76,0.0,1.0,0.0,1.0,0.0,0,33,2000.0,708.743776,0.083333,12
3919.394766,1.0,467.06,467.06,0.0,11173.77587,0.333333,0.333333,0.0,0.5,15,6,8000.0,6854.447424,0.1,12
2339.4425,1.0,2941.53,1032.4,1909.13,0.0,1.0,0.5,1.0,0.0,0,86,3000.0,2055.656122,0.0,12
0.0,0.0,228.59,0.0,228.59,0.0,0.75,0.0,0.75,0.0,0,16,4000.0,545.756332,0.0,12
91.478145,0.636364,209.4,0.0,209.4,0.0,0.333333,0.0,0.333333,0.0,0,4,2000.0,431.612195,0.0,12
58.603273,0.181818,2080.51,2080.51,0.0,0.0,0.166667,0.166667,0.0,0.0,0,7,2500.0,1965.056445,0.0,12
38.475299,0.818182,61.8,0.0,61.8,0.0,0.333333,0.0,0.333333,0.0,0,4,1000.0,165.771479,0.0,12
477.903003,1.0,566.12,396.51,169.61,493.409789,0.333333,0.25,0.25,0.416667,7,12,1500.0,457.330803,0.0,12
1291.394861,1.0,778.12,289.86,488.26,0.0,1.0,0.25,0.916667,0.0,0,21,1200.0,853.446434,0.0,12
54.713751,0.909091,578.6,0.0,578.6,0.0,0.833333,0.0,0.75,0.0,0,10,2500.0,607.673138,0.333333,12
223.281483,1.0,4151.48,3113.59,1037.89,0.0,1.0,0.916667,1.0,0.0,0,92,3000.0,3450.614791,0.9,12
1641.801417,1.0,1192.18,328.21,863.97,1026.486577,1.0,0.083333,1.0,0.416667,8,19,2000.0,1739.401295,0.0,12
107.271213,1.0,726.42,0.0,726.42,0.0,0.833333,0.0,0.75,0.0,0,12,1000.0,744.715148,0.888889,12
99.040178,1.0,1100.0,0.0,1100.0,0.0,0.833333,0.0,0.833333,0.0,0,10,1000.0,1310.127669,0.727273,12
972.604156,1.0,0.0,0.0,0.0,803.573286,0.0,0.0,0.0,0.166667,2,0,1200.0,751.50856,0.0,12
357.593551,1.0,68.0,0.0,68.0,0.0,0.333333,0.0,0.333333,0.0,0,4,1500.0,243.400118,0.0,12
15.922218,1.0,300.0,0.0,300.0,0.0,1.0,0.0,1.0,0.0,0,12,2000.0,276.242239,0.0,12
53.090328,1.0,546.7,0.0,546.7,47.68994,0.833333,0.0,0.75,0.083333,1,14,2500.0,753.224953,0.454545,12
827.66215,1.0,965.0,890.0,75.0,0.0,0.333333,0.166667,0.166667,0.0,0,4,2000.0,748.605862,0.0,12
615.726189,0.666667,1317.34,1317.34,0.0,0.0,0.222222,0.222222,0.0,0.0,0,2,2500.0,328.995042,0.0,9
94.277559,0.818182,2290.0,0.0,2290.0,0.0,0.833333,0.0,0.833333,0.0,0,10,4500.0,2525.565248,0.0,12
1219.044349,1.0,0.0,0.0,0.0,927.862723,0.0,0.0,0.0,0.333333,15,0,2500.0,259.368165,0.0,12
16.707289,0.875,69.23,0.0,69.23,0.0,0.875,0.0,0.75,0.0,0,7,1500.0,43.829632,0.0,8
1361.203619,1.0,952.09,523.09,429.0,2749.569996,0.583333,0.166667,0.416667,0.333333,4,19,1500.0,4256.495061,0.083333,12
2194.238291,1.0,545.83,545.83,0.0,3222.211747,0.166667,0.166667,0.0,0.416667,7,2,8000.0,498.274938,0.0,12
445.146763,0.857143,2118.54,950.19,1168.35,203.910421,0.857143,0.714286,0.714286,0.285714,3,27,1000.0,1443.057787,0.4,7
32.726042,0.636364,303.51,303.51,0.0,0.0,0.333333,0.333333,0.0,0.0,0,5,1200.0,550.181692,0.666667,12
2896.14848,1.0,321.81,118.16,203.65,1925.397633,0.5,0.166667,0.25,0.333333,4,9,3500.0,599.84614,0.0,12
1630.431093,1.0,43.89,43.89,0.0,534.841135,0.083333,0.083333,0.0,0.083333,3,1,6000.0,3281.742636,0.0,12
1847.085007,1.0,1573.35,592.0,981.35,0.0,0.916667,0.416667,0.75,0.0,0,40,6000.0,575.443785,0.0,12
779.577168,0.454545,0.0,0.0,0.0,2757.126538,0.0,0.0,0.0,0.25,4,0,6000.0,9307.719055,0.2,12
76.631162,1.0,406.78,406.78,0.0,0.0,0.272727,0.272727,0.0,0.0,0,3,7500.0,593.46007,0.2,11
532.738123,1.0,5403.84,642.52,4761.32,0.0,1.0,1.0,1.0,0.0,0,85,7500.0,4908.599625,1.0,12
1060.630483,1.0,330.0,0.0,330.0,0.0,1.0,0.0,1.0,0.0,0,12,1000.0,588.576603,0.0,12
840.144184,1.0,2790.72,2156.94,633.78,0.0,1.0,1.0,0.666667,0.0,0,44,1000.0,2723.95421,0.083333,12
377.723728,1.0,4587.21,4558.29,28.92,0.0,1.0,1.0,0.083333,0.0,0,37,4500.0,4169.408064,1.0,12
84.442485,1.0,1515.73,837.57,678.16,0.0,0.916667,0.416667,0.5,0.0,0,17,2000.0,1421.806435,1.0,12
1145.052414,1.0,115.95,115.95,0.0,191.654534,0.083333,0.083333,0.0,0.083333,1,1,1500.0,1703.004051,0.083333,12
1109.606747,1.0,1625.95,1022.66,603.29,0.0,1.0,0.5,0.666667,0.0,0,28,3000.0,290.793658,0.0,12
8.68618,0.454545,55.72,0.0,55.72,0.0,0.416667,0.0,0.416667,0.0,0,5,1500.0,155.849599,0.333333,12
463.59969,1.0,811.11,811.11,0.0,234.763929,0.5,0.5,0.0,0.166667,2,11,500.0,990.743027,0.0,12
100.418706,0.909091,1021.13,0.0,1021.13,0.0,0.833333,0.0,0.833333,0.0,0,10,2000.0,1143.833292,1.0,12
1095.984736,1.0,374.53,374.53,0.0,1391.256381,0.5,0.5,0.0,0.416667,14,8,1200.0,2351.506776,0.083333,12
342.742855,1.0,3673.32,0.0,3673.32,0.0,1.0,0.0,1.0,0.0,0,12,4500.0,3353.963174,0.333333,12
645.406005,1.0,0.0,0.0,0.0,929.220085,0.0,0.0,0.0,0.333333,4,0,1000.0,193.013564,0.0,12
123.456942,1.0,1378.92,0.0,1378.92,0.0,1.0,0.0,1.0,0.0,0,12,2500.0,1313.596455,1.0,12
1492.606493,0.777778,0.0,0.0,0.0,2361.57578,0.0,0.0,0.0,0.555556,17,0,2500.0,543.321868,0.0,9
0.0,0.0,110.4,0.0,110.4,0.0,1.0,0.0,1.0,0.0,0,12,1000.0,0.0,0.0,12
230.565492,1.0,2092.44,0.0,2092.44,0.0,1.0,0.0,1.0,0.0,0,14,2000.0,1928.226431,0.916667,12
144.555083,0.363636,1352.1,1352.1,0.0,0.0,0.166667,0.166667,0.0,0.0,0,3,2500.0,656.758103,0.0,12
0.0,0.0,1027.92,0.0,1027.92,0.0,1.0,0.0,1.0,0.0,0,12,2500.0,1028.353304,0.0,12
968.188634,1.0,69.44,0.0,69.44,0.0,0.25,0.0,0.25,0.0,0,3,1000.0,251.875749,0.0,12
464.578589,1.0,0.0,0.0,0.0,502.58572,0.0,0.0,0.0,0.583333,12,0,500.0,667.531731,0.0,12
1659.190866,1.0,770.9,0.0,770.9,1191.521187,1.0,0.0,0.916667,0.083333,1,24,2500.0,58.892213,0.0,12
2936.43825,1.0,2177.32,1919.37,257.95,1935.422714,0.666667,0.416667,0.416667,0.416667,23,16,5000.0,1513.160603,0.0,12
2743.766025,1.0,150.0,150.0,0.0,1562.979881,0.083333,0.083333,0.0,0.416667,9,1,3500.0,623.036521,0.0,12
2900.907214,1.0,1189.36,819.32,370.04,1572.492719,0.666667,0.333333,0.333333,0.333333,7,20,6500.0,962.792486,0.0,12
785.704401,1.0,1059.82,899.82,160.0,2083.277724,0.666667,0.416667,0.25,0.5,11,10,3600.0,2380.838508,0.0,12
884.175745,1.0,266.56,89.9,176.66,365.489055,0.333333,0.083333,0.25,0.166667,3,6,1200.0,1094.557296,0.0,12
618.966003,1.0,4709.14,395.92,4313.22,0.0,1.0,0.166667,1.0,0.0,0,18,4500.0,4627.972313,0.083333,12
6.682815,0.363636,202.15,0.0,202.15,0.0,0.416667,0.0,0.416667,0.0,0,5,4000.0,554.377554,1.0,12
665.623904,0.636364,581.43,0.0,581.43,2158.502052,0.583333,0.0,0.5,0.083333,1,11,2500.0,593.859264,0.0,12
130.890211,0.363636,131.26,0.0,131.26,0.0,0.333333,0.0,0.333333,0.0,0,4,3000.0,763.568532,0.090909,12
2030.838228,1.0,3165.54,1591.65,1573.89,0.0,1.0,0.583333,1.0,0.0,0,151,6000.0,1872.134044,0.0,12
411.362969,1.0,10.79,0.0,10.79,0.0,0.166667,0.0,0.166667,0.0,0,1,1200.0,918.160924,0.0,12
1091.973832,1.0,0.0,0.0,0.0,77.349474,0.0,0.0,0.0,0.083333,1,0,1200.0,259.506889,0.0,12
77.32592,1.0,664.51,0.0,664.51,0.0,0.916667,0.0,0.833333,0.0,0,11,2500.0,623.532457,1.0,12
1131.503917,1.0,120.0,120.0,0.0,0.0,0.083333,0.083333,0.0,0.0,0,1,1200.0,352.210107,0.0,12
1723.887407,1.0,2598.91,1433.1,1165.81,695.211518,0.916667,0.583333,0.833333,0.166667,4,50,2500.0,3590.348857,0.083333,12
19.01482,0.454545,604.26,0.0,604.26,0.0,0.583333,0.0,0.583333,0.0,0,10,4000.0,754.866138,0.1,12
1337.287314,1.0,1662.41,1662.41,0.0,0.0,0.5,0.5,0.0,0.0,0,10,1500.0,1670.844026,0.0,12
26.531265,0.545455,373.39,0.0,373.39,0.0,0.636364,0.0,0.636364,0.0,0,7,3000.0,535.206387,1.0,11
955.588927,1.0,0.0,0.0,0.0,54.066975,0.0,0.0,0.0,0.166667,2,0,1000.0,196.542314,0.0,12
903.04158,1.0,350.0,350.0,0.0,0.0,0.090909,0.090909,0.0,0.0,0,2,1000.0,482.501636,0.0,11
218.004416,1.0,0.0,0.0,0.0,272.866274,0.0,0.0,0.0,0.083333,2,0,500.0,186.269591,0.0,12
328.943655,0.714286,0.0,0.0,0.0,746.311927,0.0,0.0,0.0,0.285714,2,0,1500.0,498.286059,0.0,7
607.880635,0.909091,0.0,0.0,0.0,2266.490818,0.0,0.0,0.0,0.25,3,0,1200.0,2379.418142,0.090909,12
589.8109,1.0,0.0,0.0,0.0,4397.346355,0.0,0.0,0.0,0.416667,13,0,2000.0,2705.910794,0.2,12
107.48717,0.090909,0.0,0.0,0.0,1391.262316,0.0,0.0,0.0,0.083333,5,0,1500.0,0.0,0.0,12
4749.435135,0.909091,0.0,0.0,0.0,5882.516718,0.0,0.0,0.0,0.727273,18,0,9000.0,1846.287674,0.0,11
14.097101,1.0,140.4,0.0,140.4,0.0,1.0,0.0,1.0,0.0,0,12,2500.0,168.311013,0.181818,12
11.332157,0.545455,136.08,136.08,0.0,0.0,0.333333,0.333333,0.0,0.0,0,4,1200.0,257.582031,0.666667,12
13.648487,0.636364,146.46,0.0,146.46,0.0,0.5,0.0,0.416667,0.0,0,6,4000.0,152.571678,0.428571,12
1086.853086,1.0,178.0,178.0,0.0,0.0,0.083333,0.083333,0.0,0.0,0,2,1200.0,346.565751,0.0,12
109.794839,1.0,259.28,167.0,92.28,0.0,1.0,0.083333,1.0,0.0,0,13,2500.0,168.86298,0.166667,12
183.28584,1.0,23.75,23.75,0.0,64.006247,0.083333,0.083333,0.0,0.083333,2,1,500.0,584.679478,0.083333,12
5262.745812,1.0,0.0,0.0,0.0,4117.515089,0.0,0.0,0.0,0.666667,12,0,6500.0,1224.872705,0.0,12
2925.584749,1.0,1066.56,0.0,1066.56,0.0,1.0,0.0,1.0,0.0,0,24,3000.0,1542.787313,0.0,12
1075.827234,1.0,342.65,0.0,342.65,614.082528,0.583333,0.0,0.5,0.25,9,7,1200.0,1145.26976,0.0,12
182.514528,1.0,157.67,0.0,157.67,214.94366,0.916667,0.0,0.916667,0.416667,6,11,1000.0,138.547392,0.0,12
1354.155365,1.0,50.0,50.0,0.0,627.630949,0.083333,0.083333,0.0,0.166667,8,1,3000.0,483.253247,0.0,12
666.010085,1.0,504.87,504.87,0.0,271.354588,0.166667,0.166667,0.0,0.083333,1,2,1000.0,631.927013,0.0,12
0.0,0.0,420.6,0.0,420.6,0.0,1.0,0.0,1.0,0.0,0,12,2000.0,382.21079,0.0,12
2912.281553,1.0,1228.07,0.0,1228.07,2784.294727,1.0,0.0,1.0,0.416667,10,111,5400.0,1305.296349,0.0,12
17.832004,0.272727,148.0,148.0,0.0,0.0,0.083333,0.083333,0.0,0.0,0,1,10500.0,117.223554,0.0,12
1381.080028,1.0,360.0,0.0,360.0,0.0,0.666667,0.0,0.666667,0.0,0,8,1000.0,115.649241,0.0,12
1009.483517,1.0,278.55,0.0,278.55,0.0,0.75,0.0,0.666667,0.0,0,14,1000.0,624.230027,0.0,12
465.003141,1.0,500.0,500.0,0.0,0.0,0.111111,0.111111,0.0,0.0,0,1,1000.0,109.818409,0.0,9
1735.597569,1.0,1591.11,1591.11,0.0,0.0,0.666667,0.666667,0.0,0.0,0,27,2700.0,485.135865,0.0,12
202.681879,1.0,312.5,312.5,0.0,170.577213,0.166667,0.166667,0.0,0.166667,2,3,500.0,188.382752,0.0,12
1544.621765,1.0,1534.12,26.5,1507.62,0.0,1.0,0.083333,1.0,0.0,0,42,2000.0,450.412929,0.0,12
733.760958,1.0,371.76,0.0,371.76,0.0,0.5,0.0,0.5,0.0,0,11,3000.0,701.251972,0.0,12
88.570138,1.0,535.83,0.0,535.83,0.0,1.0,0.0,1.0,0.0,0,29,2700.0,235.021379,0.090909,12
271.05166,0.909091,86.0,0.0,86.0,0.0,0.166667,0.0,0.166667,0.0,0,2,1000.0,442.141178,0.0,12
1113.396708,1.0,2701.58,2626.58,75.0,0.0,0.583333,0.5,0.083333,0.0,0,8,1500.0,2456.996431,0.0,12
144.621301,1.0,1584.49,461.77,1122.72,0.0,1.0,0.25,1.0,0.0,0,26,2000.0,1520.603882,0.833333,12
191.333253,1.0,637.19,168.54,468.65,0.0,1.0,0.25,1.0,0.0,0,37,2500.0,478.92389,0.0,12
1334.012141,1.0,0.0,0.0,0.0,152.353179,0.0,0.0,0.0,0.083333,1,0,1500.0,312.029134,0.0,12
25.192974,0.545455,764.64,0.0,764.64,0.0,1.0,0.0,1.0,0.0,0,12,4000.0,1074.956132,0.545455,12
0.19009,0.090909,267.0,0.0,267.0,0.0,1.0,0.0,1.0,0.0,0,12,4000.0,198.562574,0.0,12
1731.623546,1.0,0.0,0.0,0.0,4733.441645,0.0,0.0,0.0,0.166667,4,0,2500.0,4961.849482,0.166667,12
77.321718,1.0,278.44,0.0,278.44,0.0,1.0,0.0,1.0,0.0,0,18,2500.0,342.843624,0.0,12
134.961317,1.0,1432.66,644.67,787.99,0.0,1.0,0.416667,1.0,0.0,0,74,2000.0,1276.016501,0.666667,12
1017.982199,1.0,0.0,0.0,0.0,2247.107682,0.0,0.0,0.0,0.583333,14,0,1200.0,1582.856628,0.0,12
981.10306,1.0,240.0,0.0,240.0,0.0,1.0,0.0,1.0,0.0,0,12,1000.0,1777.96158,0.0,12
802.87844,1.0,3228.26,2766.92,461.34,0.0,1.0,0.583333,1.0,0.0,0,61,3000.0,630.245499,0.166667,12
1712.340703,1.0,1711.36,401.7,1309.66,0.0,1.0,0.25,1.0,0.0,0,17,3500.0,1389.388725,0.0,12
3178.011925,0.875,0.0,0.0,0.0,4754.93083,0.0,0.0,0.0,0.5,10,0,5000.0,522.525519,0.0,8
670.177406,0.818182,4562.69,4562.69,0.0,0.0,0.25,0.25,0.0,0.0,0,5,9000.0,5060.2174,0.0,12
257.564141,0.363636,2971.83,2971.83,0.0,0.0,0.333333,0.333333,0.0,0.0,0,21,6000.0,3946.991516,0.333333,12
2091.582046,1.0,179.23,0.0,179.23,2682.810269,0.416667,0.0,0.416667,0.25,14,5,6000.0,1152.07779,0.090909,12
80.545433,1.0,374.37,0.0,374.37,0.0,1.0,0.0,1.0,0.0,0,27,1500.0,249.78655,0.0,12
8.404256,0.857143,0.0,0.0,0.0,132.266653,0.0,0.0,0.0,0.285714,3,0,2500.0,206.851966,0.25,7
212.862735,1.0,262.24,0.0,262.24,0.0,1.0,0.0,1.0,0.0,0,44,1000.0,98.35911,0.0,12
3.164023,0.454545,51.73,0.0,51.73,0.0,0.416667,0.0,0.416667,0.0,0,5,4000.0,77.666427,0.0,12
405.194627,1.0,0.0,0.0,0.0,293.097125,0.0,0.0,0.0,0.083333,1,0,1500.0,1506.490213,0.083333,12
69.190177,1.0,431.52,0.0,431.52,0.0,1.0,0.0,1.0,0.0,0,12,2700.0,439.947272,0.333333,12
530.574252,1.0,5221.42,2202.78,3018.64,0.0,1.0,1.0,1.0,0.0,0,135,3000.0,4590.877822,0.583333,12
56.215217,1.0,402.13,0.0,402.13,0.0,1.0,0.0,1.0,0.0,0,40,1000.0,297.931037,0.666667,12
4444.817182,1.0,237.5,0.0,237.5,728.526785,0.428571,0.0,0.285714,0.285714,2,5,5500.0,794.282028,0.0,7
1075.185409,1.0,398.53,45.65,352.88,0.0,0.916667,0.083333,0.916667,0.0,0,12,1000.0,579.034578,0.0,12
20.639295,0.454545,464.64,0.0,464.64,0.0,1.0,0.0,1.0,0.0,0,12,3000.0,919.544492,0.545455,12
29.129725,0.909091,248.76,0.0,248.76,0.0,0.833333,0.0,0.833333,0.0,0,10,3200.0,283.254742,0.909091,12
205.123089,1.0,197.42,0.0,197.42,0.0,0.916667,0.0,0.916667,0.0,0,11,1500.0,145.046631,0.0,12
939.989584,1.0,0.0,0.0,0.0,56.443763,0.0,0.0,0.0,0.083333,2,0,1000.0,214.758351,0.0,12
0.0,0.0,10.89,0.0,10.89,0.0,0.083333,0.0,0.083333,0.0,0,1,4000.0,0.0,0.0,12
862.276499,1.0,174.84,0.0,174.84,276.675751,0.5,0.0,0.5,0.083333,1,6,1000.0,1407.393166,0.083333,12
184.212569,1.0,1292.76,653.76,639.0,0.0,1.0,1.0,0.666667,0.0,0,57,7500.0,1132.87395,0.5,12
1381.084668,1.0,162.56,0.0,162.56,186.248313,0.5,0.0,0.5,0.083333,1,6,3000.0,503.442436,0.0,12
216.64893,1.0,4606.71,3217.43,1389.28,0.0,1.0,0.4,0.7,0.0,0,22,2000.0,2251.966666,1.0,10
3322.674158,1.0,0.0,0.0,0.0,3221.755751,0.0,0.0,0.0,0.5,6,0,7000.0,771.741033,0.0,12
33.384649,0.909091,109.32,69.32,40.0,0.0,0.5,0.166667,0.25,0.0,0,6,1200.0,163.060103,0.0,12
188.132508,1.0,515.88,79.0,436.88,0.0,0.833333,0.083333,0.75,0.0,0,14,2700.0,601.729266,0.0,12
0.533581,0.545455,109.62,0.0,109.62,0.0,0.5,0.0,0.5,0.0,0,6,4000.0,177.666351,0.0,12
84.830501,0.636364,702.32,702.32,0.0,0.0,0.333333,0.333333,0.0,0.0,0,4,5000.0,991.050806,0.2,12
94.116597,0.909091,1041.5,125.0,916.5,0.0,0.833333,0.083333,0.75,0.0,0,14,2500.0,1010.8651,0.555556,12
490.16004,1.0,3530.93,2416.31,1114.62,0.0,1.0,0.75,0.666667,0.0,0,23,4000.0,2959.200535,0.0,12
1020.535366,1.0,205.54,205.54,0.0,0.0,0.166667,0.166667,0.0,0.0,0,3,1200.0,232.721106,0.0,12
1137.469948,1.0,1865.56,280.6,1584.96,157.80548,1.0,0.25,1.0,0.083333,3,62,1200.0,990.084482,0.0,12
0.0,0.0,136.8,0.0,136.8,0.0,1.0,0.0,1.0,0.0,0,12,2700.0,127.99655,0.0,12
42.375573,0.909091,150.56,0.0,150.56,0.0,0.5,0.0,0.5,0.0,0,6,4000.0,278.128216,0.1,12
30.044075,1.0,420.0,0.0,420.0,0.0,1.0,0.0,1.0,0.0,0,12,1500.0,415.969082,1.0,12
1333.252963,1.0,0.0,0.0,0.0,408.108731,0.0,0.0,0.0,0.272727,10,0,4000.0,627.520326,0.0,11
973.039129,1.0,964.2,294.7,669.5,0.0,0.75,0.416667,0.666667,0.0,0,21,1200.0,914.852845,0.0,12
41.550285,0.454545,421.6,312.85,108.75,0.0,0.333333,0.166667,0.166667,0.0,0,5,1000.0,303.472063,0.0,12
23.407282,0.111111,240.47,240.47,0.0,0.0,0.111111,0.111111,0.0,0.0,0,2,2500.0,0.0,0.0,9
413.936244,1.0,187.5,0.0,187.5,0.0,0.6,0.0,0.6,0.0,0,6,1000.0,141.526262,0.0,10
613.893503,1.0,2078.56,1693.5,385.06,0.0,0.916667,0.666667,0.666667,0.0,0,31,1800.0,1013.159567,0.0,12
1369.504264,1.0,1603.8,0.0,1603.8,0.0,1.0,0.0,1.0,0.0,0,12,1300.0,1591.602315,0.0,12
49.682373,1.0,412.32,0.0,412.32,0.0,1.0,0.0,1.0,0.0,0,12,4000.0,551.966425,0.083333,12
60.37904,0.5,712.0,712.0,0.0,0.0,0.2,0.2,0.0,0.0,0,4,7500.0,1134.962538,1.0,10
468.256151,1.0,55.0,55.0,0.0,54.149701,0.083333,0.083333,0.0,0.083333,2,1,500.0,246.584357,0.0,12
12.642164,0.272727,175.56,0.0,175.56,0.0,0.25,0.0,0.166667,0.0,0,3,1000.0,382.866599,0.0,12
35.074422,1.0,72.4,0.0,72.4,0.0,0.416667,0.0,0.416667,0.0,0,5,1500.0,134.808623,0.0,12
1410.226871,1.0,1680.91,114.0,1566.91,0.0,1.0,0.166667,1.0,0.0,0,43,4000.0,315.876873,0.0,12
17.838173,1.0,164.7,0.0,164.7,0.0,0.416667,0.0,0.333333,0.0,0,5,3000.0,182.462461,0.111111,12
81.364936,1.0,710.16,0.0,710.16,0.0,1.0,0.0,1.0,0.0,0,12,1000.0,688.322495,0.75,12
888.101401,1.0,100.0,0.0,100.0,896.57899,0.222222,0.0,0.111111,0.111111,2,2,1000.0,212.755352,0.0,9
3.744789,0.090909,78.33,0.0,78.33,0.0,0.083333,0.0,0.083333,0.0,0,1,1000.0,0.0,0.0,12
401.822565,1.0,518.23,116.23,402.0,0.0,0.5,0.166667,0.333333,0.0,0,8,1700.0,160.689352,0.0,12
14.017311,0.454545,327.8,0.0,327.8,0.0,0.416667,0.0,0.416667,0.0,0,5,1500.0,692.336439,0.8,12
54.58197,1.0,247.66,132.0,115.66,0.0,1.0,0.166667,1.0,0.0,0,16,1700.0,163.543097,0.0,12
15.523256,0.454545,0.0,0.0,0.0,357.184643,0.0,0.0,0.0,0.416667,12,0,500.0,213.153735,0.090909,12
1950.482518,1.0,0.0,0.0,0.0,2660.139985,0.0,0.0,0.0,0.333333,8,0,2500.0,3213.688818,0.083333,12
1747.492429,1.0,0.0,0.0,0.0,1769.875637,0.0,0.0,0.0,0.25,3,0,3000.0,450.697772,0.0,12
40.762516,0.636364,376.0,316.5,59.5,0.0,0.5,0.416667,0.083333,0.0,0,7,10000.0,369.351109,0.333333,12
1039.267052,0.909091,0.0,0.0,0.0,3172.729359,0.0,0.0,0.0,0.166667,3,0,3500.0,5240.282775,0.090909,12
0.0,0.0,247.44,0.0,247.44,0.0,1.0,0.0,1.0,0.0,0,12,1500.0,317.354396,0.0,12
13318.65912,1.0,3504.74,3266.29,238.45,1306.849608,0.636364,0.545455,0.272727,0.181818,3,16,17500.0,2594.820938,0.0,11
5658.938986,1.0,111.54,111.54,0.0,3344.962624,0.083333,0.083333,0.0,0.333333,7,1,6500.0,1386.242232,0.0,12
341.901741,0.5,152.84,152.84,0.0,1008.117498,0.333333,0.333333,0.0,0.333333,9,3,1200.0,0.0,0.0,6
85.095626,1.0,1553.04,0.0,1553.04,0.0,0.916667,0.0,0.916667,0.0,0,20,2000.0,1654.909972,0.818182,12
933.05808,1.0,0.0,0.0,0.0,634.617283,0.0,0.0,0.0,0.416667,10,0,1000.0,827.275832,0.0,12
9.252573,0.454545,0.0,0.0,0.0,943.60879,0.0,0.0,0.0,0.083333,1,0,1200.0,949.846251,0.0,12
100.403989,1.0,790.0,0.0,790.0,0.0,1.0,0.0,0.916667,0.0,0,13,1000.0,573.971571,0.6,12
77.866345,0.545455,1403.34,0.0,1403.34,0.0,0.5,0.0,0.5,0.0,0,6,4000.0,1865.579842,0.636364,12
991.097892,1.0,180.0,0.0,180.0,0.0,0.5,0.0,0.5,0.0,0,6,1000.0,463.990395,0.0,12
6.692421,0.545455,333.42,0.0,333.42,0.0,0.583333,0.0,0.583333,0.0,0,12,4000.0,318.713472,0.0,12
22.161656,0.636364,1240.58,0.0,1240.58,0.0,0.666667,0.0,0.666667,0.0,0,15,1500.0,1817.791324,0.5,12
15.281665,0.636364,124.25,0.0,124.25,0.0,0.583333,0.0,0.583333,0.0,0,7,4000.0,211.115274,0.285714,12
30.88047,0.363636,316.6,197.0,119.6,0.0,0.166667,0.083333,0.166667,0.0,0,5,1000.0,89.111879,0.0,12
151.467852,0.75,1554.52,1229.02,325.5,231.721336,0.75,0.75,0.625,0.125,1,27,1000.0,2224.113144,1.0,8
14.471941,1.0,120.0,0.0,120.0,0.0,1.0,0.0,1.0,0.0,0,12,3000.0,113.011493,0.0,12
17.734657,1.0,209.28,0.0,209.28,0.0,1.0,0.0,1.0,0.0,0,12,2700.0,142.453268,0.416667,12
1.931162,0.636364,152.72,0.0,152.72,0.0,0.666667,0.0,0.666667,0.0,0,8,2500.0,186.80842,0.285714,12
922.615452,1.0,45.65,45.65,0.0,0.0,0.083333,0.083333,0.0,0.0,0,1,1700.0,191.287802,0.0,12
822.579064,1.0,1188.24,0.0,1188.24,0.0,1.0,0.0,1.0,0.0,0,36,1000.0,1773.581187,0.0,12
233.755366,1.0,521.23,0.0,521.23,0.0,1.0,0.0,1.0,0.0,0,23,1000.0,312.157319,0.083333,12
1216.704733,0.727273,0.0,0.0,0.0,2902.295257,0.0,0.0,0.0,0.166667,2,0,3000.0,2345.798153,0.125,12
15.587005,0.545455,156.0,0.0,156.0,0.0,0.545455,0.0,0.545455,0.0,0,6,2000.0,168.726312,0.2,11
691.466157,1.0,549.96,0.0,549.96,0.0,1.0,0.0,1.0,0.0,0,12,1000.0,316.191025,0.0,12
1200.937942,0.833333,0.0,0.0,0.0,1981.157622,0.0,0.0,0.0,0.5,4,0,2000.0,152.106361,0.0,6
36.85818,0.909091,583.38,0.0,583.38,0.0,0.833333,0.0,0.833333,0.0,0,10,2500.0,687.609976,0.909091,12
3542.074874,1.0,884.98,0.0,884.98,4547.294728,1.0,0.0,0.833333,0.5,5,14,5000.0,958.998587,0.0,6
38.864992,0.818182,331.94,0.0,331.94,0.0,0.75,0.0,0.75,0.0,0,16,1500.0,369.269971,0.181818,12
0.0,0.0,631.2,0.0,631.2,0.0,1.0,0.0,1.0,0.0,0,12,4000.0,861.744611,0.0,12
27.254213,0.454545,316.3,316.3,0.0,0.0,0.166667,0.166667,0.0,0.0,0,2,2500.0,312.771691,0.1,12
2687.82033,1.0,167.6,102.6,65.0,2916.277862,0.333333,0.111111,0.222222,0.111111,6,5,3000.0,376.896208,0.0,9
16.024822,0.818182,113.44,0.0,113.44,0.0,0.666667,0.0,0.666667,0.0,0,8,3000.0,126.999931,0.111111,12
52.806957,1.0,266.68,0.0,266.68,0.0,0.333333,0.0,0.333333,0.0,0,4,2000.0,367.892428,0.5,12
110.983174,1.0,458.47,458.47,0.0,0.0,0.25,0.25,0.0,0.0,0,3,2000.0,414.618729,0.0,12
1969.737768,1.0,0.0,0.0,0.0,2410.842591,0.0,0.0,0.0,0.222222,33,0,2500.0,292.443409,0.0,9
187.536914,0.818182,530.04,0.0,530.04,0.0,0.583333,0.0,0.583333,0.0,0,7,2500.0,926.946047,0.0,12
834.642993,1.0,0.0,0.0,0.0,239.875612,0.0,0.0,0.0,0.333333,5,0,1000.0,1043.004155,0.0,12
613.814108,1.0,875.14,317.0,558.14,550.606961,0.833333,0.166667,0.75,0.25,4,28,1800.0,549.929401,0.0,12
3076.422342,1.0,329.36,0.0,329.36,2248.274005,0.166667,0.0,0.166667,0.5,10,3,3500.0,836.317805,0.0,12
0.147275,0.090909,66.78,0.0,66.78,0.0,0.083333,0.0,0.083333,0.0,0,1,4000.0,718.85487,0.0,12
33.078633,0.5,303.91,0.0,303.91,0.0,0.5,0.0,0.333333,0.0,0,4,1200.0,354.34847,1.0,6
413.091214,0.636364,0.0,0.0,0.0,1117.162764,0.0,0.0,0.0,0.083333,4,0,1200.0,258.891518,0.0,12
5.416921,0.545455,288.8,0.0,288.8,0.0,0.916667,0.0,0.833333,0.0,0,11,3000.0,254.443565,0.181818,12
35.120942,1.0,372.0,0.0,372.0,0.0,1.0,0.0,1.0,0.0,0,12,2700.0,361.050924,0.545455,12
196.626598,1.0,2017.11,1056.66,960.45,0.0,1.0,1.0,0.75,0.0,0,28,7500.0,1425.513446,1.0,12
1256.81927,1.0,1674.96,0.0,1674.96,0.0,1.0,0.0,1.0,0.0,0,12,1000.0,970.361646,0.0,12
251.144969,0.727273,88.51,88.51,0.0,1515.283623,0.25,0.25,0.0,0.416667,7,3,1200.0,1490.675716,0.166667,12
1718.885963,1.0,578.78,0.0,578.78,0.0,0.666667,0.0,0.666667,0.0,0,14,1000.0,294.153872,0.0,12
891.332656,1.0,411.25,411.25,0.0,0.0,0.333333,0.333333,0.0,0.0,0,4,1500.0,1043.13779,0.0,12
31.812848,0.636364,662.0,235.0,427.0,0.0,0.5,0.083333,0.416667,0.0,0,7,3500.0,955.231844,0.5,12
120.632505,0.636364,1310.2,1310.2,0.0,0.0,0.166667,0.166667,0.0,0.0,0,9,2500.0,576.034909,0.0,12
2162.267501,1.0,151.13,151.13,0.0,1005.55853,0.166667,0.166667,0.0,0.166667,3,3,2500.0,466.376831,0.0,12
15.740657,0.727273,72.0,72.0,0.0,0.0,0.25,0.25,0.0,0.0,0,5,1000.0,44.098703,0.0,12
0.004816,0.545455,51.7,0.0,51.7,0.0,0.25,0.0,0.25,0.0,0,3,3000.0,33.249088,0.0,12
449.733124,1.0,788.58,0.0,788.58,0.0,0.666667,0.0,0.666667,0.0,0,21,3000.0,419.35193,0.0,12
130.545845,1.0,1738.48,631.0,1107.48,0.0,1.0,0.083333,1.0,0.0,0,33,2000.0,1928.666446,0.75,12
2.117128,0.909091,99.96,0.0,99.96,0.0,1.0,0.0,1.0,0.0,0,12,3000.0,101.631113,0.125,12
1125.306541,1.0,703.05,703.05,0.0,0.0,0.25,0.25,0.0,0.0,0,9,1300.0,104.476763,0.0,8
1377.40225,1.0,180.0,180.0,0.0,348.436666,0.142857,0.142857,0.0,0.428571,3,1,1500.0,251.870405,0.0,7
59.020085,0.909091,58.7,0.0,58.7,0.0,0.166667,0.0,0.166667,0.0,0,2,1500.0,160.904963,0.0,12
337.269567,0.888889,2125.84,2025.26,100.58,144.207417,0.888889,0.888889,0.111111,0.333333,3,39,1200.0,1586.507333,0.2,9
15.978538,1.0,136.92,0.0,136.92,0.0,1.0,0.0,1.0,0.0,0,12,2500.0,132.182438,0.181818,12
0.0,0.0,140.4,0.0,140.4,0.0,1.0,0.0,1.0,0.0,0,12,2200.0,124.99276,0.0,12
372.14586,1.0,643.01,0.0,643.01,0.0,1.0,0.0,1.0,0.0,0,41,1500.0,124.958137,0.0,12
130.484418,0.454545,1428.97,1428.97,0.0,0.0,0.25,0.25,0.0,0.0,0,3,7000.0,1444.388031,0.0,12
5134.553859,1.0,2502.34,669.0,1833.34,0.0,0.833333,0.083333,0.833333,0.0,0,67,6000.0,528.134435,0.0,12
944.346242,1.0,195.0,0.0,195.0,126.612663,1.0,0.0,1.0,0.166667,3,12,1000.0,599.901843,0.0,12
1367.284172,1.0,542.33,280.04,262.29,1790.86019,0.857143,0.714286,0.428571,0.428571,5,12,1500.0,1067.078079,0.0,7
1418.899282,1.0,57.66,57.66,0.0,63.085612,0.25,0.25,0.0,0.25,3,3,1500.0,294.465506,0.0,12
390.077505,0.636364,1156.0,1156.0,0.0,0.0,0.083333,0.083333,0.0,0.0,0,2,10500.0,1704.470909,0.0,12
0.0,0.0,37.65,0.0,37.65,0.0,0.25,0.0,0.25,0.0,0,3,1500.0,0.0,0.0,12
17.765052,0.636364,0.0,0.0,0.0,112.476618,0.0,0.0,0.0,0.083333,1,0,2200.0,200.061869,0.25,12
81.170395,0.818182,626.5,0.0,626.5,0.0,0.583333,0.0,0.5,0.0,0,7,2500.0,445.640989,0.454545,12
1378.110585,1.0,0.0,0.0,0.0,192.997392,0.0,0.0,0.0,0.083333,1,0,2500.0,2673.832747,0.083333,12
110.428278,1.0,624.72,0.0,624.72,0.0,1.0,0.0,0.833333,0.0,0,6,1000.0,494.968169,1.0,6
435.490797,1.0,0.0,0.0,0.0,58.565665,0.0,0.0,0.0,0.083333,2,0,500.0,220.136035,0.0,12
676.771001,1.0,356.8,356.8,0.0,1213.388649,0.5,0.5,0.0,0.416667,13,15,1200.0,2042.747509,0.166667,12
1278.279881,1.0,15.0,15.0,0.0,0.0,0.083333,0.083333,0.0,0.0,0,1,1500.0,275.225729,0.0,12
111.539712,1.0,1364.86,0.0,1364.86,0.0,0.916667,0.0,0.833333,0.0,0,11,4000.0,1500.447193,0.2,12
13.61768,0.909091,396.0,0.0,396.0,0.0,1.0,0.0,1.0,0.0,0,12,3000.0,392.233211,0.818182,12
2935.397877,1.0,0.0,0.0,0.0,343.694226,0.0,0.0,0.0,0.333333,10,0,3000.0,949.675235,0.0,12
32.029579,0.727273,332.8,0.0,332.8,0.0,0.666667,0.0,0.666667,0.0,0,8,4000.0,485.225272,0.625,12
11.720573,0.727273,109.44,0.0,109.44,0.0,0.666667,0.0,0.666667,0.0,0,8,2500.0,149.743686,0.2,12
73.064932,1.0,221.52,0.0,221.52,0.0,1.0,0.0,1.0,0.0,0,12,1500.0,210.01408,0.0,12
262.528147,1.0,234.98,0.0,234.98,0.0,0.916667,0.0,0.833333,0.0,0,15,1700.0,95.32519,0.0,12
2731.663846,0.833333,0.0,0.0,0.0,5724.953197,0.0,0.0,0.0,0.333333,4,0,8000.0,574.931823,0.0,6
1004.441314,1.0,530.32,38.0,492.32,0.0,0.833333,0.083333,0.75,0.0,0,14,1000.0,737.914629,0.0,12
160.347859,1.0,0.0,0.0,0.0,36.943081,0.0,0.0,0.0,0.083333,1,0,500.0,407.588195,0.0,12
772.008306,1.0,0.0,0.0,0.0,1428.576393,0.0,0.0,0.0,0.083333,3,0,1500.0,981.286103,0.083333,12
0.0,0.0,271.56,0.0,271.56,0.0,1.0,0.0,1.0,0.0,0,12,2000.0,282.699746,0.0,12
1601.393425,1.0,190.0,190.0,0.0,18.638559,0.25,0.25,0.0,0.083333,1,6,1500.0,182.637387,0.0,12
3342.878215,0.818182,1368.7,1300.0,68.7,1594.327632,0.083333,0.083333,0.083333,0.083333,2,2,7500.0,9614.697558,0.111111,12
1321.645967,1.0,0.0,0.0,0.0,91.920629,0.0,0.0,0.0,0.083333,1,0,1500.0,317.384166,0.0,12
1079.462513,1.0,389.21,50.0,339.21,190.643054,0.916667,0.083333,0.916667,0.166667,2,12,1200.0,716.007476,0.0,12
1917.89573,1.0,285.07,285.07,0.0,6084.858872,0.363636,0.363636,0.0,1.090909,28,6,3000.0,5692.682993,0.0,11
870.802164,1.0,350.0,0.0,350.0,0.0,0.666667,0.0,0.666667,0.0,0,8,1200.0,213.014986,0.0,12
224.795583,1.0,240.74,0.0,240.74,0.0,0.666667,0.0,0.666667,0.0,0,9,1000.0,372.301242,0.0,12
8.80954,0.818182,114.0,0.0,114.0,0.0,0.666667,0.0,0.666667,0.0,0,8,4000.0,160.627029,0.428571,12
42.522715,0.818182,479.5,0.0,479.5,0.0,0.833333,0.0,0.833333,0.0,0,17,1000.0,585.31382,0.9,12
568.690902,1.0,103.68,103.68,0.0,455.053644,0.083333,0.083333,0.0,0.083333,1,4,7500.0,1555.880234,0.0,12
101.98974,1.0,1046.04,1046.04,0.0,0.0,0.916667,0.916667,0.0,0.0,0,11,1000.0,1139.660178,0.875,12
617.496041,1.0,521.64,0.0,521.64,0.0,1.0,0.0,1.0,0.0,0,12,1500.0,269.919412,0.0,12
118.918332,0.833333,1151.64,365.0,786.64,0.0,0.833333,0.166667,0.5,0.0,0,8,2000.0,891.287913,1.0,6
933.928303,1.0,0.0,0.0,0.0,570.718948,0.0,0.0,0.0,0.583333,19,0,2000.0,499.243053,0.0,12
1743.826099,1.0,1630.07,0.0,1630.07,0.0,1.0,0.0,1.0,0.0,0,59,1500.0,1072.8864,0.0,12
2.140583,0.363636,238.92,0.0,238.92,0.0,1.0,0.0,1.0,0.0,0,12,2500.0,186.27345,0.0,12
18.973831,0.272727,88.96,0.0,88.96,0.0,0.166667,0.0,0.166667,0.0,0,2,1500.0,824.602684,0.0,12
7.554365,1.0,88.56,0.0,88.56,0.0,1.0,0.0,0.916667,0.0,0,12,1500.0,68.855232,0.285714,12
1001.435526,1.0,0.0,0.0,0.0,1098.291504,0.0,0.0,0.0,0.142857,4,0,1200.0,174.569685,0.0,7
651.55986,1.0,599.55,599.55,0.0,0.0,0.333333,0.333333,0.0,0.0,0,5,1800.0,199.706361,0.0,12
97.299991,1.0,427.67,0.0,427.67,0.0,0.666667,0.0,0.666667,0.0,0,8,2500.0,557.777752,0.0,12
425.848048,1.0,0.0,0.0,0.0,697.854267,0.0,0.0,0.0,0.666667,11,0,500.0,327.627263,0.0,12
248.626137,1.0,2635.25,2635.25,0.0,0.0,1.0,1.0,0.0,0.0,0,17,5000.0,2425.107514,1.0,12
2046.306856,1.0,1942.39,1608.95,333.44,1488.710959,1.0,0.833333,0.666667,0.166667,4,26,4000.0,1400.972622,0.0,12
341.73986,0.454545,0.0,0.0,0.0,2584.241719,0.0,0.0,0.0,0.416667,24,0,3000.0,1921.884285,0.333333,12
2064.106212,1.0,0.0,0.0,0.0,1497.565331,0.0,0.0,0.0,0.166667,4,0,3000.0,543.902356,0.0,12
1127.633173,1.0,422.55,422.55,0.0,150.157754,0.333333,0.333333,0.0,0.083333,1,8,1200.0,167.203806,0.0,12
135.119023,1.0,222.0,0.0,222.0,0.0,1.0,0.0,1.0,0.0,0,12,1700.0,147.646263,0.0,12
1043.025044,1.0,576.0,0.0,576.0,48.874389,1.0,0.0,1.0,0.083333,1,24,1000.0,733.677722,0.0,12
512.915157,0.818182,1799.45,497.75,1301.7,76.417858,0.75,0.25,0.666667,0.25,3,28,1500.0,1023.384336,0.142857,12
33.100875,0.888889,277.47,0.0,277.47,0.0,0.666667,0.0,0.555556,0.0,0,9,1500.0,194.180564,0.142857,9
2676.253141,0.909091,0.0,0.0,0.0,2832.570661,0.0,0.0,0.0,0.083333,2,0,3000.0,0.0,0.0,12
0.0,0.0,123.1,0.0,123.1,0.0,0.75,0.0,0.75,0.0,0,9,4000.0,101.639354,0.0,12
213.434094,0.625,840.61,630.61,210.0,0.0,0.625,0.625,0.25,0.0,0,14,1200.0,233.334106,0.0,8
1988.595057,1.0,0.0,0.0,0.0,49.91246,0.0,0.0,0.0,0.083333,1,0,2000.0,485.111127,0.0,12
957.289879,0.818182,66.66,0.0,66.66,2531.717743,0.166667,0.0,0.083333,0.25,12,2,3000.0,196.163184,0.0,12
19.303914,0.727273,168.9,0.0,168.9,0.0,0.333333,0.0,0.333333,0.0,0,6,1000.0,345.350729,0.142857,12
1377.230621,1.0,0.0,0.0,0.0,1064.960986,0.0,0.0,0.0,0.25,4,0,2500.0,343.961283,0.0,12
2784.030599,1.0,1470.0,1021.73,448.27,3149.955535,1.0,0.636364,0.636364,0.636364,15,35,7000.0,745.850159,0.0,11
4.076145,0.454545,596.64,0.0,596.64,0.0,1.0,0.0,1.0,0.0,0,12,2000.0,311.59914,0.0,12
37.983045,0.545455,242.24,0.0,242.24,0.0,0.25,0.0,0.25,0.0,0,3,2000.0,662.417377,0.166667,12
0.0,0.0,152.28,0.0,152.28,0.0,1.0,0.0,1.0,0.0,0,12,4000.0,0.0,0.0,12
5.020473,0.181818,100.05,0.0,100.05,0.0,0.25,0.0,0.25,0.0,0,3,4000.0,360.227309,0.333333,12
227.141183,1.0,2604.0,0.0,2604.0,0.0,1.0,0.0,0.916667,0.0,0,19,3200.0,2510.732854,0.545455,12
3572.844689,1.0,504.0,504.0,0.0,0.0,0.666667,0.666667,0.0,0.0,0,8,3500.0,697.903654,0.0,12
1179.159897,1.0,757.85,277.85,480.0,0.0,1.0,0.416667,1.0,0.0,0,17,1200.0,1038.225609,0.0,12
39.930624,0.222222,399.95,290.57,109.38,0.0,0.222222,0.222222,0.111111,0.0,0,9,1200.0,0.0,0.0,9
1141.905542,1.0,8.4,8.4,0.0,54.519422,1.0,1.0,0.0,0.083333,2,12,1200.0,290.133362,0.0,12
777.739839,1.0,262.6,0.0,262.6,0.0,0.75,0.0,0.75,0.0,0,9,1000.0,131.553471,0.0,12
20.890606,1.0,110.0,0.0,110.0,0.0,1.0,0.0,0.875,0.0,0,8,1000.0,56.715447,0.333333,8
2934.090889,0.875,0.0,0.0,0.0,2710.056224,0.0,0.0,0.0,0.25,2,0,3000.0,428.467582,0.0,8
1245.654818,0.714286,626.56,626.56,0.0,1658.285219,0.428571,0.428571,0.0,0.285714,6,8,2500.0,249.873228,0.0,7
32.369733,1.0,326.45,76.0,250.45,0.0,0.916667,0.083333,0.75,0.0,0,12,1000.0,243.721693,0.4,12
1.846916,0.181818,604.32,0.0,604.32,0.0,1.0,0.0,1.0,0.0,0,12,1500.0,557.734182,0.0,12
392.896462,0.909091,450.0,450.0,0.0,517.197717,0.818182,0.818182,0.0,0.272727,5,9,500.0,769.083695,0.0,11
641.317325,1.0,1099.56,0.0,1099.56,0.0,1.0,0.0,1.0,0.0,0,49,4000.0,326.68893,0.0,12
40.977812,0.454545,502.92,0.0,502.92,0.0,0.416667,0.0,0.416667,0.0,0,6,4000.0,748.302786,0.75,12
121.446047,0.909091,1254.46,910.46,344.0,0.0,0.583333,0.416667,0.416667,0.0,0,14,1000.0,1244.737859,0.5,12
16.176672,0.363636,95.55,0.0,95.55,0.0,0.25,0.0,0.25,0.0,0,3,1000.0,136.961964,0.0,12
259.217679,0.818182,2844.3,544.3,2300.0,0.0,0.666667,0.333333,0.416667,0.0,0,12,2500.0,2733.780207,0.166667,12
1355.979715,0.727273,51.41,0.0,51.41,3213.886545,0.083333,0.0,0.083333,0.25,7,1,3500.0,384.859732,0.0,12
10.266994,0.818182,141.24,0.0,141.24,0.0,1.0,0.0,1.0,0.0,0,12,3000.0,121.896355,0.2,12
134.62028,0.818182,648.9,648.9,0.0,295.655611,0.25,0.25,0.0,0.166667,2,5,1200.0,468.622826,0.25,12
14.773807,0.272727,160.0,0.0,160.0,0.0,0.181818,0.0,0.090909,0.0,0,2,1800.0,377.03508,1.0,11
23.692271,0.454545,165.57,165.57,0.0,0.0,0.166667,0.166667,0.0,0.0,0,2,3500.0,460.205774,1.0,12
23.126579,0.727273,213.95,0.0,213.95,0.0,0.583333,0.0,0.583333,0.0,0,7,2000.0,299.511212,0.888889,12
888.406678,1.0,347.7,0.0,347.7,0.0,0.75,0.0,0.75,0.0,0,9,1000.0,300.871084,0.0,12
779.549673,1.0,412.55,0.0,412.55,214.232874,0.75,0.0,0.75,0.083333,2,9,4000.0,1793.396325,0.083333,12
3278.982195,1.0,0.0,0.0,0.0,4431.586287,0.0,0.0,0.0,0.25,3,0,4500.0,3810.09665,0.083333,12
1356.785114,1.0,0.0,0.0,0.0,1397.221909,0.0,0.0,0.0,0.75,23,0,2500.0,461.602976,0.0,12
1301.813081,1.0,0.0,0.0,0.0,101.766866,0.0,0.0,0.0,0.083333,1,0,1400.0,401.389799,0.0,12
1857.961278,1.0,0.0,0.0,0.0,1005.292057,0.0,0.0,0.0,0.333333,13,0,2500.0,288.461702,0.0,12
131.290079,1.0,359.44,0.0,359.44,0.0,0.666667,0.0,0.666667,0.0,0,8,1500.0,291.577497,0.083333,12
916.749476,1.0,246.82,0.0,246.82,925.950908,1.0,0.0,0.916667,0.166667,8,19,1200.0,1411.984522,0.0,12
59.831187,0.727273,532.68,0.0,532.68,39.325487,0.666667,0.0,0.666667,0.083333,1,8,6000.0,642.925821,0.272727,12
12.65849,0.363636,166.32,0.0,166.32,0.0,0.333333,0.0,0.25,0.0,0,4,2500.0,420.051037,1.0,12
1726.035224,1.0,1065.65,1065.65,0.0,3004.987382,0.333333,0.333333,0.0,0.5,18,9,3000.0,5807.675792,0.083333,12
1430.681807,1.0,1916.04,656.6,1259.44,181.347255,1.0,0.333333,1.0,0.166667,2,38,1800.0,1625.672604,0.0,12
38.915874,1.0,564.0,0.0,564.0,0.0,1.0,0.0,1.0,0.0,0,12,2000.0,551.4978,1.0,12
955.184754,1.0,498.96,0.0,498.96,0.0,1.0,0.0,1.0,0.0,0,12,1000.0,764.604043,0.0,12
1723.733705,1.0,0.0,0.0,0.0,1043.260997,0.0,0.0,0.0,0.333333,5,0,2200.0,428.244891,0.0,12
54.27007,0.454545,2071.92,2071.92,0.0,0.0,0.5,0.5,0.0,0.0,0,13,9000.0,1241.531755,0.0,12
945.793928,1.0,253.31,253.31,0.0,152.277594,0.333333,0.333333,0.0,0.083333,2,4,1000.0,676.496604,0.0,12
135.843015,0.181818,1111.4,1111.4,0.0,0.0,0.166667,0.166667,0.0,0.0,0,2,1050.0,4121.57553,0.0,12
930.65642,1.0,300.05,0.0,300.05,0.0,0.75,0.0,0.75,0.0,0,9,1200.0,513.064156,0.0,12
21.181957,0.363636,431.7,151.7,280.0,0.0,0.333333,0.083333,0.25,0.0,0,5,3000.0,592.236231,1.0,12
31.997904,0.333333,0.0,0.0,0.0,136.755929,0.0,0.0,0.0,0.166667,1,0,500.0,0.0,0.0,6
1255.20988,0.875,0.0,0.0,0.0,3833.037,0.0,0.0,0.0,0.375,8,0,2000.0,2793.258309,0.0,8
1673.480135,0.833333,0.0,0.0,0.0,2268.363869,0.0,0.0,0.0,0.333333,4,0,2500.0,333.975878,0.0,6
3399.279094,1.0,0.0,0.0,0.0,2639.92834,0.0,0.0,0.0,0.25,8,0,7000.0,762.560208,0.0,12
1411.096444,1.0,270.0,0.0,270.0,711.48812,0.833333,0.0,0.833333,0.25,3,10,1500.0,1279.52965,0.0,12
226.306461,0.363636,0.0,0.0,0.0,788.235661,0.0,0.0,0.0,0.166667,3,0,1200.0,184.701045,0.0,12
1179.613243,1.0,0.0,0.0,0.0,73.629879,0.0,0.0,0.0,0.083333,1,0,1200.0,352.44958,0.0,12
43.405954,0.818182,520.65,112.0,408.65,0.0,0.818182,0.090909,0.636364,0.0,0,10,2000.0,515.760919,0.333333,11
1671.319193,0.9,0.0,0.0,0.0,970.624828,0.0,0.0,0.0,0.5,10,0,2000.0,436.679768,0.0,10
1193.342587,1.0,311.45,149.15,162.3,1199.531976,0.833333,0.25,0.666667,0.5,8,13,2500.0,632.546287,0.0,12
2483.739581,0.9,0.0,0.0,0.0,2923.8863,0.0,0.0,0.0,0.1,1,0,3500.0,312.473159,0.0,10
1980.103629,1.0,926.06,804.06,122.0,2700.516738,0.916667,0.333333,0.75,0.833333,21,27,4000.0,738.726381,0.0,12
2000.759048,1.0,801.77,801.77,0.0,0.0,0.25,0.25,0.0,0.0,0,5,3000.0,538.119129,0.0,12
2495.25505,0.909091,89.9,89.9,0.0,5290.393032,0.090909,0.090909,0.0,0.363636,13,1,6000.0,582.339752,0.0,11
7215.19576,1.0,0.0,0.0,0.0,7275.716281,0.0,0.0,0.0,0.166667,1,0,7500.0,809.179193,0.0,6
8.087225,0.363636,515.0,0.0,515.0,0.0,0.833333,0.0,0.75,0.0,0,17,3000.0,399.456368,0.0,12
31.083023,0.636364,138.04,0.0,138.04,0.0,0.583333,0.0,0.5,0.0,0,7,2700.0,65.133736,0.0,12
1276.491537,0.833333,65.8,65.8,0.0,4422.783845,0.166667,0.166667,0.0,0.5,6,2,2500.0,3533.025919,0.0,6
184.57666,1.0,408.36,0.0,408.36,0.0,1.0,0.0,1.0,0.0,0,12,1000.0,294.885863,0.0,12
5.606423,0.090909,114.0,114.0,0.0,0.0,0.083333,0.083333,0.0,0.0,0,2,4000.0,434.803301,0.0,12
6.260598,0.545455,35.0,35.0,0.0,18.280043,0.083333,0.083333,0.0,0.083333,1,1,1000.0,110.318859,0.333333,12
2.668569,0.333333,0.0,0.0,0.0,91.849463,0.0,0.0,0.0,0.111111,2,0,1200.0,288.42282,1.0,9
135.357366,0.818182,1592.57,1132.05,460.52,0.0,0.75,0.666667,0.5,0.0,0,28,300.0,1907.282354,0.875,12
520.075249,0.727273,0.0,0.0,0.0,2209.490538,0.0,0.0,0.0,0.333333,22,0,2000.0,3266.498713,0.285714,12
1036.242361,1.0,365.9,0.0,365.9,0.0,0.75,0.0,0.75,0.0,0,9,1000.0,695.253351,0.0,12
1095.180685,1.0,459.0,459.0,0.0,1972.439122,0.166667,0.166667,0.0,0.25,5,5,3000.0,805.924742,0.0,12
995.323626,1.0,127.49,90.7,36.79,18.204577,0.25,0.166667,0.083333,0.083333,1,4,1000.0,458.941641,0.0,12
472.691037,0.818182,1556.32,1223.0,333.32,1083.580859,0.5,0.25,0.25,0.333333,10,8,1500.0,1439.747599,0.0,12
1111.110344,1.0,608.75,466.83,141.92,0.0,0.583333,0.333333,0.25,0.0,0,8,1200.0,372.620322,0.0,12
221.116228,0.727273,117.5,0.0,117.5,271.778244,0.909091,0.0,0.909091,0.090909,1,10,1200.0,628.179729,0.0,11
387.162964,0.909091,269.93,269.93,0.0,1838.276268,0.25,0.25,0.0,0.166667,2,6,4000.0,5728.317813,0.222222,12
169.820745,1.0,1578.12,135.0,1443.12,0.0,1.0,0.285714,0.857143,0.0,0,9,1000.0,1225.623209,0.166667,7
0.0,0.0,136.71,0.0,136.71,0.0,0.166667,0.0,0.166667,0.0,0,2,3000.0,311.673478,0.0,12
46.996535,0.272727,0.0,0.0,0.0,2370.681355,0.0,0.0,0.0,0.166667,2,0,3500.0,5679.77259,0.0,12
2006.452959,1.0,219.97,0.0,219.97,308.933151,0.75,0.0,0.75,0.166667,2,9,2000.0,529.967984,0.0,12
14.428951,0.727273,200.0,0.0,200.0,0.0,0.666667,0.0,0.666667,0.0,0,8,3000.0,291.222619,0.375,12
8.844399,0.181818,116.68,0.0,116.68,0.0,0.166667,0.0,0.166667,0.0,0,2,3000.0,677.982898,0.666667,12
189.499535,1.0,1802.93,813.55,989.38,258.954597,0.916667,0.416667,0.833333,0.166667,5,35,1000.0,1273.819019,0.583333,12
117.061924,1.0,154.0,0.0,154.0,0.0,0.916667,0.0,0.916667,0.0,0,11,1500.0,297.34992,0.090909,12
42.055305,1.0,774.37,0.0,774.37,0.0,1.0,0.0,1.0,0.0,0,19,3000.0,664.956348,0.333333,12
266.51948,1.0,1651.12,909.45,741.67,0.0,0.916667,0.5,0.833333,0.0,0,31,2000.0,1098.566062,0.181818,12
41.386295,0.363636,194.57,194.57,0.0,0.0,0.166667,0.166667,0.0,0.0,0,2,2200.0,470.431305,0.0,12
147.14671,1.0,356.68,0.0,356.68,0.0,1.0,0.0,1.0,0.0,0,16,2700.0,385.268234,0.0,12
763.228081,0.9,0.0,0.0,0.0,1948.071903,0.0,0.0,0.0,0.5,48,0,1200.0,1223.745197,0.125,10
1606.875936,1.0,1863.48,1302.0,561.48,0.0,0.666667,0.083333,0.666667,0.0,0,20,6500.0,698.65014,0.0,12
168.600813,1.0,1949.73,1243.45,706.28,2768.260223,1.0,0.916667,0.666667,0.833333,33,62,2000.0,4706.338518,0.916667,12
1333.899916,1.0,356.77,45.65,333.34,1107.81888,1.0,0.083333,1.0,0.083333,4,14,3500.0,1202.239577,0.0,12
41.624195,0.454545,102.0,102.0,0.0,0.0,0.166667,0.166667,0.0,0.0,0,5,1000.0,278.021419,0.0,12
1021.334556,1.0,300.0,0.0,300.0,0.0,0.833333,0.0,0.833333,0.0,0,10,1000.0,516.596295,0.0,12
1047.173202,1.0,450.0,0.0,450.0,0.0,0.666667,0.0,0.666667,0.0,0,12,1000.0,503.698541,0.0,12
1829.837678,1.0,0.0,0.0,0.0,853.585813,0.0,0.0,0.0,0.363636,6,0,2000.0,383.433012,0.0,11
772.647723,0.875,0.0,0.0,0.0,970.37112,0.0,0.0,0.0,0.125,1,0,2500.0,125.862157,0.0,8
114.297852,0.909091,994.54,249.54,745.0,0.0,0.833333,0.333333,0.75,0.0,0,18,1000.0,1099.568918,0.444444,12
12.039155,0.363636,100.0,0.0,100.0,0.0,0.181818,0.0,0.181818,0.0,0,2,3000.0,406.868896,0.333333,11
0.0,0.0,52.5,0.0,52.5,0.0,0.416667,0.0,0.416667,0.0,0,5,3000.0,57.506797,0.0,12
785.198515,1.0,1207.42,1207.42,0.0,0.0,0.583333,0.583333,0.0,0.0,0,21,1200.0,374.231139,0.0,12
1056.98996,1.0,0.0,0.0,0.0,1388.219296,0.0,0.0,0.0,0.416667,10,0,2000.0,834.107295,0.0,12
0.437285,0.181818,6.9,6.9,0.0,0.0,0.083333,0.083333,0.0,0.0,0,1,8500.0,4.523555,0.0,12
737.775044,1.0,107.94,107.94,0.0,2723.362442,0.166667,0.166667,0.0,0.5,14,1,1500.0,1484.746502,0.2,6
219.749851,1.0,1208.38,0.0,1208.38,0.0,0.833333,0.0,0.833333,0.0,0,10,1000.0,1256.084967,0.083333,12
1135.540743,1.0,1148.47,1132.59,15.88,0.0,0.416667,0.416667,0.083333,0.0,0,27,1450.0,1089.187544,0.0,12
247.142072,1.0,245.0,245.0,0.0,0.0,0.083333,0.083333,0.0,0.0,0,1,500.0,0.0,0.0,12
1140.673705,1.0,438.83,0.0,438.83,631.332476,1.0,0.0,1.0,0.166667,2,18,1800.0,807.664131,0.0,12
2692.11891,1.0,594.7,594.7,0.0,346.333741,0.416667,0.416667,0.0,0.25,4,12,3500.0,4207.716509,0.083333,12
19.296018,1.0,210.0,0.0,210.0,0.0,1.0,0.0,1.0,0.0,0,12,1000.0,296.473656,0.5,12
22.061664,1.0,208.8,0.0,208.8,0.0,1.0,0.0,1.0,0.0,0,12,1000.0,205.111057,0.25,12
411.062591,1.0,0.0,0.0,0.0,988.119391,0.0,0.0,0.0,0.333333,7,0,500.0,1027.320667,0.090909,12
1990.482788,0.818182,55.0,55.0,0.0,5807.425413,0.090909,0.090909,0.0,0.272727,6,1,3500.0,3170.513718,0.0,11
171.402357,1.0,755.5,0.0,755.5,0.0,1.0,0.0,1.0,0.0,0,35,2700.0,845.857679,0.0,12
974.749857,1.0,0.0,0.0,0.0,998.896759,0.0,0.0,0.0,0.416667,5,0,1200.0,1274.705644,0.0,12
1437.545676,1.0,0.0,0.0,0.0,154.529131,0.0,0.0,0.0,0.083333,1,0,3000.0,406.05425,0.0,12
492.947466,1.0,0.0,0.0,0.0,1826.582575,0.0,0.0,0.0,1.0,27,0,2500.0,1675.26159,0.375,10
758.118109,0.727273,837.44,0.0,837.44,0.0,1.0,0.0,1.0,0.0,0,22,1000.0,2198.992341,0.0,12
482.028341,1.0,106.47,0.0,106.47,0.0,0.5,0.0,0.5,0.0,0,9,2500.0,184.166639,0.0,12
419.22185,0.454545,0.0,0.0,0.0,1117.228257,0.0,0.0,0.0,0.166667,5,0,1200.0,182.36345,0.0,12
0.228572,0.125,60.0,60.0,0.0,0.0,0.125,0.125,0.0,0.0,0,1,1500.0,438.738982,0.0,8
57.116811,0.454545,27.79,27.79,0.0,381.171145,0.083333,0.083333,0.0,0.083333,1,1,4500.0,1215.965938,1.0,12
61.21162,0.909091,280.83,0.0,280.83,0.0,0.909091,0.0,0.909091,0.0,0,11,1500.0,191.386573,0.0,11
4436.557694,1.0,6005.9,5838.38,167.52,567.971877,1.0,0.583333,0.916667,0.083333,1,61,10500.0,1650.425296,0.0,12
798.746133,1.0,233.16,0.0,233.16,779.357321,0.25,0.0,0.166667,0.333333,7,3,1500.0,1701.391735,0.0,12
5658.669875,1.0,740.89,0.0,740.89,4599.29664,0.583333,0.0,0.583333,0.166667,5,7,11000.0,1328.416237,0.0,12
1105.179825,1.0,200.0,200.0,0.0,0.0,0.083333,0.083333,0.0,0.0,0,1,1200.0,308.242594,0.0,12
20.595501,0.545455,289.78,0.0,289.78,0.0,0.416667,0.0,0.416667,0.0,0,5,2700.0,342.440014,0.363636,12
435.518068,1.0,27.22,27.22,0.0,0.0,0.083333,0.083333,0.0,0.0,0,1,500.0,160.536841,0.0,12
11.391553,1.0,201.52,0.0,201.52,0.0,0.916667,0.0,0.916667,0.0,0,11,4000.0,210.443741,0.9,12
1058.726643,0.571429,191.0,191.0,0.0,1639.830365,0.142857,0.142857,0.0,0.142857,2,2,2000.0,171.044001,0.0,7
2732.732417,0.727273,374.95,374.95,0.0,3998.665108,0.166667,0.166667,0.0,0.333333,43,7,5000.0,2056.177019,0.0,12
21.999733,1.0,343.75,0.0,343.75,0.0,0.916667,0.0,0.916667,0.0,0,22,4000.0,337.022364,0.909091,12
176.991674,0.272727,763.71,763.71,0.0,0.0,0.083333,0.083333,0.0,0.0,0,1,1200.0,314.5974,0.0,12
12.108421,0.272727,0.0,0.0,0.0,625.979655,0.0,0.0,0.0,0.166667,2,0,1000.0,680.02354,0.090909,12
3553.326258,0.875,627.81,130.0,497.81,4863.883228,0.875,0.125,0.75,0.75,14,25,5000.0,891.259465,0.0,8
51.08934,0.818182,140.75,0.0,140.75,0.0,0.416667,0.0,0.416667,0.0,0,5,1000.0,347.240071,0.111111,12
161.926545,0.333333,1427.83,1427.83,0.0,0.0,0.333333,0.333333,0.0,0.0,0,12,14000.0,0.0,0.0,6
8.248278,0.363636,0.0,0.0,0.0,74.905547,0.0,0.0,0.0,0.083333,1,0,4000.0,323.533469,0.5,12
514.17242,1.0,45.65,45.65,0.0,0.0,0.083333,0.083333,0.0,0.0,0,1,1000.0,103.945858,0.0,12
404.316166,1.0,176.0,0.0,176.0,0.0,0.416667,0.0,0.416667,0.0,0,5,1000.0,157.644753,0.0,12
64.472043,0.727273,200.02,0.0,200.02,0.0,0.25,0.0,0.25,0.0,0,3,1200.0,442.334336,0.222222,12
61.628782,1.0,457.31,0.0,457.31,0.0,1.0,0.0,0.875,0.0,0,9,1500.0,364.254422,0.666667,8
535.927055,1.0,0.0,0.0,0.0,562.957567,0.0,0.0,0.0,0.166667,2,0,1200.0,598.924595,0.0,12
691.181508,1.0,439.92,0.0,439.92,0.0,1.0,0.0,1.0,0.0,0,12,1000.0,162.995562,0.0,12
2144.040539,1.0,0.0,0.0,0.0,14127.46664,0.0,0.0,0.0,0.416667,23,0,3500.0,12571.81466,0.3,12
155.29619,1.0,449.18,214.0,235.18,0.0,0.454545,0.181818,0.272727,0.0,0,7,1800.0,328.110035,0.0,11
536.425055,1.0,3302.01,2423.42,878.59,0.0,0.833333,0.583333,0.5,0.0,0,28,2000.0,3195.65769,0.25,12
3838.460036,1.0,230.22,0.0,230.22,3816.470266,1.0,0.0,0.888889,0.222222,7,9,4000.0,601.628528,0.0,9
20.12252,0.666667,212.82,0.0,212.82,0.0,0.666667,0.0,0.5,0.0,0,5,2500.0,193.710394,1.0,6
876.69029,1.0,0.0,0.0,0.0,1089.711093,0.0,0.0,0.0,0.166667,3,0,1000.0,1385.757558,0.083333,12
792.349098,0.555556,0.0,0.0,0.0,1795.077768,0.0,0.0,0.0,0.444444,13,0,2000.0,219.603033,0.0,9
12.090835,1.0,0.0,0.0,0.0,39.158589,0.0,0.0,0.0,0.083333,1,0,1000.0,50.46639,0.111111,12
56.13816,1.0,555.1,112.0,443.1,0.0,0.916667,0.083333,0.916667,0.0,0,39,2700.0,527.817131,0.583333,12
43.438252,1.0,194.1,0.0,194.1,0.0,0.833333,0.0,0.75,0.0,0,10,3000.0,123.282925,0.083333,12
59.702526,0.636364,674.68,0.0,674.68,0.0,0.583333,0.0,0.5,0.0,0,13,1000.0,810.809093,1.0,12
94.604491,1.0,816.0,0.0,816.0,0.0,1.0,0.0,1.0,0.0,0,12,2500.0,694.054946,0.416667,12
22.427861,0.454545,340.5,119.0,221.5,0.0,0.416667,0.083333,0.416667,0.0,0,6,2500.0,413.025987,0.4,12
386.6865,1.0,0.0,0.0,0.0,290.592428,0.0,0.0,0.0,0.333333,7,0,500.0,617.799081,0.083333,12
2149.205166,0.909091,0.0,0.0,0.0,1114.317913,0.0,0.0,0.0,0.181818,2,0,3000.0,3230.180347,0.0,11
64.995822,1.0,550.0,0.0,550.0,0.0,0.916667,0.0,0.916667,0.0,0,11,2500.0,501.661911,0.583333,12
190.570683,1.0,620.64,219.0,401.64,0.0,1.0,0.083333,1.0,0.0,0,13,2500.0,412.129864,0.166667,12
970.598275,1.0,0.0,0.0,0.0,1381.573316,0.0,0.0,0.0,0.25,5,0,1700.0,674.552092,0.0,12
24.992059,1.0,292.5,292.5,0.0,0.0,0.833333,0.833333,0.0,0.0,0,11,2000.0,309.294279,0.833333,12
383.965702,1.0,3552.44,3552.44,0.0,0.0,0.916667,0.916667,0.0,0.0,0,42,10500.0,3446.294572,1.0,12
1004.937342,0.545455,150.45,50.37,100.08,1891.647657,0.363636,0.090909,0.181818,0.090909,2,4,5000.0,435.063532,0.0,11
3748.676835,1.0,967.5,217.5,750.0,4420.346154,0.5,0.083333,0.333333,0.5,12,6,4000.0,2036.146258,0.0,12
331.110003,1.0,3816.0,0.0,3816.0,0.0,1.0,0.0,1.0,0.0,0,12,2350.0,3234.025148,0.25,12
2.936186,0.636364,40.7,40.7,0.0,0.0,0.166667,0.166667,0.0,0.0,0,2,3500.0,29.250668,0.0,12
104.693836,1.0,783.24,0.0,783.24,0.0,1.0,0.0,1.0,0.0,0,12,2700.0,734.364933,0.666667,12
31.072032,1.0,234.58,0.0,234.58,0.0,1.0,0.0,1.0,0.0,0,24,2000.0,224.626205,0.416667,12
109.009133,1.0,749.18,0.0,749.18,0.0,0.833333,0.0,0.833333,0.0,0,10,1000.0,922.628357,0.727273,12
385.845093,0.25,0.0,0.0,0.0,2397.763368,0.0,0.0,0.0,0.25,5,0,2500.0,0.0,0.0,8
1209.031561,1.0,103.91,103.91,0.0,5910.81455,0.083333,0.083333,0.0,0.416667,8,1,2500.0,5904.060257,0.083333,12
2837.962185,1.0,898.2,898.2,0.0,958.26211,0.416667,0.416667,0.0,0.416667,5,10,5000.0,641.182454,0.0,12
1929.069939,1.0,0.0,0.0,0.0,973.827667,0.0,0.0,0.0,0.166667,2,0,2500.0,786.014779,0.0,12
324.479364,0.5,0.0,0.0,0.0,1156.870667,0.0,0.0,0.0,0.5,13,0,2500.0,0.0,0.0,6
597.184048,1.0,517.0,0.0,517.0,2446.857321,0.5,0.0,0.416667,0.166667,2,6,1500.0,2119.840291,0.166667,12
468.022403,1.0,488.93,236.13,252.8,132.146931,0.833333,0.333333,0.75,0.25,6,14,1000.0,722.96482,0.0,12
223.820349,0.8,1176.72,869.81,306.91,98.219677,0.7,0.5,0.5,0.3,4,31,300.0,1074.228736,0.0,10
2757.097566,1.0,1533.04,384.04,1149.0,686.790836,0.5,0.083333,0.416667,0.166667,2,7,3000.0,767.851514,0.0,12
44.540733,0.636364,446.62,88.47,358.15,0.0,0.583333,0.083333,0.416667,0.0,0,9,4000.0,734.815143,0.8,12
1410.909779,1.0,698.88,0.0,698.88,948.848018,1.0,0.0,1.0,0.166667,8,12,1200.0,79.578186,0.083333,12
219.709329,1.0,586.64,0.0,586.64,0.0,1.0,0.0,0.875,0.0,0,8,1000.0,156.939833,0.0,8
2075.870968,1.0,0.0,0.0,0.0,996.279137,0.0,0.0,0.0,0.166667,2,0,2500.0,482.259939,0.0,12
84.988845,0.4,280.0,280.0,0.0,0.0,0.1,0.1,0.0,0.0,0,1,2500.0,374.042528,0.0,10
48.487138,0.818182,261.81,0.0,261.81,0.0,0.666667,0.0,0.5,0.0,0,8,1000.0,231.475316,0.0,12
1228.217369,1.0,836.4,0.0,836.4,382.163862,1.0,0.0,1.0,0.083333,1,24,1400.0,1163.702341,0.0,12
1174.249291,0.833333,233.54,233.54,0.0,1664.224665,0.333333,0.333333,0.0,0.5,6,5,2000.0,185.82061,0.0,6
991.11995,0.833333,0.0,0.0,0.0,1341.446355,0.0,0.0,0.0,0.333333,2,0,1500.0,204.785807,0.0,6
1142.302592,1.0,0.0,0.0,0.0,175.924692,0.0,0.0,0.0,0.333333,5,0,1200.0,454.157081,0.0,12
1056.794852,1.0,0.0,0.0,0.0,3291.524402,0.0,0.0,0.0,0.666667,17,0,3000.0,2794.942155,0.166667,12
4302.771935,0.857143,0.0,0.0,0.0,5875.404159,0.0,0.0,0.0,0.142857,5,0,6000.0,384.040295,0.0,7
279.811953,1.0,399.9,0.0,399.9,0.0,1.0,0.0,0.916667,0.0,0,14,1000.0,538.655831,0.0,12
54.598322,1.0,832.68,0.0,832.68,0.0,1.0,0.0,1.0,0.0,0,12,2000.0,811.761402,0.333333,12
2323.50306,1.0,66.0,66.0,0.0,1750.387105,0.083333,0.083333,0.0,0.583333,14,1,3000.0,663.167426,0.0,12
997.781043,1.0,0.0,0.0,0.0,56.553047,0.0,0.0,0.0,0.166667,2,0,1200.0,729.644957,0.0,12
96.698289,1.0,1052.28,0.0,1052.28,0.0,1.0,0.0,1.0,0.0,0,23,2000.0,930.197472,0.833333,12
39.02645,0.888889,158.96,0.0,158.96,0.0,0.888889,0.0,0.777778,0.0,0,8,1500.0,117.452297,0.0,9
71.98176,1.0,459.49,0.0,459.49,0.0,1.0,0.0,1.0,0.0,0,13,1000.0,396.58986,0.666667,12
2537.341739,1.0,2286.06,1508.89,777.17,769.988993,1.0,0.666667,0.916667,0.166667,3,49,4000.0,520.41176,0.0,12
14.665071,0.454545,108.85,108.85,0.0,0.0,0.333333,0.333333,0.0,0.0,0,4,1000.0,170.376826,0.0,12
66.0478,0.454545,674.67,674.67,0.0,0.0,0.416667,0.416667,0.0,0.0,0,8,600.0,538.053223,1.0,12
190.096469,1.0,561.99,0.0,561.99,0.0,1.0,0.0,1.0,0.0,0,14,1000.0,372.859398,0.0,12
3380.523396,1.0,1012.31,1012.31,0.0,3294.766081,0.555556,0.555556,0.0,0.333333,17,27,4000.0,714.210126,0.0,9
229.272651,0.363636,0.0,0.0,0.0,751.963727,0.0,0.0,0.0,0.083333,1,0,1200.0,12.773144,0.0,12
2473.175598,1.0,0.0,0.0,0.0,1462.361808,0.0,0.0,0.0,0.416667,9,0,3000.0,703.75604,0.0,12
26.625558,1.0,199.2,0.0,199.2,0.0,1.0,0.0,1.0,0.0,0,12,2700.0,177.875592,0.181818,12
19.161629,1.0,638.08,0.0,638.08,0.0,1.0,0.0,1.0,0.0,0,12,2500.0,639.809559,1.0,12
2271.907354,1.0,0.0,0.0,0.0,1253.401339,0.0,0.0,0.0,0.583333,9,0,2500.0,1358.997158,0.0,12
1973.025342,1.0,0.0,0.0,0.0,2009.582123,0.0,0.0,0.0,0.666667,6,0,2000.0,325.367575,0.0,9
29.040058,0.909091,289.63,0.0,289.63,0.0,1.0,0.0,0.909091,0.0,0,11,1000.0,243.424066,0.0,11
935.042217,1.0,1000.0,1000.0,0.0,0.0,0.083333,0.083333,0.0,0.0,0,1,1200.0,204.111522,0.0,12
863.821682,1.0,145.81,0.0,145.81,315.650923,0.583333,0.0,0.5,0.083333,1,7,1000.0,520.56678,0.0,12
2128.836017,1.0,0.0,0.0,0.0,2474.142891,0.0,0.0,0.0,0.083333,1,0,5000.0,895.113371,0.0,12
1299.027426,1.0,731.45,74.23,657.22,2823.614133,1.0,0.142857,0.857143,0.571429,16,11,1500.0,2296.979965,0.166667,7
2066.764509,1.0,421.12,421.12,0.0,2099.57077,0.083333,0.083333,0.0,0.333333,26,1,2500.0,701.557906,0.0,12
6008.914524,0.777778,0.0,0.0,0.0,8304.470149,0.0,0.0,0.0,0.333333,9,0,9000.0,1279.301117,0.0,9
1420.676352,1.0,1379.12,420.54,958.58,346.104638,0.916667,0.25,0.916667,0.333333,5,26,1500.0,1439.44004,0.0,12
1304.669711,1.0,938.95,839.95,99.0,718.244077,0.875,0.75,0.625,0.25,3,19,6000.0,397.559825,0.0,8
42.204276,0.909091,655.73,197.39,458.34,0.0,1.0,0.083333,0.916667,0.0,0,12,500.0,459.163878,0.5,12
420.348086,1.0,3986.24,833.24,3153.0,0.0,1.0,0.166667,1.0,0.0,0,22,1500.0,3100.021072,0.666667,12
636.560481,0.666667,202.77,181.61,21.16,1148.569187,0.5,0.333333,0.166667,0.5,9,5,1500.0,76.573549,0.0,6
2648.244646,1.0,0.0,0.0,0.0,10458.97815,0.0,0.0,0.0,1.0,123,0,4000.0,9818.531412,0.0,12
174.909754,0.833333,0.0,0.0,0.0,721.16471,0.0,0.0,0.0,0.333333,3,0,1500.0,221.855473,0.0,6
1016.52185,0.909091,44.0,44.0,0.0,1069.450087,0.083333,0.083333,0.0,0.166667,4,1,1200.0,54.983629,0.0,12
2080.12257,0.777778,0.0,0.0,0.0,3014.915206,0.0,0.0,0.0,0.222222,7,0,3000.0,652.357962,0.0,9
289.220297,1.0,0.0,0.0,0.0,1048.868332,0.0,0.0,0.0,0.083333,3,0,1200.0,59.150211,0.0,12
1079.106678,1.0,0.0,0.0,0.0,390.485014,0.0,0.0,0.0,0.416667,5,0,1200.0,552.57076,0.0,12
7.258112,0.272727,57.0,57.0,0.0,0.0,0.090909,0.090909,0.0,0.0,0,1,1500.0,294.679399,0.0,11
403.311321,0.857143,208.0,208.0,0.0,438.543672,0.142857,0.142857,0.0,0.142857,1,1,4000.0,39.576673,0.0,7
15.410246,0.571429,51.02,51.02,0.0,0.0,0.142857,0.142857,0.0,0.0,0,2,4000.0,72.30987,0.0,7
1094.961929,1.0,498.21,0.0,498.21,1188.796657,1.0,0.0,0.875,0.5,8,14,1200.0,460.368166,0.0,8
254.260019,1.0,2184.72,0.0,2184.72,0.0,1.0,0.0,1.0,0.0,0,41,4000.0,1889.29739,0.5,12
110.474358,1.0,1294.42,269.5,1024.92,0.0,0.916667,0.166667,0.833333,0.0,0,13,2500.0,1399.705212,0.818182,12
17.699123,0.454545,0.0,0.0,0.0,29.421611,0.0,0.0,0.0,0.083333,1,2,2000.0,178.288304,0.333333,12
77.097563,0.727273,233.62,25.62,208.0,281.332123,0.666667,0.083333,0.666667,0.25,4,9,1000.0,689.947206,0.111111,12
0.0,0.0,39.54,0.0,39.54,0.0,0.166667,0.0,0.166667,0.0,0,2,3000.0,181.014541,0.0,12
777.210275,1.0,622.51,0.0,622.51,1387.449608,1.0,0.0,0.857143,0.428571,6,27,1000.0,1092.401437,0.0,7
25.840196,1.0,277.56,0.0,277.56,0.0,1.0,0.0,1.0,0.0,0,12,1000.0,274.150799,1.0,12
150.897044,0.181818,0.0,0.0,0.0,900.772781,0.0,0.0,0.0,0.083333,1,0,2500.0,0.0,0.0,12
192.25979,0.272727,86.03,86.03,0.0,997.125484,0.083333,0.083333,0.0,0.166667,4,1,1200.0,0.0,0.0,12
11.115883,1.0,216.36,0.0,216.36,0.0,1.0,0.0,1.0,0.0,0,12,1000.0,199.847489,0.555556,12
801.688726,1.0,325.92,0.0,325.92,0.0,1.0,0.0,1.0,0.0,0,12,1000.0,484.790462,0.0,12
105.333584,0.375,306.0,306.0,0.0,0.0,0.125,0.125,0.0,0.0,0,2,6000.0,101.986927,0.0,8
32.944835,1.0,185.8,0.0,185.8,0.0,1.0,0.0,0.9,0.0,0,10,1000.0,101.816592,0.625,10
192.766707,0.727273,55.0,55.0,0.0,455.904257,0.083333,0.083333,0.0,0.25,4,1,2000.0,236.007337,0.0,12
53.684439,0.818182,862.47,0.0,862.47,0.0,0.75,0.0,0.666667,0.0,0,9,2500.0,1007.362536,1.0,12
229.752417,1.0,82.28,0.0,82.28,0.0,0.333333,0.0,0.333333,0.0,0,4,1000.0,203.78769,0.0,12
184.007838,1.0,526.92,0.0,526.92,0.0,1.0,0.0,1.0,0.0,0,12,1500.0,396.991301,0.083333,12
626.342256,1.0,956.64,360.0,596.64,0.0,0.454545,0.090909,0.363636,0.0,0,8,7500.0,2125.953394,0.0,11
4.602365,0.181818,38.42,0.0,38.42,0.0,0.166667,0.0,0.166667,0.0,0,2,1000.0,74.750172,0.0,12
438.94049,1.0,883.64,838.41,45.23,480.86377,0.333333,0.333333,0.083333,0.166667,4,9,1000.0,910.64164,0.0,12
5.902257,0.818182,246.25,0.0,246.25,0.0,0.5,0.0,0.5,0.0,0,9,1000.0,316.597475,0.777778,12
1226.820889,0.909091,0.0,0.0,0.0,1719.367591,0.0,0.0,0.0,0.181818,4,0,1500.0,549.657295,0.0,11
485.236136,1.0,0.0,0.0,0.0,2250.075872,0.0,0.0,0.0,0.333333,5,0,3000.0,3541.569099,0.333333,12
50.445122,1.0,685.32,0.0,685.32,0.0,1.0,0.0,0.916667,0.0,0,12,1000.0,627.32922,0.8,12
1551.331695,1.0,349.92,0.0,349.92,0.0,1.0,0.0,1.0,0.0,0,12,1500.0,321.763599,0.0,12
1158.905046,1.0,82.9,0.0,82.9,3259.28324,0.333333,0.0,0.333333,0.583333,13,4,2500.0,2996.994649,0.166667,12
26.143768,0.363636,0.0,0.0,0.0,490.493,0.0,0.0,0.0,0.090909,4,0,1000.0,1132.076982,0.333333,11
572.838755,1.0,442.23,339.64,102.59,0.0,1.0,1.0,0.444444,0.0,0,40,600.0,407.914418,0.0,9
993.453968,1.0,1114.26,1114.26,0.0,0.0,0.416667,0.416667,0.0,0.0,0,10,1500.0,582.043795,0.0,12
880.18183,1.0,58.4,0.0,58.4,192.159314,0.285714,0.0,0.285714,0.142857,1,2,2000.0,132.494364,0.0,7
252.359096,1.0,2487.0,0.0,2487.0,0.0,1.0,0.0,1.0,0.0,0,12,450.0,2347.418943,0.166667,12
321.606195,0.909091,2476.3,1062.12,1414.18,0.0,0.75,0.25,0.583333,0.0,0,28,2000.0,912.49967,0.25,12
215.295527,1.0,599.03,260.0,339.03,0.0,1.0,0.111111,0.888889,0.0,0,10,1000.0,223.114683,0.428571,9
1222.080889,0.818182,750.0,0.0,750.0,2452.136461,1.0,0.0,1.0,0.333333,4,12,2500.0,554.325638,0.0,12
1678.5937,1.0,1846.81,1846.81,0.0,0.0,0.625,0.625,0.0,0.0,0,18,3500.0,350.646998,0.0,8
654.849672,1.0,630.0,630.0,0.0,0.0,0.083333,0.083333,0.0,0.0,0,1,2500.0,729.355023,0.0,12
21.462595,0.727273,193.4,0.0,193.4,0.0,0.666667,0.0,0.666667,0.0,0,8,2500.0,264.851292,1.0,12
1931.8739,0.909091,477.7,50.0,427.7,2212.17081,0.909091,0.090909,0.818182,0.181818,3,11,2500.0,606.416101,0.0,11
142.637508,1.0,1650.0,0.0,1650.0,0.0,0.916667,0.0,0.916667,0.0,0,11,1000.0,1775.123122,0.636364,12
10.400883,0.454545,533.98,293.98,240.0,0.0,0.5,0.25,0.416667,0.0,0,14,1000.0,1251.380404,0.0,12
3857.56223,1.0,0.0,0.0,0.0,2127.213754,0.0,0.0,0.0,1.142857,26,0,5000.0,617.508991,0.0,7
1173.880289,0.875,0.0,0.0,0.0,1434.78206,0.0,0.0,0.0,0.125,1,0,1500.0,183.938329,0.0,8
111.098444,1.0,1105.89,0.0,1105.89,0.0,1.0,0.0,1.0,0.0,0,26,2000.0,1004.668873,0.909091,12
114.007097,0.636364,2514.89,2514.89,0.0,0.0,0.333333,0.333333,0.0,0.0,0,5,2000.0,979.919435,0.0,12
23.167831,1.0,375.0,0.0,375.0,0.0,1.0,0.0,1.0,0.0,0,12,2500.0,389.716275,0.916667,12
40.764223,0.545455,0.0,0.0,0.0,1374.929089,0.0,0.0,0.0,0.166667,2,0,1200.0,2232.23212,0.0,12
2579.635387,0.545455,0.0,0.0,0.0,6466.73381,0.0,0.0,0.0,0.090909,1,0,7000.0,1415.843333,0.0,11
24.057927,0.7,441.78,49.9,391.88,0.0,0.9,0.1,0.8,0.0,0,21,1500.0,299.240418,0.2,10
391.07025,1.0,2616.0,0.0,2616.0,0.0,1.0,0.0,1.0,0.0,0,12,2000.0,2186.334191,0.083333,12
1087.427214,0.636364,0.0,0.0,0.0,1916.600175,0.0,0.0,0.0,0.083333,1,0,3000.0,341.431225,0.0,12
306.462394,1.0,1834.5,1834.5,0.0,59.348405,0.666667,0.666667,0.0,0.083333,2,21,700.0,1264.350185,0.0,12
6.995368,0.363636,76.78,0.0,76.78,0.0,0.25,0.0,0.25,0.0,0,3,4000.0,292.806443,0.5,12
412.149369,0.444444,0.0,0.0,0.0,4034.656192,0.0,0.0,0.0,0.333333,8,0,8000.0,195.752288,0.0,9
92.887247,1.0,1258.5,0.0,1258.5,0.0,1.0,0.0,0.916667,0.0,0,25,1000.0,1210.465945,0.666667,12
170.33501,1.0,586.95,71.52,515.43,0.0,1.0,0.083333,1.0,0.0,0,24,1000.0,502.525334,0.083333,12
389.869208,0.545455,736.01,392.7,343.31,501.026763,1.0,0.333333,1.0,0.166667,5,36,1200.0,2635.211405,0.090909,12
41.479055,1.0,243.96,0.0,243.96,0.0,1.0,0.0,1.0,0.0,0,24,3000.0,1146.784474,0.4,12
13.962944,1.0,136.92,0.0,136.92,0.0,1.0,0.0,1.0,0.0,0,12,1000.0,134.366455,0.416667,12
61.15435,0.818182,791.67,214.0,577.67,19.841346,1.0,0.166667,1.0,0.083333,1,50,1000.0,941.78413,0.090909,12
5.644904,0.454545,47.5,0.0,47.5,0.0,0.25,0.0,0.166667,0.0,0,3,3000.0,70.554065,0.1,12
115.310676,0.909091,1316.06,1111.4,204.66,0.0,0.818182,0.727273,0.090909,0.0,0,14,500.0,1198.557935,1.0,11
26.354114,0.363636,1148.31,1148.31,0.0,0.0,0.25,0.25,0.0,0.0,0,3,6000.0,1162.170922,0.1,12
200.907701,0.428571,1100.0,1100.0,0.0,0.0,0.142857,0.142857,0.0,0.0,0,1,1100.0,1943.174725,0.0,7
213.233979,0.909091,2140.96,165.79,1975.17,0.0,0.833333,0.166667,0.583333,0.0,0,30,2500.0,2152.256934,0.444444,12
361.67015,1.0,561.68,214.0,347.68,0.0,1.0,0.166667,0.916667,0.0,0,14,1500.0,252.664522,0.0,12
64.907748,0.727273,547.28,130.0,417.28,0.0,0.333333,0.083333,0.25,0.0,0,4,2500.0,1095.179494,1.0,12
940.351166,0.9,0.0,0.0,0.0,2045.393693,0.0,0.0,0.0,0.8,14,0,3000.0,292.024227,0.0,10
383.449462,1.0,1159.06,1146.06,13.0,0.0,0.75,0.75,0.083333,0.0,0,28,500.0,1346.951277,0.083333,12
2.660671,0.090909,102.79,0.0,102.79,0.0,0.083333,0.0,0.083333,0.0,0,1,4000.0,203.229371,0.090909,12
80.707136,0.818182,682.27,567.95,114.32,0.0,0.583333,0.5,0.333333,0.0,0,16,7500.0,1065.255264,0.666667,12
4743.748932,1.0,399.0,0.0,399.0,1112.247446,0.666667,0.0,0.583333,0.166667,3,8,5000.0,1259.057672,0.0,12
882.58129,1.0,2421.34,1661.76,759.58,0.0,1.0,0.916667,1.0,0.0,0,40,5000.0,1997.323094,0.0,12
1060.010246,1.0,0.0,0.0,0.0,78.971459,0.0,0.0,0.0,0.1,1,0,1200.0,233.54579,0.0,10
1062.081424,1.0,328.37,140.0,188.37,1309.520408,0.583333,0.083333,0.5,0.25,4,9,1400.0,556.03363,0.0,12
803.55907,1.0,618.07,209.7,408.37,0.0,1.0,0.083333,0.916667,0.0,0,16,1200.0,238.904625,0.0,12
0.401279,0.090909,31.5,0.0,31.5,0.0,0.25,0.0,0.25,0.0,0,3,3000.0,120.697352,0.0,12
55.59749,0.545455,479.98,479.98,0.0,942.597948,0.090909,0.090909,0.0,0.090909,1,1,1200.0,1836.626686,0.0,11
1355.437063,1.0,0.0,0.0,0.0,407.884977,0.0,0.0,0.0,0.25,6,0,1500.0,642.558759,0.0,12
7.85361,0.363636,125.0,0.0,125.0,0.0,0.416667,0.0,0.333333,0.0,0,5,2500.0,91.786773,0.0,12
0.0,0.0,64.62,0.0,64.62,0.0,0.25,0.0,0.25,0.0,0,3,1000.0,0.0,0.0,12
6.484008,0.272727,61.71,0.0,61.71,0.0,0.25,0.0,0.25,0.0,0,3,1000.0,233.763723,1.0,12
1157.568538,1.0,329.0,37.0,292.0,0.0,0.666667,0.083333,0.666667,0.0,0,9,2500.0,603.250222,0.0,12
91.669248,0.833333,737.65,0.0,737.65,0.0,0.833333,0.0,0.666667,0.0,0,5,2500.0,664.387148,1.0,6
304.309784,1.0,289.75,0.0,289.75,0.0,0.5,0.0,0.416667,0.0,0,7,2500.0,670.652889,0.0,12
460.331646,0.545455,0.0,0.0,0.0,1759.775462,0.0,0.0,0.0,0.416667,6,0,3000.0,357.29622,0.0,12
789.814537,0.909091,0.0,0.0,0.0,5654.92893,0.0,0.0,0.0,0.166667,12,0,3000.0,5949.858363,0.090909,12
5934.610587,1.0,0.0,0.0,0.0,302.678437,0.0,0.0,0.0,0.25,5,0,6000.0,1065.956065,0.0,12
18.908241,0.272727,126.0,126.0,0.0,0.0,0.090909,0.090909,0.0,0.0,0,1,1000.0,643.427524,0.0,11
32.092521,0.909091,573.02,0.0,573.02,0.0,0.833333,0.0,0.75,0.0,0,10,2000.0,560.142443,0.555556,12
87.189044,1.0,744.62,467.02,277.6,110.54162,0.833333,0.333333,0.75,0.083333,1,25,1000.0,970.674392,0.888889,12
527.528311,1.0,467.4,0.0,467.4,781.387131,1.0,0.0,1.0,0.083333,1,12,2000.0,2358.281344,0.166667,12
9.712731,0.636364,128.94,0.0,128.94,0.0,0.583333,0.0,0.5,0.0,0,7,3000.0,169.863384,0.6,12
1029.713408,0.909091,1141.21,110.0,1031.21,1812.095991,0.833333,0.083333,0.75,0.333333,5,36,3000.0,420.99268,0.111111,12
458.26631,0.727273,691.82,453.9,237.92,218.676375,0.583333,0.166667,0.416667,0.166667,3,14,1000.0,343.499796,0.0,12
510.339352,1.0,509.55,509.55,0.0,696.126211,0.25,0.25,0.0,0.166667,4,6,2500.0,1346.043822,0.1,12
121.385695,0.909091,341.96,287.0,54.96,0.0,1.0,0.166667,1.0,0.0,0,16,1000.0,626.768821,0.1,12
1163.222817,0.909091,0.0,0.0,0.0,2502.655964,0.0,0.0,0.0,0.166667,2,0,2500.0,2937.305695,0.0,12
3911.628474,0.875,0.0,0.0,0.0,11951.90332,0.0,0.0,0.0,0.5,40,0,7000.0,7918.877416,0.166667,8
400.554448,1.0,0.0,0.0,0.0,1157.684242,0.0,0.0,0.0,0.083333,1,0,3000.0,2123.969813,0.090909,12
361.725724,1.0,0.0,0.0,0.0,312.112534,0.0,0.0,0.0,0.083333,2,0,500.0,438.988617,0.0,12
495.16253,1.0,0.0,0.0,0.0,836.270564,0.0,0.0,0.0,0.083333,1,0,1000.0,639.722174,0.0,12
22.493402,0.272727,291.28,146.29,144.99,0.0,0.25,0.166667,0.166667,0.0,0,7,1000.0,563.715318,0.0,12
1.707488,0.181818,32.04,0.0,32.04,0.0,0.166667,0.0,0.083333,0.0,0,2,2500.0,118.932111,1.0,12
640.510192,0.777778,351.89,351.89,0.0,998.213893,0.333333,0.333333,0.0,0.111111,4,7,1200.0,1899.543637,0.2,9
28.697141,1.0,360.0,0.0,360.0,0.0,1.0,0.0,1.0,0.0,0,12,2000.0,352.353973,0.75,12
123.822604,0.125,0.0,0.0,0.0,1625.784248,0.0,0.0,0.0,0.125,1,0,2000.0,0.0,0.0,8
2.850024,0.181818,114.56,0.0,114.56,0.0,0.25,0.0,0.25,0.0,0,3,1000.0,403.212926,0.333333,12
202.968428,1.0,163.55,0.0,163.55,0.0,0.5,0.0,0.5,0.0,0,9,1500.0,188.816775,0.0,12
8.905649,0.363636,112.29,0.0,112.29,0.0,0.166667,0.0,0.166667,0.0,0,3,1000.0,301.678494,0.0,12
161.754889,1.0,309.0,0.0,309.0,0.0,0.25,0.0,0.25,0.0,0,3,1000.0,629.976867,0.0,12
139.396168,0.545455,290.0,290.0,0.0,1128.392928,0.083333,0.083333,0.0,0.333333,4,1,1000.0,2988.236538,0.0,12
3673.371108,0.909091,2548.97,2051.97,497.0,4300.701115,1.0,0.818182,0.454545,0.636364,15,32,6000.0,2475.493772,0.0,11
383.881717,1.0,274.01,0.0,274.01,877.521511,0.916667,0.0,0.833333,0.166667,3,22,500.0,1214.797263,0.25,12
5484.339435,1.0,0.0,0.0,0.0,5990.590134,0.0,0.0,0.0,0.25,14,0,6000.0,1229.434538,0.0,12
318.805232,1.0,300.39,106.89,193.5,163.100401,1.0,0.1,0.9,0.1,8,13,1000.0,129.074206,0.111111,10
726.323657,0.857143,231.35,0.0,231.35,929.852206,0.714286,0.0,0.571429,0.142857,1,7,1000.0,248.997065,0.0,7
43.865582,0.818182,0.0,0.0,0.0,551.777371,0.0,0.0,0.0,0.083333,1,0,1200.0,855.843792,0.142857,12
5.140599,0.181818,50.66,0.0,50.66,0.0,0.166667,0.0,0.083333,0.0,0,2,3000.0,0.0,0.0,12
95.802358,1.0,218.96,0.0,218.96,0.0,0.909091,0.0,0.909091,0.0,0,10,2500.0,120.526564,0.0,11
5.629313,0.222222,62.72,0.0,62.72,0.0,0.444444,0.0,0.444444,0.0,0,4,1500.0,31.523069,0.0,9
306.688361,0.272727,0.0,0.0,0.0,1426.678724,0.0,0.0,0.0,0.083333,5,0,2500.0,169.340947,0.0,12
2373.686499,1.0,1310.47,0.0,1310.47,3667.381175,1.0,0.0,1.0,0.25,5,31,3000.0,4613.536289,0.0,12
231.422388,0.875,822.93,822.93,0.0,0.0,0.375,0.375,0.0,0.0,0,12,1200.0,120.912757,0.0,8
105.182503,0.272727,787.09,754.47,32.62,0.0,0.25,0.25,0.083333,0.0,0,11,2500.0,840.571045,0.0,12
9.996627,0.454545,87.94,0.0,87.94,0.0,0.416667,0.0,0.416667,0.0,0,5,1000.0,214.442181,0.2,12
1237.423459,1.0,650.0,650.0,0.0,0.0,0.083333,0.083333,0.0,0.0,0,1,1500.0,419.18249,0.0,12
2373.308268,1.0,0.0,0.0,0.0,770.923152,0.0,0.0,0.0,0.416667,12,0,2500.0,560.136623,0.0,12
363.443477,1.0,1969.7,1490.2,479.5,0.0,0.916667,0.75,0.833333,0.0,0,47,1200.0,1428.883821,0.3,12
2139.442272,1.0,68.22,68.22,0.0,6322.766113,0.166667,0.166667,0.0,0.25,5,2,5000.0,3022.813097,0.1,12
248.740266,1.0,1846.81,717.96,1128.85,0.0,1.0,0.5,1.0,0.0,0,42,1000.0,1508.727887,0.333333,12
634.759794,1.0,364.19,0.0,364.19,0.0,0.833333,0.0,0.833333,0.0,0,18,1000.0,29.897165,0.0,12
1093.522518,1.0,577.12,0.0,577.12,0.0,0.916667,0.0,0.833333,0.0,0,14,1050.0,854.405712,0.0,12
4572.797303,1.0,65.0,65.0,0.0,5075.019446,0.125,0.125,0.0,0.375,8,1,5500.0,657.437413,0.0,8
320.360709,0.454545,0.0,0.0,0.0,926.958974,0.0,0.0,0.0,0.083333,1,0,1200.0,2036.478465,0.25,12
64.343051,0.666667,281.05,0.0,281.05,0.0,0.666667,0.0,0.666667,0.0,0,5,1500.0,82.611456,0.0,6
40.661132,0.909091,235.3,0.0,235.3,0.0,0.833333,0.0,0.833333,0.0,0,10,1000.0,279.23448,0.272727,12
919.563867,1.0,3000.0,0.0,3000.0,823.979128,0.166667,0.0,0.083333,0.083333,1,2,2000.0,4426.498341,0.083333,12
20.620429,0.818182,169.66,0.0,169.66,0.0,0.75,0.0,0.666667,0.0,0,9,1000.0,192.185764,1.0,12
2096.451649,1.0,165.29,165.29,0.0,2359.624627,0.222222,0.222222,0.0,0.222222,6,3,2500.0,453.341203,0.0,9
85.881798,0.181818,0.0,0.0,0.0,628.355222,0.0,0.0,0.0,0.166667,2,0,3000.0,682.485692,0.0,12
174.228543,0.727273,3407.57,3276.57,131.0,0.0,0.583333,0.583333,0.166667,0.0,0,25,3000.0,4568.864048,0.714286,12
48.283965,1.0,325.92,0.0,325.92,0.0,1.0,0.0,1.0,0.0,0,12,2500.0,347.671947,0.416667,12
602.210858,1.0,965.0,965.0,0.0,0.0,0.25,0.25,0.0,0.0,0,5,1200.0,258.748232,0.0,12
22.987395,0.454545,200.0,0.0,200.0,0.0,0.363636,0.0,0.363636,0.0,0,4,2000.0,490.14841,0.0,11
1682.088431,1.0,2263.38,837.61,1425.77,784.0266,1.0,0.5,1.0,0.166667,3,69,4000.0,2411.309817,0.0,12
2046.727519,0.818182,1369.72,422.44,947.28,1817.810563,0.75,0.166667,0.666667,0.166667,4,17,2500.0,242.742734,0.0,12
839.081567,0.727273,0.0,0.0,0.0,609.463327,0.0,0.0,0.0,0.416667,6,0,1800.0,2719.934613,0.125,12
28.244252,0.545455,320.0,0.0,320.0,0.0,0.5,0.0,0.416667,0.0,0,6,1000.0,551.233491,0.4,12
929.113186,0.727273,1622.0,1622.0,0.0,0.0,0.166667,0.166667,0.0,0.0,0,2,1800.0,269.015241,0.0,12
17.206623,0.818182,109.0,0.0,109.0,0.0,0.5,0.0,0.416667,0.0,0,6,1000.0,143.410957,0.1,12
72.369731,1.0,588.0,0.0,588.0,0.0,1.0,0.0,1.0,0.0,0,12,2500.0,577.946554,0.583333,12
3239.011343,1.0,0.0,0.0,0.0,1678.519765,0.0,0.0,0.0,0.083333,3,0,4000.0,1129.597601,0.0,12
67.251991,0.545455,0.0,0.0,0.0,90.56246,0.0,0.0,0.0,0.083333,3,0,500.0,987.785921,0.333333,12
397.138622,0.363636,0.0,0.0,0.0,1188.211139,0.0,0.0,0.0,0.166667,3,0,1200.0,232.69994,0.0,12
1873.61991,1.0,396.26,396.26,0.0,2025.438092,0.571429,0.571429,0.0,0.571429,10,14,2500.0,353.512837,0.0,7
0.391963,0.090909,43.33,0.0,43.33,0.0,0.083333,0.0,0.083333,0.0,0,1,1200.0,0.0,0.0,12
3.391066,0.272727,72.44,0.0,72.44,0.0,0.333333,0.0,0.333333,0.0,0,4,1000.0,194.455374,0.75,12
55.243291,1.0,750.0,0.0,750.0,0.0,1.0,0.0,1.0,0.0,0,12,2000.0,710.623372,1.0,12
2.433343,0.166667,0.0,0.0,0.0,38.606307,0.0,0.0,0.0,0.166667,1,0,500.0,0.0,0.0,6
0.0,0.0,120.82,0.0,120.82,0.0,0.5,0.0,0.5,0.0,0,6,1000.0,275.029692,0.0,12
31.932178,0.363636,365.36,0.0,365.36,0.0,0.333333,0.0,0.333333,0.0,0,4,1833.333333,822.118125,1.0,12
34.750769,1.0,2562.0,0.0,2562.0,0.0,1.0,0.0,1.0,0.0,0,12,2300.0,2544.223939,0.454545,12
14.508545,0.454545,186.14,0.0,186.14,0.0,0.75,0.0,0.666667,0.0,0,9,2500.0,181.846393,0.142857,12
410.466315,0.545455,826.0,116.0,710.0,750.50253,0.909091,0.181818,0.818182,0.090909,2,15,1000.0,1750.067404,0.125,11
289.096953,1.0,3106.1,2368.6,737.5,0.0,1.0,1.0,0.666667,0.0,0,59,1300.0,2656.101893,0.833333,12
2.044745,0.181818,26.53,26.53,0.0,0.0,0.083333,0.083333,0.0,0.0,0,1,2500.0,155.972776,0.0,12
13.084067,0.090909,350.0,350.0,0.0,0.0,0.083333,0.083333,0.0,0.0,0,1,1000.0,3929.643369,0.0,12
1047.182049,0.818182,1727.64,0.0,1727.64,0.0,1.0,0.0,1.0,0.0,0,12,1000.0,3548.800193,0.0,12
161.442459,1.0,1767.61,320.02,1447.59,0.0,1.0,0.083333,1.0,0.0,0,20,2000.0,1688.46643,0.583333,12
2.100274,0.181818,65.0,65.0,0.0,0.0,0.083333,0.083333,0.0,0.0,0,1,3000.0,282.389037,0.0,12
1384.431318,1.0,3013.2,924.39,2088.81,0.0,1.0,0.166667,1.0,0.0,0,33,6600.0,1218.29542,0.0,12
155.167572,0.8,1084.76,0.0,1084.76,0.0,0.8,0.0,0.7,0.0,0,12,4000.0,1070.911497,0.666667,10
1.644581,0.090909,42.49,42.49,0.0,0.0,0.083333,0.083333,0.0,0.0,0,1,1200.0,231.480701,0.0,12
39.885648,1.0,433.32,0.0,433.32,0.0,1.0,0.0,1.0,0.0,0,12,6000.0,453.19428,0.666667,12
16.065938,0.545455,154.45,0.0,154.45,0.0,0.416667,0.0,0.416667,0.0,0,5,4000.0,301.05373,0.166667,12
0.0,0.0,113.0,0.0,113.0,0.0,0.333333,0.0,0.333333,0.0,0,5,4000.0,268.521412,0.0,12
1478.079872,1.0,0.0,0.0,0.0,204.29492,0.0,0.0,0.0,0.333333,5,0,1500.0,383.28285,0.0,12
1455.213589,0.833333,0.0,0.0,0.0,3195.76491,0.0,0.0,0.0,0.833333,10,0,4000.0,147.826185,0.0,6
3074.49082,1.0,0.0,0.0,0.0,3382.232089,0.0,0.0,0.0,0.166667,2,0,4000.0,3249.404994,0.0,12
0.021102,0.125,0.0,0.0,0.0,922.817511,0.0,0.0,0.0,0.125,1,0,4000.0,36.672617,0.0,8
11.918653,0.1,276.79,276.79,0.0,0.0,0.1,0.1,0.0,0.0,0,3,3000.0,0.0,0.0,10
1087.565213,1.0,0.0,0.0,0.0,216.51414,0.0,0.0,0.0,0.444444,4,0,1200.0,283.409367,0.0,9
439.357199,1.0,862.74,862.74,0.0,90.322514,0.666667,0.666667,0.0,0.25,4,22,1000.0,789.180188,0.0,12
30.287602,0.818182,0.0,0.0,0.0,827.814406,0.0,0.0,0.0,0.416667,11,0,1000.0,963.269399,0.166667,12
100.212638,0.8,639.29,116.9,522.39,0.0,0.8,0.1,0.7,0.0,0,17,1500.0,269.84678,0.5,10
12.209291,0.545455,143.75,0.0,143.75,0.0,0.416667,0.0,0.416667,0.0,0,5,1500.0,330.503125,1.0,12
6.646795,1.0,228.84,0.0,228.84,0.0,0.666667,0.0,0.666667,0.0,0,12,4000.0,232.790324,1.0,12
17.832206,0.545455,153.6,0.0,153.6,0.0,0.416667,0.0,0.416667,0.0,0,5,1000.0,207.376053,0.363636,12
73.243985,1.0,797.2,644.8,152.4,0.0,1.0,0.333333,1.0,0.0,0,16,1200.0,645.795684,0.454545,12
799.00867,1.0,192.96,0.0,192.96,559.392054,1.0,0.0,1.0,0.333333,5,12,2000.0,691.532728,0.0,12
796.558943,1.0,531.24,0.0,531.24,888.107988,1.0,0.0,0.833333,0.333333,4,6,1000.0,684.858625,0.0,6
3.364738,0.272727,582.94,0.0,582.94,0.0,0.416667,0.0,0.416667,0.0,0,5,2000.0,28.013889,0.0,12
143.538206,1.0,415.47,0.0,415.47,0.0,1.0,0.0,1.0,0.0,0,17,3000.0,394.512806,0.0,12
2170.916313,1.0,70.77,70.77,0.0,2524.177008,0.083333,0.083333,0.0,0.25,3,1,2500.0,545.076185,0.0,12
11.748193,0.181818,80.75,80.75,0.0,0.0,0.083333,0.083333,0.0,0.0,0,1,2000.0,0.0,0.0,12
23.934205,0.818182,266.1,0.0,266.1,0.0,0.666667,0.0,0.583333,0.0,0,8,4000.0,313.233366,0.636364,12
1869.63255,1.0,0.0,0.0,0.0,1897.993012,0.0,0.0,0.0,0.166667,4,0,2000.0,454.348175,0.0,12
150.269903,1.0,853.44,0.0,853.44,0.0,1.0,0.0,1.0,0.0,0,12,3000.0,869.413166,0.083333,12
11.395369,0.636364,100.5,0.0,100.5,0.0,0.5,0.0,0.5,0.0,0,6,3000.0,148.92824,0.142857,12
13.125634,0.545455,106.98,0.0,106.98,0.0,0.5,0.0,0.5,0.0,0,6,2500.0,275.244392,0.5,12
1619.881506,1.0,441.18,50.0,391.18,700.951557,0.5,0.083333,0.5,0.166667,4,12,3000.0,963.141799,0.0,12
7.054474,0.818182,427.98,0.0,427.98,0.0,1.0,0.0,0.916667,0.0,0,18,1500.0,402.34297,0.111111,12
26.771366,1.0,550.0,0.0,550.0,0.0,0.916667,0.0,0.916667,0.0,0,11,2000.0,581.909822,0.0,12
126.872455,0.545455,568.5,0.0,568.5,0.0,0.5,0.0,0.5,0.0,0,6,2000.0,1294.215768,0.0,12
3172.114278,1.0,454.13,0.0,454.13,4323.52433,1.0,0.0,0.888889,0.777778,22,11,4000.0,1746.248986,0.0,9
24.719209,0.545455,280.04,0.0,280.04,0.0,0.5,0.0,0.5,0.0,0,6,2500.0,538.899429,0.666667,12
477.258038,1.0,49.0,49.0,0.0,0.0,0.083333,0.083333,0.0,0.0,0,1,500.0,112.962753,0.0,12
22.322374,0.363636,95.0,95.0,0.0,1162.045833,0.083333,0.083333,0.0,0.166667,3,1,2500.0,4094.261427,0.0,12
986.84903,1.0,558.18,0.0,558.18,45.311387,1.0,0.0,1.0,0.083333,1,39,1000.0,1548.4862,0.0,12
21.168201,1.0,236.4,8.4,228.0,0.0,1.0,1.0,1.0,0.0,0,24,2500.0,217.008342,0.833333,12
854.56751,0.875,978.26,870.95,107.31,1043.765101,0.875,0.25,0.75,0.125,2,29,1500.0,2750.062711,0.2,8
19.25682,0.636364,185.02,0.0,185.02,0.0,0.5,0.0,0.5,0.0,0,6,2500.0,233.025663,0.3,12
131.83593,0.545455,2234.02,0.0,2234.02,0.0,0.5,0.0,0.5,0.0,0,6,2000.0,4432.954833,1.0,12
528.107264,1.0,674.52,0.0,674.52,0.0,1.0,0.0,1.0,0.0,0,12,2500.0,127.76546,0.0,12
908.465054,1.0,425.0,0.0,425.0,1457.729917,0.583333,0.0,0.583333,0.25,5,9,2000.0,742.934802,0.25,12
482.407545,0.636364,0.0,0.0,0.0,1071.188192,0.0,0.0,0.0,0.166667,3,0,1400.0,702.068789,0.090909,12
3326.323283,1.0,8209.77,2218.28,5991.49,0.0,1.0,0.416667,1.0,0.0,0,130,10000.0,1942.074765,0.083333,12
16.270638,0.3,1131.46,1131.46,0.0,0.0,0.2,0.2,0.0,0.0,0,3,3000.0,932.976337,0.0,10
35.518273,0.909091,283.8,0.0,283.8,0.0,0.833333,0.0,0.75,0.0,0,10,2500.0,302.73613,0.666667,12
547.287057,1.0,0.0,0.0,0.0,243.336548,0.0,0.0,0.0,0.166667,2,0,2000.0,232.430161,0.0,12
528.463885,1.0,0.0,0.0,0.0,5191.738847,0.0,0.0,0.0,0.833333,11,0,1000.0,4736.808799,0.833333,12
1594.994317,0.875,667.0,569.0,98.0,1880.647102,0.875,0.125,0.75,0.5,5,8,2500.0,248.746263,0.0,8
78.821949,1.0,1333.75,964.72,369.03,0.0,1.0,0.583333,0.583333,0.0,0,18,1000.0,1266.894805,0.888889,12
1297.740903,0.909091,944.44,0.0,944.44,1382.21391,1.0,0.0,1.0,0.166667,5,32,1500.0,2685.673905,0.0,12
236.996845,0.727273,0.0,0.0,0.0,3806.179299,0.0,0.0,0.0,0.666667,41,0,1000.0,4609.777736,0.6,12
221.810125,0.727273,0.0,0.0,0.0,903.684584,0.0,0.0,0.0,0.166667,2,0,500.0,662.179022,0.166667,12
736.024188,0.9,350.02,0.0,350.02,0.0,0.6,0.0,0.6,0.0,0,6,1000.0,133.825578,0.0,10
293.125181,1.0,2812.69,2512.69,300.0,0.0,0.75,0.75,0.083333,0.0,0,27,1000.0,2420.213,0.833333,12
117.344883,1.0,661.3,0.0,661.3,477.825546,1.0,0.0,0.9,0.1,1,13,1200.0,562.896648,0.25,10
1175.241984,1.0,1102.72,1102.72,0.0,136.401822,0.571429,0.571429,0.0,0.285714,5,10,1200.0,147.169915,0.0,7
31.111952,0.909091,470.65,0.0,470.65,0.0,0.833333,0.0,0.833333,0.0,0,17,3000.0,496.387423,0.909091,12
1019.135688,1.0,0.0,0.0,0.0,1153.912092,0.0,0.0,0.0,0.285714,3,0,1200.0,114.172744,0.0,7
11.056609,0.454545,334.85,0.0,334.85,0.0,0.583333,0.0,0.583333,0.0,0,7,3000.0,524.05706,0.833333,12
134.687754,1.0,2395.92,0.0,2395.92,0.0,1.0,0.0,1.0,0.0,0,12,3500.0,2440.778198,0.916667,12
116.036232,0.727273,138.8,138.8,0.0,413.247771,0.181818,0.181818,0.0,0.181818,2,3,1500.0,317.583796,0.1,11
382.378002,1.0,0.0,0.0,0.0,1097.698179,0.0,0.0,0.0,0.25,5,0,1500.0,679.788131,0.1,12
3.229304,0.545455,190.2,0.0,190.2,0.0,0.666667,0.0,0.583333,0.0,0,8,1500.0,295.937124,0.0,12
49.032869,1.0,360.96,0.0,360.96,0.0,1.0,0.0,0.875,0.0,0,8,1000.0,321.694432,0.285714,8
258.541401,1.0,2260.29,2088.59,171.7,0.0,0.916667,0.75,0.416667,0.0,0,18,1800.0,1268.746941,0.6,12
575.662861,0.545455,0.0,0.0,0.0,3628.692831,0.0,0.0,0.0,0.166667,3,0,3000.0,4582.535303,0.5,12
19.125876,0.090909,275.86,171.98,103.88,366.686248,0.083333,0.083333,0.083333,0.083333,2,9,1200.0,0.0,0.0,12
7.169078,0.181818,118.2,0.0,118.2,0.0,0.083333,0.0,0.083333,0.0,0,1,2000.0,889.040469,0.0,12
2199.65234,1.0,0.0,0.0,0.0,2476.783665,0.0,0.0,0.0,0.428571,8,0,2500.0,275.699225,0.0,7
0.919387,0.181818,251.5,251.5,0.0,0.0,0.166667,0.166667,0.0,0.0,0,4,1200.0,712.364811,0.0,12
1050.524091,0.875,0.0,0.0,0.0,1412.242287,0.0,0.0,0.0,0.125,1,0,1500.0,1270.512009,0.0,8
134.142415,0.909091,1729.67,1729.67,0.0,0.0,0.666667,0.666667,0.0,0.0,0,11,1200.0,1735.980519,0.333333,12
34.223151,1.0,108.0,0.0,108.0,0.0,1.0,0.0,1.0,0.0,0,12,1000.0,68.331764,0.0,12
28.838076,1.0,484.68,0.0,484.68,0.0,1.0,0.0,1.0,0.0,0,12,1000.0,485.036484,0.166667,12
52.666422,1.0,150.3,0.0,150.3,0.0,1.0,0.0,0.833333,0.0,0,6,1000.0,54.722514,0.0,6
212.244875,0.909091,0.0,0.0,0.0,1503.182148,0.0,0.0,0.0,0.25,3,0,2000.0,3143.206742,0.333333,12
1231.092907,1.0,250.0,250.0,0.0,782.610563,0.083333,0.083333,0.0,0.25,5,1,1800.0,1116.543176,0.0,12
9.630478,1.0,257.49,0.0,257.49,0.0,1.0,0.0,1.0,0.0,0,14,1500.0,251.907165,0.7,12
1168.345069,1.0,0.0,0.0,0.0,96.091248,0.0,0.0,0.0,0.083333,1,0,1200.0,255.224549,0.0,12
38.68635,0.363636,0.0,0.0,0.0,426.435424,0.0,0.0,0.0,0.090909,1,0,500.0,1773.465607,0.5,11
460.081479,0.833333,649.5,0.0,649.5,793.822988,0.833333,0.0,0.833333,0.666667,6,6,1000.0,625.116471,0.25,6
13.027653,0.272727,0.0,0.0,0.0,411.480832,0.0,0.0,0.0,0.166667,2,0,1200.0,421.803076,0.0,12
417.444057,0.666667,0.0,0.0,0.0,708.715173,0.0,0.0,0.0,0.333333,7,0,1200.0,27.397306,0.0,6
1889.128442,0.909091,0.0,0.0,0.0,2994.518885,0.0,0.0,0.0,0.363636,12,0,3000.0,7744.256948,0.0,11
1029.111236,0.909091,0.0,0.0,0.0,1097.380897,0.0,0.0,0.0,0.166667,4,0,1200.0,0.0,0.0,12
4696.525962,0.875,604.33,435.0,169.33,6400.248453,0.5,0.375,0.125,0.375,7,5,8000.0,840.965985,0.0,8
1034.026449,1.0,93.34,0.0,93.34,432.159364,0.25,0.0,0.25,0.083333,1,4,1500.0,294.925221,0.0,12
1243.254633,1.0,0.0,0.0,0.0,1428.440429,0.0,0.0,0.0,0.083333,1,0,3500.0,562.362623,0.0,12
31.560931,0.545455,300.0,0.0,300.0,0.0,0.5,0.0,0.5,0.0,0,6,1000.0,588.763068,1.0,12
130.041299,1.0,581.28,0.0,581.28,342.397949,1.0,0.0,0.875,0.125,1,8,1000.0,498.524607,0.5,8
1283.337407,1.0,1022.41,171.6,850.81,1158.035224,0.875,0.125,0.75,0.25,5,16,1200.0,846.998942,0.0,8
1843.191023,1.0,1446.48,0.0,1446.48,1450.172456,1.0,0.0,1.0,0.083333,1,48,2000.0,945.67939,0.0,12
896.563274,0.818182,511.0,0.0,511.0,1084.460175,0.5,0.0,0.416667,0.166667,3,6,1400.0,1330.67108,0.0,12
1130.827049,0.909091,0.0,0.0,0.0,1727.256593,0.0,0.0,0.0,0.272727,7,0,1500.0,1897.193158,0.090909,11
16.887571,0.363636,1083.0,1083.0,0.0,0.0,0.25,0.25,0.0,0.0,0,3,1200.0,3905.430817,0.0,12
5.529633,0.181818,45.0,0.0,45.0,0.0,0.166667,0.0,0.166667,0.0,0,2,1000.0,515.842674,0.5,12
655.786755,1.0,387.68,0.0,387.68,0.0,0.083333,0.0,0.083333,0.0,0,1,2000.0,1110.023792,0.0,12
37.123618,0.857143,84.24,0.0,84.24,0.0,0.857143,0.0,0.714286,0.0,0,6,1500.0,0.0,0.0,7
2601.463574,1.0,0.0,0.0,0.0,528.119509,0.0,0.0,0.0,0.083333,2,0,6000.0,1317.570981,0.0,12
819.462711,0.818182,0.0,0.0,0.0,1131.611986,0.0,0.0,0.0,0.25,6,0,1200.0,432.036408,0.0,12
414.631529,1.0,0.0,0.0,0.0,739.862664,0.0,0.0,0.0,0.583333,13,0,500.0,799.824822,0.166667,12
20.996733,0.909091,295.92,0.0,295.92,0.0,1.0,0.0,1.0,0.0,0,12,1000.0,276.213902,0.636364,12
112.390812,1.0,269.9,49.9,220.0,0.0,0.666667,0.083333,0.666667,0.0,0,9,1500.0,204.160043,0.0,12
997.496745,1.0,1629.83,1629.83,0.0,276.760257,0.583333,0.583333,0.0,0.25,5,21,1200.0,890.611754,0.0,12
32.182264,1.0,208.61,0.0,208.61,0.0,1.0,0.0,1.0,0.0,0,15,1000.0,146.936578,0.181818,12
19.303362,0.818182,150.24,0.0,150.24,0.0,0.666667,0.0,0.666667,0.0,0,8,1500.0,192.431598,0.7,12
2.892853,0.181818,52.68,0.0,52.68,0.0,0.166667,0.0,0.166667,0.0,0,2,500.0,290.072441,1.0,12
45.069167,1.0,218.28,0.0,218.28,0.0,1.0,0.0,1.0,0.0,0,12,1000.0,203.222849,0.0,12
4.390888,0.272727,0.0,0.0,0.0,19.35123,0.0,0.0,0.0,0.083333,1,0,500.0,95.983734,0.0,12
21.739563,0.727273,255.6,0.0,255.6,0.0,0.666667,0.0,0.666667,0.0,0,8,1500.0,400.463395,0.75,12
398.453246,1.0,0.0,0.0,0.0,647.778706,0.0,0.0,0.0,0.857143,10,0,500.0,323.875395,0.0,7
469.319087,0.818182,383.81,0.0,383.81,870.533909,0.583333,0.0,0.5,0.333333,6,14,1500.0,57.924613,0.0,12
42.577756,0.909091,4061.96,4061.96,0.0,0.0,0.916667,0.916667,0.0,0.0,0,35,500.0,3716.880684,0.75,12
1.307969,0.272727,0.0,0.0,0.0,296.676377,0.0,0.0,0.0,0.083333,1,0,1200.0,1238.145022,1.0,12
110.913143,1.0,2339.3,2098.46,240.84,252.018346,0.666667,0.666667,0.5,0.166667,5,34,500.0,1275.716405,0.285714,12
1182.080141,1.0,266.68,0.0,266.68,848.848179,0.666667,0.0,0.666667,0.083333,6,8,1000.0,119.861878,0.0,12
85.900738,1.0,0.0,0.0,0.0,278.348105,0.0,0.0,0.0,0.25,3,0,500.0,193.747321,0.0,12
1812.30897,1.0,219.8,219.8,0.0,1732.099796,0.083333,0.083333,0.0,0.333333,5,2,2500.0,463.885403,0.0,12
356.52371,1.0,1819.0,749.9,1069.1,0.0,0.833333,0.333333,0.75,0.0,0,27,1200.0,1402.326881,0.0,12
272.310015,1.0,575.3,220.34,354.96,0.0,1.0,0.083333,1.0,0.0,0,14,1500.0,354.086664,0.0,12
7.696813,0.090909,111.3,111.3,0.0,101.656544,0.083333,0.083333,0.0,0.083333,1,2,1200.0,0.0,0.0,12
6.747965,0.545455,277.44,0.0,277.44,0.0,1.0,0.0,1.0,0.0,0,12,1000.0,263.591465,0.363636,12
13.44199,0.454545,56.51,0.0,56.51,0.0,0.25,0.0,0.25,0.0,0,3,1000.0,190.431651,0.166667,12
0.065402,0.090909,69.0,0.0,69.0,0.0,0.083333,0.0,0.083333,0.0,0,1,1500.0,506.68867,0.0,12
70.954998,0.818182,616.67,0.0,616.67,0.0,0.583333,0.0,0.5,0.0,0,7,500.0,688.541249,0.0,12
1012.08968,1.0,312.48,0.0,312.48,0.0,1.0,0.0,1.0,0.0,0,12,1000.0,325.606238,0.0,12
1107.848228,1.0,0.0,0.0,0.0,318.884066,0.0,0.0,0.0,0.166667,3,0,1200.0,400.316615,0.0,12
1528.122917,1.0,0.0,0.0,0.0,2426.656054,0.0,0.0,0.0,0.5,19,0,3500.0,2039.574349,0.0,12
342.361553,1.0,258.5,83.48,175.02,225.819508,0.666667,0.166667,0.5,0.083333,3,10,1000.0,686.449219,0.083333,12
79.03891,0.363636,750.0,0.0,750.0,0.0,0.25,0.0,0.25,0.0,0,3,1300.0,2445.816802,1.0,12
115.61103,1.0,379.32,0.0,379.32,0.0,1.0,0.0,1.0,0.0,0,12,1000.0,281.152056,0.0,12
221.29129,1.0,1429.54,653.82,775.72,0.0,0.916667,0.5,0.666667,0.0,0,24,700.0,1277.898622,0.375,12
553.901465,1.0,458.76,0.0,458.76,0.0,1.0,0.0,1.0,0.0,0,12,1000.0,157.770746,0.0,12
70.162707,0.636364,599.0,0.0,599.0,0.0,0.5,0.0,0.416667,0.0,0,6,1000.0,1007.348156,1.0,12
942.329974,1.0,450.0,450.0,0.0,722.690339,0.166667,0.166667,0.0,0.166667,2,3,1200.0,281.028562,0.0,6
683.188651,1.0,85.0,85.0,0.0,0.0,0.083333,0.083333,0.0,0.0,0,1,3000.0,447.237766,0.0,12
4.107485,0.181818,52.5,0.0,52.5,0.0,0.166667,0.0,0.083333,0.0,0,2,500.0,82.529481,0.0,12
17.413459,0.818182,264.8,0.0,264.8,0.0,0.833333,0.0,0.833333,0.0,0,10,1000.0,302.250761,0.6,12
49.519627,0.545455,210.0,210.0,0.0,446.514417,0.083333,0.083333,0.0,0.083333,1,1,500.0,885.24483,0.0,12
7.367128,0.555556,479.71,479.71,0.0,95.299613,0.333333,0.333333,0.0,0.222222,2,12,3000.0,1190.03983,1.0,9
1040.030221,1.0,0.0,0.0,0.0,1390.64829,0.0,0.0,0.0,0.545455,18,0,1400.0,290.12962,0.0,11
35.966227,0.909091,216.12,0.0,216.12,0.0,1.0,0.0,1.0,0.0,0,12,1000.0,150.069276,0.0,12
10.286805,0.363636,60.0,0.0,60.0,0.0,0.25,0.0,0.25,0.0,0,3,1000.0,194.460801,0.25,12
23.506407,0.181818,256.69,256.69,0.0,0.0,0.083333,0.083333,0.0,0.0,0,5,1200.0,1386.758471,0.0,12
100.477642,1.0,1560.0,0.0,1560.0,0.0,1.0,0.0,1.0,0.0,0,12,1000.0,1480.011123,1.0,12
21.718289,1.0,182.27,0.0,182.27,0.0,0.916667,0.0,0.833333,0.0,0,11,1500.0,176.130076,0.375,12
2279.831751,1.0,0.0,0.0,0.0,404.329848,0.0,0.0,0.0,0.166667,2,0,2500.0,443.514543,0.0,12
474.451835,0.545455,0.0,0.0,0.0,1016.333944,0.0,0.0,0.0,0.25,8,0,1200.0,414.218007,0.0,12
0.006651,0.142857,0.0,0.0,0.0,164.137866,0.0,0.0,0.0,0.142857,1,0,1200.0,5.070726,0.0,7
293.351517,1.0,0.0,0.0,0.0,247.986362,0.0,0.0,0.0,0.083333,3,0,500.0,533.754035,0.083333,12
543.219992,0.833333,0.0,0.0,0.0,1497.188933,0.0,0.0,0.0,0.833333,8,0,3000.0,407.343532,0.25,6
251.281423,1.0,1873.56,0.0,1873.56,0.0,1.0,0.0,1.0,0.0,0,12,1000.0,1599.510802,0.416667,12
2069.451252,1.0,0.0,0.0,0.0,2849.085564,0.0,0.0,0.0,0.666667,14,0,3000.0,199.137135,0.0,6
267.401555,1.0,156.6,0.0,156.6,0.0,1.0,0.0,1.0,0.0,0,12,1000.0,157.691576,0.0,12
587.625834,0.727273,0.0,0.0,0.0,1056.036609,0.0,0.0,0.0,0.166667,2,0,1200.0,1209.43408,0.0,12
59.714532,0.909091,305.84,0.0,305.84,0.0,0.833333,0.0,0.833333,0.0,0,10,1000.0,345.566925,0.636364,12
154.416929,1.0,483.27,483.27,0.0,108.462594,0.416667,0.416667,0.0,0.166667,2,7,500.0,266.232394,0.0,12
25.615441,0.545455,146.5,146.5,0.0,0.0,0.416667,0.416667,0.0,0.0,0,5,500.0,287.288012,0.0,12
272.833329,1.0,526.04,0.0,526.04,0.0,1.0,0.0,1.0,0.0,0,28,1500.0,112.964455,0.0,12
444.841702,1.0,218.59,218.59,0.0,0.0,0.083333,0.083333,0.0,0.0,0,4,500.0,223.771445,0.0,12
945.802599,1.0,540.0,0.0,540.0,912.094948,1.0,0.0,0.875,0.125,4,15,1000.0,365.497356,0.0,8
848.44901,0.7,0.0,0.0,0.0,1371.216719,0.0,0.0,0.0,0.1,1,0,1500.0,265.306179,0.0,10
327.508171,0.875,2477.68,1419.31,1058.37,0.0,0.875,0.875,0.75,0.0,0,42,2000.0,1724.519418,0.833333,8
599.909949,1.0,4947.32,3149.59,1797.73,0.0,1.0,1.0,0.916667,0.0,0,73,3000.0,5024.430008,0.083333,12
1016.826034,0.833333,0.0,0.0,0.0,1364.852957,0.0,0.0,0.0,0.333333,5,0,1500.0,139.841142,0.0,6
59.695937,1.0,370.56,0.0,370.56,0.0,1.0,0.0,1.0,0.0,0,19,1500.0,290.863599,0.166667,12
1112.915657,1.0,13.0,13.0,0.0,256.944059,0.083333,0.083333,0.0,0.25,5,1,1500.0,396.056561,0.0,12
21.933648,1.0,113.0,0.0,113.0,0.0,0.833333,0.0,0.833333,0.0,0,10,1500.0,101.831302,0.083333,12
79.861604,1.0,427.36,0.0,427.36,0.0,0.833333,0.0,0.833333,0.0,0,10,1000.0,410.368448,0.166667,12
471.274037,1.0,49.85,49.85,0.0,458.153085,0.083333,0.083333,0.0,0.083333,1,2,500.0,129.45468,0.0,12
131.936915,0.888889,1233.28,0.0,1233.28,0.0,0.888889,0.0,0.777778,0.0,0,12,2000.0,732.737299,0.333333,9
115.327148,0.363636,1042.4,1042.4,0.0,0.0,0.25,0.25,0.0,0.0,0,4,2000.0,1918.062101,0.25,12
23.223559,0.181818,387.32,159.0,228.32,0.0,0.166667,0.083333,0.083333,0.0,0,6,1200.0,86.332384,0.0,12
1904.376436,1.0,0.0,0.0,0.0,2185.071381,0.0,0.0,0.0,0.375,3,0,3000.0,980.969819,0.0,8
39.564588,0.363636,359.24,0.0,359.24,0.0,0.333333,0.0,0.333333,0.0,0,4,1500.0,992.647976,1.0,12
7.581335,0.363636,94.12,0.0,94.12,0.0,0.333333,0.0,0.333333,0.0,0,4,1000.0,270.381019,1.0,12
1199.66533,1.0,0.0,0.0,0.0,366.121216,0.0,0.0,0.0,0.090909,2,0,1200.0,552.261569,0.0,11
1116.44317,1.0,0.0,0.0,0.0,18.904244,0.0,0.0,0.0,0.083333,1,0,1200.0,264.159577,0.0,12
0.648074,0.272727,258.0,0.0,258.0,0.0,1.0,0.0,1.0,0.0,0,12,1000.0,320.135581,0.2,12
2486.283073,0.833333,0.0,0.0,0.0,4043.400571,0.0,0.0,0.0,0.5,6,0,4000.0,394.549489,0.0,6
1031.037548,1.0,0.0,0.0,0.0,1117.043527,0.0,0.0,0.0,0.181818,8,0,1200.0,157.740697,0.0,11
1314.832328,0.909091,0.0,0.0,0.0,1430.220725,0.0,0.0,0.0,0.166667,4,0,1500.0,277.83717,0.0,12
18.516899,1.0,260.4,0.0,260.4,0.0,1.0,0.0,1.0,0.0,0,12,1500.0,249.469171,0.75,12
459.036183,1.0,755.0,185.0,570.0,0.0,1.0,0.083333,1.0,0.0,0,13,2000.0,181.336934,0.0,12
91.669477,0.363636,824.5,737.3,87.2,0.0,0.333333,0.083333,0.25,0.0,0,9,1500.0,175.478647,1.0,12
1929.555023,1.0,621.11,621.11,0.0,6691.286753,0.333333,0.333333,0.0,0.666667,29,5,6000.0,2406.905963,0.0,12
1189.934589,0.818182,0.0,0.0,0.0,2271.460329,0.0,0.0,0.0,0.272727,6,0,3000.0,2423.466368,0.111111,11
45.972648,1.0,0.0,0.0,0.0,90.651341,0.0,0.0,0.0,0.083333,1,0,500.0,120.805392,0.125,12
1.155609,0.181818,117.68,0.0,117.68,0.0,0.25,0.0,0.25,0.0,0,4,1500.0,405.194961,0.75,12
2898.484109,1.0,0.0,0.0,0.0,3021.097135,0.0,0.0,0.0,0.272727,5,0,3000.0,230.794237,0.0,11
368.318662,0.909091,8053.95,8053.95,0.0,0.0,0.833333,0.833333,0.0,0.0,0,46,2000.0,7966.582037,0.777778,12
458.403218,0.727273,0.0,0.0,0.0,2249.627477,0.0,0.0,0.0,0.272727,6,0,1200.0,2611.270088,0.125,11
624.049989,0.909091,500.0,500.0,0.0,0.0,0.083333,0.083333,0.0,0.0,0,1,5000.0,108.048011,0.0,12
990.92233,0.888889,0.0,0.0,0.0,1134.263273,0.0,0.0,0.0,0.111111,1,0,1200.0,143.682692,0.0,9
263.63692,0.727273,1350.7,1060.7,290.0,0.0,0.666667,0.5,0.25,0.0,0,17,1500.0,837.745205,0.0,12
699.712899,1.0,0.0,0.0,0.0,1244.774872,0.0,0.0,0.0,0.166667,31,0,1500.0,1619.875345,0.090909,12
44.904048,1.0,167.37,0.0,167.37,0.0,1.0,0.0,0.857143,0.0,0,7,1000.0,58.060753,0.2,7
109.621031,1.0,1060.5,0.0,1060.5,0.0,1.0,0.0,1.0,0.0,0,29,1000.0,890.174668,0.583333,12
10.65253,0.181818,209.2,0.0,209.2,0.0,0.166667,0.0,0.083333,0.0,0,2,500.0,0.0,0.0,12
873.680279,1.0,2397.05,1072.46,1324.59,1657.160669,1.0,0.5,0.916667,0.583333,12,23,2500.0,2028.986135,0.083333,12
10.268192,0.272727,0.0,0.0,0.0,491.148937,0.0,0.0,0.0,0.25,23,0,500.0,2117.308744,1.0,12
1572.332442,0.666667,0.0,0.0,0.0,3230.173371,0.0,0.0,0.0,0.166667,3,0,4500.0,1022.035785,0.0,6
10.318754,0.625,102.66,0.0,102.66,0.0,0.375,0.0,0.25,0.0,0,3,1500.0,190.431856,0.0,8
60.816514,0.818182,900.0,0.0,900.0,0.0,0.75,0.0,0.75,0.0,0,9,1000.0,1208.785022,0.777778,12
68.226894,0.571429,388.5,0.0,388.5,0.0,0.714286,0.0,0.714286,0.0,0,5,1000.0,303.411962,0.0,7
27.202031,1.0,538.41,0.0,538.41,0.0,1.0,0.0,1.0,0.0,0,15,1500.0,458.430924,0.4,12
7302.672686,1.0,0.0,0.0,0.0,10762.70776,0.0,0.0,0.0,0.75,19,0,9000.0,3824.308564,0.0,12
53.918649,1.0,293.4,0.0,293.4,0.0,1.0,0.0,0.916667,0.0,0,12,1000.0,214.720832,0.090909,12
78.448912,1.0,1875.18,977.85,897.33,0.0,1.0,0.833333,0.916667,0.0,0,78,1200.0,1656.503571,1.0,12
812.259343,1.0,354.63,280.1,74.53,830.160011,0.25,0.166667,0.083333,0.5,8,3,1200.0,201.90503,0.0,12
181.275057,0.4,192.23,192.23,0.0,1209.77251,0.3,0.3,0.0,0.3,10,5,2000.0,1088.224155,0.0,10
18.293628,0.545455,117.65,0.0,117.65,0.0,0.416667,0.0,0.416667,0.0,0,5,1500.0,186.00215,0.2,12
64.227433,1.0,419.4,0.0,419.4,0.0,0.75,0.0,0.75,0.0,0,9,1000.0,406.137534,0.272727,12
133.999971,1.0,1485.0,0.0,1485.0,0.0,1.0,0.0,1.0,0.0,0,12,1000.0,1353.276771,0.909091,12
0.422555,0.125,0.0,0.0,0.0,104.437928,0.0,0.0,0.0,0.125,1,0,2500.0,887.984715,0.0,8
113.563652,1.0,729.6,0.0,729.6,0.0,1.0,0.0,1.0,0.0,0,12,1000.0,596.539738,0.545455,12
9.074142,0.888889,555.66,0.0,555.66,0.0,1.0,0.0,0.888889,0.0,0,9,1500.0,547.194469,0.0,9
477.847191,1.0,1006.0,942.12,63.88,0.0,0.833333,0.75,0.166667,0.0,0,24,500.0,561.212055,0.0,12
220.943665,1.0,1833.34,0.0,1833.34,0.0,0.916667,0.0,0.916667,0.0,0,11,1000.0,1652.755379,0.818182,12
18.885677,0.375,57.0,57.0,0.0,0.0,0.125,0.125,0.0,0.0,0,1,1500.0,0.0,0.0,8
165.240633,0.181818,0.0,0.0,0.0,1088.751325,0.0,0.0,0.0,0.166667,4,0,1500.0,0.0,0.0,12
2718.796217,1.0,428.0,0.0,428.0,2712.077107,0.75,0.0,0.666667,0.083333,1,9,3000.0,962.94577,0.0,12
4.843351,0.090909,368.28,0.0,368.28,0.0,1.0,0.0,1.0,0.0,0,12,1000.0,935.500113,0.0,12
1056.267818,0.909091,0.0,0.0,0.0,1450.812947,0.0,0.0,0.0,0.166667,8,0,1500.0,1909.972695,0.111111,12
748.264608,0.818182,808.99,808.99,0.0,169.529717,0.090909,0.090909,0.0,0.090909,5,1,1000.0,171.734804,0.0,11
3002.791004,1.0,2463.0,2463.0,0.0,797.15895,0.166667,0.166667,0.0,0.166667,3,3,3000.0,431.716492,0.0,12
1374.266113,1.0,1814.3,1596.8,217.5,0.0,0.666667,0.333333,0.416667,0.0,0,10,6500.0,2668.399516,0.0,12
1425.003265,1.0,562.42,0.0,562.42,1814.910939,0.75,0.0,0.666667,0.416667,7,19,1800.0,985.544048,0.0,12
207.561471,0.833333,60.0,0.0,60.0,259.545238,0.833333,0.0,0.833333,0.166667,2,6,1000.0,59.58827,0.0,6
39.061878,1.0,297.02,0.0,297.02,0.0,0.916667,0.0,0.916667,0.0,0,11,1000.0,297.32915,0.0,12
2492.463204,1.0,0.0,0.0,0.0,2625.644609,0.0,0.0,0.0,0.25,7,0,3000.0,621.099464,0.0,12
45.747578,0.363636,0.0,0.0,0.0,201.529984,0.0,0.0,0.0,0.083333,2,0,1200.0,491.502618,0.333333,12
45.645815,1.0,222.0,0.0,222.0,0.0,1.0,0.0,0.916667,0.0,0,12,1500.0,175.938042,0.3,12
51.071594,0.888889,0.0,0.0,0.0,360.199098,0.0,0.0,0.0,0.555556,14,0,500.0,0.049513,0.0,9
11.442399,0.636364,82.0,0.0,82.0,0.0,0.5,0.0,0.416667,0.0,0,6,1000.0,82.847064,0.222222,12
407.399529,1.0,0.0,0.0,0.0,1364.307564,0.0,0.0,0.0,0.166667,2,0,1500.0,98.494145,0.0,12
35.38985,1.0,285.24,0.0,285.24,0.0,1.0,0.0,0.916667,0.0,0,12,1000.0,232.82123,0.363636,12
851.249818,1.0,2000.0,2000.0,0.0,4085.845895,0.285714,0.285714,0.0,0.571429,12,4,1200.0,2246.792007,0.285714,7
2533.618119,0.909091,5633.83,2985.92,2647.91,2451.807788,0.916667,0.5,0.75,0.333333,16,82,9000.0,8176.953944,0.0,12
981.286008,1.0,1370.0,1370.0,0.0,0.0,0.083333,0.083333,0.0,0.0,0,1,1400.0,596.685481,0.0,12
1367.703777,0.909091,153.0,0.0,153.0,1487.406583,0.545455,0.0,0.454545,0.090909,14,6,1500.0,0.0,0.0,11
1520.623758,0.818182,0.0,0.0,0.0,3135.113427,0.0,0.0,0.0,0.454545,7,0,5000.0,719.805537,0.0,11
84.033173,1.0,1099.0,0.0,1099.0,0.0,1.0,0.0,0.916667,0.0,0,12,1000.0,984.393603,0.909091,12
87.026009,1.0,605.52,0.0,605.52,0.0,1.0,0.0,0.916667,0.0,0,12,1500.0,511.637312,0.0,12
40.960739,0.181818,472.75,431.37,41.38,0.0,0.181818,0.181818,0.090909,0.0,0,7,13000.0,0.0,0.0,11
983.520793,0.888889,554.1,554.1,0.0,758.43644,0.333333,0.333333,0.0,0.333333,5,5,1200.0,376.440358,0.0,9
1000.814822,0.285714,0.0,0.0,0.0,3465.266978,0.0,0.0,0.0,0.142857,6,0,6000.0,235.351288,0.0,7
2856.473263,1.0,1200.0,1200.0,0.0,1710.323236,0.090909,0.090909,0.0,0.090909,3,1,3000.0,0.0,0.0,11
16.428326,0.909091,441.5,124.7,316.8,0.0,1.0,0.166667,0.916667,0.0,0,14,1000.0,482.547848,0.333333,12
1042.816735,0.625,3950.0,3950.0,0.0,0.0,0.25,0.25,0.0,0.0,0,3,3150.0,6274.982741,0.0,8
38.015366,1.0,213.95,0.0,213.95,0.0,0.916667,0.0,0.833333,0.0,0,11,1500.0,163.496451,0.444444,12
8.34698,0.181818,390.0,0.0,390.0,0.0,1.0,0.0,0.916667,0.0,0,12,1500.0,410.528786,0.0,12
0.546067,0.090909,228.0,0.0,228.0,0.0,1.0,0.0,0.916667,0.0,0,12,1000.0,238.695115,0.0,12
0.979061,0.272727,0.0,0.0,0.0,329.93065,0.0,0.0,0.0,0.083333,1,0,500.0,1316.748413,1.0,12
0.223351,0.090909,336.0,0.0,336.0,0.0,1.0,0.0,0.916667,0.0,0,12,1000.0,578.819329,0.0,12
455.471255,1.0,389.7,44.7,345.0,276.902382,1.0,0.083333,0.916667,0.083333,4,14,1000.0,48.594194,0.090909,12
3.036243,0.090909,0.0,0.0,0.0,81.569379,0.0,0.0,0.0,0.083333,1,0,500.0,0.0,0.0,12
44.505527,1.0,401.76,0.0,401.76,0.0,0.916667,0.0,0.916667,0.0,0,12,1500.0,291.089279,0.6,12
2740.65886,0.857143,0.0,0.0,0.0,3915.423824,0.0,0.0,0.0,0.285714,5,0,4000.0,326.001211,0.0,7
1812.542545,0.857143,2918.08,2918.08,0.0,0.0,0.571429,0.571429,0.0,0.0,0,5,3000.0,247.249275,0.0,7
67.377243,1.0,295.0,0.0,295.0,0.0,0.5,0.0,0.416667,0.0,0,6,1000.0,245.689379,0.3,12
307.127754,1.0,909.3,409.3,500.0,237.378894,0.583333,0.166667,0.5,0.166667,4,12,1000.0,943.27817,0.0,12
315.388131,1.0,467.35,40.0,427.35,213.301381,1.0,0.090909,0.909091,0.090909,3,12,1000.0,329.764112,0.1,11
10.902628,1.0,120.56,0.0,120.56,0.0,1.0,0.0,0.909091,0.0,0,11,1500.0,89.489378,0.1,11
865.137568,1.0,149.0,0.0,149.0,1052.459725,0.272727,0.0,0.181818,0.181818,2,3,1200.0,643.503303,0.0,11
708.315197,1.0,2252.32,452.32,1800.0,0.0,0.818182,0.181818,0.727273,0.0,0,12,2500.0,2155.891761,0.1,11
69.39915,0.571429,370.0,370.0,0.0,381.644337,0.142857,0.142857,0.0,0.142857,3,1,500.0,770.669761,0.5,7
15.529084,0.909091,294.98,0.0,294.98,0.0,1.0,0.0,0.909091,0.0,0,12,1500.0,293.826005,0.25,11
25.486713,1.0,365.0,0.0,365.0,0.0,1.0,0.0,0.909091,0.0,0,19,1500.0,254.686988,0.777778,11
736.724142,1.0,421.96,0.0,421.96,1001.547474,1.0,0.0,0.909091,0.272727,14,11,1000.0,555.342356,0.0,11
116.581583,0.818182,1045.14,227.14,818.0,0.0,0.727273,0.181818,0.545455,0.0,0,17,9000.0,1258.396242,0.333333,11
46.804861,1.0,443.3,0.0,443.3,0.0,1.0,0.0,0.909091,0.0,0,11,1000.0,401.588397,0.888889,11
284.34843,0.545455,0.0,0.0,0.0,651.58766,0.0,0.0,0.0,0.090909,1,0,1500.0,429.615048,0.0,11
8.820603,0.636364,124.0,0.0,124.0,0.0,0.545455,0.0,0.454545,0.0,0,6,1000.0,193.804464,1.0,11
24.680177,1.0,265.0,0.0,265.0,0.0,0.818182,0.0,0.727273,0.0,0,9,1000.0,275.28379,1.0,11
2585.246439,0.909091,338.0,0.0,338.0,0.0,0.545455,0.0,0.454545,0.0,0,6,9000.0,866.276894,0.0,11
31.050921,1.0,446.05,0.0,446.05,0.0,1.0,0.0,0.909091,0.0,0,11,1000.0,387.745745,1.0,11
35.836652,1.0,202.4,0.0,202.4,0.0,1.0,0.0,0.909091,0.0,0,11,1000.0,203.624113,0.333333,11
2532.816831,1.0,0.0,0.0,0.0,2640.226004,0.0,0.0,0.0,0.25,5,0,3000.0,367.673648,0.0,8
80.49308,0.3,500.0,500.0,0.0,544.979339,0.3,0.3,0.0,0.2,6,3,1200.0,1333.048559,0.5,10
525.143055,0.571429,0.0,0.0,0.0,1019.874229,0.0,0.0,0.0,0.142857,4,0,1200.0,200.10608,0.0,7
634.514354,0.909091,0.0,0.0,0.0,1682.137421,0.0,0.0,0.0,0.636364,12,0,1500.0,2162.277429,0.125,11
50.506095,0.909091,590.0,0.0,590.0,0.0,0.909091,0.0,0.818182,0.0,0,10,1500.0,540.42527,0.777778,11
459.812734,1.0,0.0,0.0,0.0,489.495254,0.0,0.0,0.0,0.1,1,0,500.0,144.047038,0.0,10
9.298409,0.909091,107.6,0.0,107.6,0.0,0.909091,0.0,0.818182,0.0,0,10,1000.0,89.868853,0.428571,11
4.358863,0.181818,70.0,70.0,0.0,0.0,0.090909,0.090909,0.0,0.0,0,1,500.0,363.248976,0.0,11
2133.665075,0.9,320.0,320.0,0.0,2271.859787,0.1,0.1,0.0,0.2,9,2,2500.0,756.60668,0.0,10
93.972736,0.909091,562.5,0.0,562.5,0.0,0.909091,0.0,0.818182,0.0,0,10,1000.0,433.860714,0.25,11
23.065122,0.7,150.0,0.0,150.0,0.0,0.5,0.0,0.4,0.0,0,5,1500.0,229.736383,1.0,10
133.099445,1.0,1170.0,0.0,1170.0,0.0,1.0,0.0,0.9,0.0,0,12,1000.0,1068.502534,0.444444,10
857.273285,1.0,0.0,0.0,0.0,862.389125,0.0,0.0,0.0,0.1,1,0,1000.0,93.209082,0.0,10
341.982418,0.8,573.2,228.1,345.1,191.180571,0.6,0.2,0.4,0.2,2,10,500.0,500.641105,0.0,10
218.890208,0.6,0.0,0.0,0.0,447.102858,0.0,0.0,0.0,0.3,4,0,500.0,58.883172,0.0,10
1176.365274,0.833333,635.02,348.46,286.56,1937.399142,0.833333,0.833333,0.5,0.666667,12,18,2400.0,549.873076,0.0,6
0.275257,0.2,0.0,0.0,0.0,328.452659,0.0,0.0,0.0,0.1,1,0,1200.0,1145.101275,1.0,10
59.101573,1.0,786.0,0.0,786.0,0.0,1.0,0.0,0.9,0.0,0,12,1000.0,664.05977,1.0,10
1478.089943,0.8,245.01,245.01,0.0,4377.526126,0.1,0.1,0.0,0.6,22,1,2500.0,3168.779374,0.0,10
863.988978,0.555556,160.8,0.0,160.8,2259.94053,0.555556,0.0,0.444444,0.333333,3,5,3000.0,216.340896,0.0,9
97.707192,0.833333,634.55,0.0,634.55,0.0,0.833333,0.0,0.666667,0.0,0,10,1000.0,561.460058,1.0,6
29.057803,1.0,163.4,0.0,163.4,0.0,1.0,0.0,0.9,0.0,0,10,1500.0,110.737985,0.25,10
6.603005,0.5,429.0,0.0,429.0,0.0,0.7,0.0,0.6,0.0,0,14,1000.0,493.326423,0.0,10
10.920026,1.0,95.6,0.0,95.6,0.0,1.0,0.0,0.9,0.0,0,10,1000.0,78.092423,0.571429,10
275.02095,1.0,1943.0,1943.0,0.0,0.0,0.6,0.6,0.0,0.0,0,9,500.0,1438.120632,0.555556,10
427.90589,0.9,0.0,0.0,0.0,1093.566482,0.0,0.0,0.0,0.3,6,0,1200.0,127.378323,0.0,10
677.466332,1.0,283.3,0.0,283.3,668.675103,1.0,0.0,0.9,0.1,4,10,1000.0,0.0,0.0,10
1704.571464,0.8,0.0,0.0,0.0,4826.892774,0.0,0.0,0.0,0.3,12,0,5000.0,573.683142,0.0,10
358.792227,0.75,397.8,344.8,53.0,301.920199,0.5,0.25,0.25,0.5,8,7,500.0,316.143862,0.0,8
25.679113,0.9,379.0,0.0,379.0,0.0,0.9,0.0,0.8,0.0,0,9,1000.0,354.062545,1.0,10
31.734061,0.7,95.0,95.0,0.0,0.0,0.1,0.1,0.0,0.0,0,1,500.0,122.185607,0.0,10
385.462843,0.9,427.1,50.0,377.1,809.585272,0.9,0.1,0.8,0.5,6,25,1000.0,343.125132,0.0,10
5.721468,0.9,83.43,0.0,83.43,0.0,0.9,0.0,0.8,0.0,0,9,1500.0,78.559954,0.375,10
28.277795,1.0,394.8,44.8,350.0,0.0,1.0,0.1,0.9,0.0,0,11,1000.0,351.266319,1.0,10
168.516873,0.666667,364.8,364.8,0.0,0.0,0.333333,0.333333,0.0,0.0,0,4,500.0,102.839528,0.0,9
8.54964,0.4,0.0,0.0,0.0,56.339491,0.0,0.0,0.0,0.1,1,0,1200.0,149.13442,0.5,10
3335.053583,0.7,0.0,0.0,0.0,5823.467109,0.0,0.0,0.0,0.3,3,0,7000.0,931.371718,0.0,10
11.25397,0.888889,154.64,0.0,154.64,0.0,0.888889,0.0,0.777778,0.0,0,8,1500.0,123.322205,0.857143,9
195.61275,0.888889,0.0,0.0,0.0,389.515222,0.0,0.0,0.0,0.333333,5,0,500.0,89.146808,0.0,9
873.090183,0.875,60.0,60.0,0.0,2963.80144,0.125,0.125,0.0,0.625,10,1,2000.0,1653.497412,0.333333,8
17.448626,1.0,135.0,0.0,135.0,0.0,1.0,0.0,0.888889,0.0,0,9,1000.0,82.451537,0.0,9
87.704546,1.0,352.83,0.0,352.83,0.0,1.0,0.0,0.888889,0.0,0,12,1000.0,231.563721,0.285714,9
444.183285,0.888889,0.0,0.0,0.0,943.300678,0.0,0.0,0.0,0.444444,6,0,2500.0,251.513626,0.0,9
16.341186,0.666667,207.54,0.0,207.54,0.0,1.0,0.0,0.833333,0.0,0,6,1000.0,126.616901,0.2,6
48.161019,0.777778,318.05,166.8,151.25,0.0,0.444444,0.111111,0.222222,0.0,0,8,1200.0,425.122515,0.0,9
94.307698,1.0,343.99,0.0,343.99,0.0,1.0,0.0,0.888889,0.0,0,17,1000.0,327.62139,0.0,9
65.543866,1.0,522.5,0.0,522.5,0.0,0.666667,0.0,0.444444,0.0,0,6,1500.0,539.012923,1.0,9
88.633107,1.0,450.0,0.0,450.0,0.0,1.0,0.0,0.888889,0.0,0,9,1000.0,333.656186,0.0,9
72.881984,1.0,654.84,460.89,193.95,0.0,1.0,0.888889,0.888889,0.0,0,17,1500.0,580.489782,0.714286,9
33.725413,1.0,388.44,0.0,388.44,0.0,1.0,0.0,0.888889,0.0,0,9,1000.0,317.537207,1.0,9
30.17549,1.0,235.71,0.0,235.71,0.0,1.0,0.0,0.888889,0.0,0,9,1500.0,171.066972,0.857143,9
765.146736,0.5,0.0,0.0,0.0,2907.520964,0.0,0.0,0.0,0.375,13,0,2500.0,1852.897173,0.0,8
17.097059,0.333333,306.25,0.0,306.25,0.0,0.777778,0.0,0.666667,0.0,0,7,1500.0,711.607214,0.25,9
0.271854,0.333333,0.0,0.0,0.0,954.026786,0.0,0.0,0.0,0.166667,3,0,1200.0,2858.138216,1.0,6
324.334482,0.888889,0.0,0.0,0.0,530.188202,0.0,0.0,0.0,0.333333,7,0,500.0,234.651005,0.0,9
7.4726,0.333333,63.4,35.09,28.31,0.0,0.222222,0.111111,0.111111,0.0,0,2,500.0,83.417439,0.0,9
281.877648,0.666667,0.0,0.0,0.0,489.527383,0.0,0.0,0.0,0.111111,1,0,500.0,236.503747,0.0,9
191.37693,1.0,510.0,0.0,780.0,0.0,0.555556,0.0,0.444444,0.0,0,7,1000.0,459.17484,0.0,9
1868.576501,1.0,1337.34,1294.84,42.5,3132.667468,0.833333,0.833333,0.166667,1.0,10,23,3000.0,3236.129237,0.0,6
112.037368,1.0,1006.69,0.0,1006.69,0.0,1.0,0.0,0.888889,0.0,0,11,1000.0,1000.036596,1.0,9
272.624436,0.888889,1843.0,470.0,1373.0,0.0,0.666667,0.111111,0.444444,0.0,0,6,1000.0,1477.357626,0.4,9
2677.842539,1.0,149.8,149.8,0.0,2838.173232,0.142857,0.142857,0.0,0.142857,13,1,3000.0,0.0,0.0,7
3271.424058,0.888889,1173.28,0.0,1173.28,4122.912645,0.888889,0.0,0.777778,0.333333,4,16,5000.0,817.177789,0.0,9
2588.410789,0.888889,787.4,0.0,787.4,3762.650329,0.777778,0.0,0.666667,0.555556,10,17,3000.0,1739.406636,0.0,9
150.56051,0.833333,368.34,368.34,0.0,0.0,0.5,0.5,0.0,0.0,0,4,1200.0,68.244473,0.0,6
35.800325,0.5,0.0,0.0,0.0,109.899622,0.0,0.0,0.0,0.25,2,0,500.0,152.960155,0.0,8
751.590839,0.444444,2000.0,2000.0,0.0,0.0,0.111111,0.111111,0.0,0.0,0,1,2000.0,265.918137,0.0,9
1191.014802,1.0,590.8,590.8,0.0,1040.908414,0.142857,0.142857,0.0,0.142857,3,3,3000.0,476.484106,0.0,7
803.288674,0.5,0.0,0.0,0.0,2560.117599,0.0,0.0,0.0,0.375,9,0,3000.0,302.866454,0.0,8
938.289723,1.0,264.4,0.0,264.4,965.35801,1.0,0.0,0.875,0.125,4,8,1000.0,313.271849,0.0,8
224.69247,0.888889,1112.07,0.0,1112.07,0.0,0.888889,0.0,0.777778,0.0,0,44,1500.0,900.366427,0.0,9
687.004441,1.0,252.0,0.0,252.0,1748.90582,1.0,0.0,0.888889,0.555556,11,9,2000.0,436.870246,0.285714,9
6.992117,0.888889,96.64,0.0,96.64,0.0,0.888889,0.0,0.777778,0.0,0,8,1500.0,88.431789,0.0,9
102.011668,0.888889,799.0,0.0,799.0,0.0,0.444444,0.0,0.333333,0.0,0,6,1000.0,907.540585,1.0,9
928.604797,0.875,0.0,0.0,0.0,1191.746396,0.0,0.0,0.0,0.125,9,0,1200.0,110.077421,0.0,8
16.690388,0.375,123.5,0.0,123.5,0.0,0.375,0.0,0.25,0.0,0,5,1500.0,191.654044,0.0,8
539.162731,0.625,0.0,0.0,0.0,1103.30382,0.0,0.0,0.0,0.125,1,0,1200.0,360.986284,0.0,8
3.833185,0.125,45.0,45.0,0.0,0.0,0.125,0.125,0.0,0.0,0,1,500.0,0.0,0.0,8
49.906438,0.375,0.0,0.0,0.0,555.236585,0.0,0.0,0.0,0.25,2,0,500.0,841.70571,0.25,8
227.220411,1.0,1387.6,288.54,1099.06,107.660394,1.0,0.875,0.875,0.125,1,71,1000.0,1217.473837,0.142857,8
2330.222764,1.0,1320.0,0.0,1320.0,14926.79059,0.428571,0.0,0.285714,0.571429,10,3,10000.0,8157.666434,0.2,7
812.934042,1.0,50.0,50.0,0.0,2185.500596,0.142857,0.142857,0.0,1.0,16,1,3000.0,726.683966,0.0,7
12.784443,0.625,94.71,0.0,94.71,0.0,0.875,0.0,0.75,0.0,0,7,1500.0,144.041664,0.0,8
75.520764,1.0,210.48,0.0,210.48,0.0,1.0,0.0,0.875,0.0,0,8,1000.0,81.986811,0.0,8
45.425151,1.0,360.0,0.0,360.0,0.0,1.0,0.0,0.875,0.0,0,8,1000.0,308.451142,0.666667,8
264.566591,0.375,1150.0,1150.0,0.0,0.0,0.125,0.125,0.0,0.0,0,1,1200.0,3029.380326,0.0,8
1382.936306,0.875,336.0,0.0,336.0,4158.990631,0.875,0.0,0.75,0.125,5,7,4000.0,754.256439,0.6,8
88.439209,0.75,690.4,236.5,453.9,0.0,0.625,0.25,0.5,0.0,0,9,2000.0,585.954634,0.0,8
28.853384,0.625,251.55,60.0,191.55,0.0,0.625,0.125,0.5,0.0,0,8,500.0,147.577454,0.666667,8
63.325286,1.0,246.64,0.0,246.64,0.0,1.0,0.0,0.875,0.0,0,8,1000.0,127.051797,0.0,8
440.613643,1.0,600.0,600.0,0.0,0.0,0.125,0.125,0.0,0.0,0,1,1000.0,215.316424,0.0,8
380.839064,0.857143,0.0,0.0,0.0,703.941544,0.0,0.0,0.0,0.428571,13,0,500.0,321.38201,0.0,7
2171.222526,1.0,791.18,791.18,0.0,2056.60248,0.428571,0.428571,0.0,0.571429,6,8,3000.0,300.088696,0.0,7
100.427621,1.0,793.28,0.0,793.28,0.0,1.0,0.0,0.875,0.0,0,8,1000.0,679.031744,1.0,8
461.45572,1.0,585.0,585.0,0.0,0.0,0.125,0.125,0.0,0.0,0,1,1000.0,258.03263,0.0,8
600.052391,1.0,274.0,0.0,274.0,821.878829,1.0,0.0,0.875,0.5,13,8,1000.0,151.304337,0.0,8
1023.883008,1.0,585.84,0.0,585.84,956.849209,1.0,0.0,0.875,0.125,2,22,1000.0,212.105443,0.0,8
686.623746,1.0,422.21,149.0,273.21,729.332469,1.0,0.333333,0.833333,0.166667,2,11,1000.0,416.560172,0.0,6
16.023788,1.0,207.28,0.0,207.28,0.0,1.0,0.0,0.875,0.0,0,8,1000.0,173.073406,0.714286,8
121.294493,0.75,385.26,385.26,0.0,169.554775,0.5,0.5,0.0,0.125,3,7,500.0,98.225317,0.0,8
55.147722,0.875,163.31,0.0,163.31,0.0,0.875,0.0,0.75,0.0,0,7,1000.0,62.619008,0.0,8
869.328293,0.75,0.0,0.0,0.0,1153.925205,0.0,0.0,0.0,0.125,3,0,1200.0,150.755024,0.0,8
137.744895,1.0,441.0,0.0,441.0,0.0,0.75,0.0,0.625,0.0,0,6,1000.0,169.249683,0.0,8
331.070135,0.75,81.2,81.2,0.0,419.341394,0.125,0.125,0.0,0.25,7,1,500.0,116.761487,0.0,8
2150.940844,1.0,1105.74,0.0,1105.74,2220.336732,1.0,0.0,0.857143,0.142857,7,13,2500.0,631.429223,0.0,7
23.116625,0.125,0.0,0.0,0.0,921.973821,0.0,0.0,0.0,0.25,5,0,500.0,586.173293,0.0,8
931.907808,1.0,1142.12,0.0,1142.12,1113.924335,1.0,0.0,0.857143,0.285714,3,14,1000.0,957.421268,0.0,7
5.911397,0.5,0.0,0.0,0.0,19.712686,0.0,0.0,0.0,0.166667,1,0,500.0,32.355459,0.5,6
28.719231,0.571429,171.0,66.5,104.5,0.0,0.571429,0.142857,0.285714,0.0,0,4,1500.0,88.029232,0.5,7
435.696854,1.0,0.0,0.0,0.0,460.284824,0.0,0.0,0.0,0.285714,4,0,500.0,70.419023,0.0,7
204.440114,1.0,384.81,169.0,215.81,0.0,1.0,0.142857,0.857143,0.0,0,8,1000.0,89.921689,0.0,7
10.665069,1.0,85.89,0.0,85.89,0.0,1.0,0.0,0.857143,0.0,0,7,1000.0,72.475127,0.666667,7
406.590227,1.0,1208.28,796.3,411.98,76.915478,1.0,0.666667,0.833333,0.333333,2,20,2000.0,174.76363,0.0,6
85.936062,1.0,492.03,0.0,492.03,0.0,1.0,0.0,0.857143,0.0,0,7,1000.0,409.433171,1.0,7
17.657534,1.0,180.25,0.0,180.25,0.0,1.0,0.0,0.857143,0.0,0,7,1000.0,151.467378,0.666667,7
2.303628,0.285714,0.0,0.0,0.0,157.253266,0.0,0.0,0.0,0.142857,1,0,500.0,571.965219,0.0,7
367.263145,1.0,280.0,0.0,280.0,254.298735,1.0,0.0,0.857143,0.142857,1,7,1000.0,64.596029,0.0,7
41.781274,1.0,161.46,38.4,123.06,0.0,1.0,0.285714,0.857143,0.0,0,9,1500.0,42.028314,0.2,7
893.949463,0.857143,958.8,958.8,0.0,566.910978,0.571429,0.571429,0.0,0.142857,2,22,1200.0,590.785658,0.0,7
1117.594403,1.0,291.62,0.0,291.62,1596.771919,1.0,0.0,0.857143,0.142857,2,7,2000.0,74.055925,0.0,7
328.686581,1.0,2806.78,2588.53,218.25,0.0,0.857143,0.714286,0.285714,0.0,0,26,1200.0,1796.886852,0.25,7
379.288635,0.714286,550.0,50.0,500.0,388.81823,0.571429,0.142857,0.571429,0.142857,2,6,500.0,509.404913,0.0,7
4.817213,0.285714,0.0,0.0,0.0,38.627907,0.0,0.0,0.0,0.142857,1,0,500.0,51.013461,0.0,7
25.302553,0.714286,176.25,0.0,176.25,0.0,0.714286,0.0,0.571429,0.0,0,5,1500.0,191.78069,0.0,7
379.619245,0.857143,0.0,0.0,0.0,484.443319,0.0,0.0,0.0,0.142857,3,0,500.0,93.745897,0.0,7
34.048983,1.0,181.62,0.0,181.62,0.0,0.857143,0.0,0.714286,0.0,0,6,1500.0,135.187785,0.6,7
466.723482,0.833333,947.21,498.01,449.2,0.0,0.833333,0.333333,0.666667,0.0,0,27,1500.0,38.775803,0.0,6
43.960637,1.0,580.65,0.0,580.65,0.0,1.0,0.0,0.857143,0.0,0,7,1000.0,488.691925,0.833333,7
32.669762,0.571429,340.0,0.0,340.0,0.0,0.571429,0.0,0.428571,0.0,0,8,1000.0,465.400577,1.0,7
134.42288,0.857143,80.7,0.0,80.7,711.669524,0.428571,0.0,0.285714,0.285714,2,3,1000.0,100.048584,0.4,7
2.559461,0.571429,116.1,0.0,116.1,0.0,0.857143,0.0,0.714286,0.0,0,6,1500.0,256.642179,0.5,7
21.357267,1.0,212.87,0.0,212.87,0.0,1.0,0.0,0.857143,0.0,0,7,1000.0,169.713838,1.0,7
641.282519,1.0,750.0,750.0,0.0,0.0,0.142857,0.142857,0.0,0.0,0,1,1000.0,105.582942,0.0,7
356.108694,1.0,465.0,465.0,0.0,0.0,0.142857,0.142857,0.0,0.0,0,1,1000.0,118.775188,0.0,7
30.709172,0.285714,693.42,0.0,693.42,0.0,0.714286,0.0,0.571429,0.0,0,7,1000.0,1154.520085,0.0,7
376.547421,0.857143,520.0,280.0,240.0,1178.402416,0.857143,0.142857,0.714286,0.714286,9,7,1000.0,929.415656,0.2,7
25.688852,1.0,103.32,0.0,103.32,0.0,1.0,0.0,0.833333,0.0,0,6,1500.0,74.507521,0.5,6
181.891981,0.5,0.0,0.0,0.0,1865.191764,0.0,0.0,0.0,0.5,10,0,2000.0,4565.356495,1.0,6
381.341657,1.0,78.0,0.0,78.0,934.808869,1.0,0.0,0.833333,0.666667,16,6,1000.0,143.118373,0.0,6
22.084372,0.833333,173.6,0.0,173.6,0.0,0.5,0.0,0.333333,0.0,0,3,1500.0,209.452538,0.333333,6
1880.817982,1.0,0.0,0.0,0.0,2335.94993,0.0,0.0,0.0,0.333333,5,0,2500.0,221.56819,0.0,6
11.294184,0.666667,155.0,0.0,155.0,0.0,0.666667,0.0,0.5,0.0,0,4,1000.0,149.588599,0.5,6
14.524779,0.333333,152.0,152.0,0.0,0.0,0.333333,0.333333,0.0,0.0,0,2,1500.0,0.0,0.0,6
1055.087681,0.666667,0.0,0.0,0.0,1820.1162,0.0,0.0,0.0,0.333333,2,0,2000.0,54.795084,0.0,6
3.417407,0.5,57.42,0.0,57.42,0.0,1.0,0.0,0.833333,0.0,0,6,1500.0,68.462579,0.0,6
33.812837,1.0,145.98,0.0,145.98,0.0,1.0,0.0,0.833333,0.0,0,6,1500.0,53.676054,0.25,6
486.661842,0.833333,1898.88,939.09,959.79,0.0,0.833333,0.666667,0.666667,0.0,0,24,1200.0,669.03964,0.5,6
7.336804,0.333333,74.0,74.0,0.0,0.0,0.166667,0.166667,0.0,0.0,0,1,3000.0,214.921009,0.0,6
101.564003,1.0,418.59,0.0,418.59,0.0,0.833333,0.0,0.5,0.0,0,5,1000.0,422.538988,0.5,6
53.097361,0.833333,580.0,0.0,580.0,0.0,1.0,0.0,0.833333,0.0,0,6,1500.0,641.303466,0.666667,6
91.639086,1.0,315.2,147.8,167.4,0.0,1.0,0.333333,0.833333,0.0,0,8,1000.0,231.274641,0.25,6
62.320028,1.0,500.0,0.0,500.0,0.0,1.0,0.0,0.833333,0.0,0,6,1000.0,456.745027,1.0,6
371.527312,0.333333,0.0,0.0,0.0,1465.407927,0.0,0.0,0.0,0.166667,5,0,1500.0,0.0,0.0,6
229.540018,1.0,84.0,0.0,84.0,304.951421,1.0,0.0,0.833333,0.333333,4,6,1000.0,124.373736,0.0,6
46.814144,0.833333,235.8,0.0,235.8,0.0,0.833333,0.0,0.666667,0.0,0,6,1500.0,189.090274,0.666667,6
39.552396,1.0,180.0,0.0,180.0,0.0,1.0,0.0,0.833333,0.0,0,6,1000.0,138.20324,1.0,6
735.652303,1.0,619.6,255.62,363.98,546.902403,1.0,0.166667,0.833333,0.166667,5,16,1000.0,106.138603,0.0,6
20.260716,0.833333,110.5,0.0,110.5,0.0,0.666667,0.0,0.5,0.0,0,4,1500.0,161.476789,0.5,6
183.817004,1.0,465.9,0.0,465.9,0.0,1.0,0.0,0.833333,0.0,0,6,1500.0,0.0,0.0,6
108.977282,1.0,712.5,0.0,712.5,0.0,1.0,0.0,0.833333,0.0,0,6,1000.0,605.716356,0.75,6
163.001629,0.666667,0.0,0.0,0.0,274.440466,0.0,0.0,0.0,0.166667,3,0,1000.0,117.738787,0.0,6
78.818407,0.5,0.0,0.0,0.0,1113.186078,0.0,0.0,0.0,0.166667,7,0,1200.0,1397.770131,0.333333,6
728.352548,1.0,734.4,734.4,0.0,239.891038,0.333333,0.333333,0.0,0.166667,2,2,1000.0,72.530037,0.0,6
130.838554,1.0,591.24,0.0,591.24,0.0,1.0,0.0,0.833333,0.0,0,6,1000.0,475.523262,1.0,6
5967.47527,0.833333,214.55,0.0,214.55,8555.409326,0.833333,0.0,0.666667,0.666667,13,5,9000.0,966.202912,0.0,6
40.829749,1.0,113.28,0.0,113.28,0.0,1.0,0.0,0.833333,0.0,0,6,1000.0,94.488828,0.25,6
5.871712,0.5,20.9,20.9,0.0,0.0,0.166667,0.166667,0.0,0.0,0,1,500.0,58.644883,0.0,6
193.571722,0.833333,1012.73,1012.73,0.0,0.0,0.333333,0.333333,0.0,0.0,0,2,4000.0,0.0,0.0,6
28.493517,1.0,291.12,0.0,291.12,0.0,1.0,0.0,0.833333,0.0,0,6,1000.0,325.594462,0.5,6
19.183215,1.0,300.0,0.0,300.0,0.0,1.0,0.0,0.833333,0.0,0,6,1000.0,275.861322,0.0,6
23.398673,0.833333,144.4,0.0,144.4,0.0,0.833333,0.0,0.666667,0.0,0,5,1000.0,81.270775,0.25,6
13.457564,0.833333,0.0,0.0,0.0,36.558778,0.0,0.0,0.0,0.166667,2,0,500.0,52.549959,0.25,6
372.708075,0.666667,1093.25,1093.25,0.0,127.040008,0.666667,0.666667,0.0,0.333333,2,23,1200.0,63.165404,0.0,6
